,date,value
0,2005-08-23,123.41
1,2005-08-24,123.42
2,2005-08-25,123.43
3,2005-08-26,123.51
4,2005-08-27,123.5
5,2005-08-28,123.47
6,2005-08-29,123.44
7,2005-08-30,123.42
8,2005-08-31,123.42
9,2005-09-01,123.42
10,2005-09-02,123.41
11,2005-09-03,123.4
12,2005-09-04,123.4
13,2005-09-05,123.41
14,2005-09-06,123.42
15,2005-09-07,123.42
16,2005-09-08,123.4
17,2005-09-09,123.39
18,2005-09-10,123.37
19,2005-09-11,123.38
20,2005-09-12,123.4
21,2005-09-13,123.51
22,2005-09-14,123.42
23,2005-09-15,123.39
24,2005-09-16,123.39
25,2005-09-17,123.39
26,2005-09-18,123.39
27,2005-09-19,123.4
28,2005-09-20,123.41
29,2005-09-21,123.41
30,2005-09-22,123.31
31,2005-09-23,123.27
32,2005-09-24,123.25
33,2005-09-25,123.26
34,2005-09-26,123.33
35,2005-09-27,123.38
36,2005-09-28,123.38
37,2005-09-29,123.39
38,2005-09-30,123.39
39,2005-10-01,123.4
40,2005-10-02,123.47
41,2005-10-03,123.46
42,2005-10-04,123.45
43,2005-10-05,123.44
44,2005-10-06,123.34
45,2005-10-07,123.32
46,2005-10-08,123.36
47,2005-10-09,123.38
48,2005-10-10,123.39
49,2005-10-11,123.4
50,2005-10-12,123.36
51,2005-10-13,123.3
52,2005-10-14,123.28
53,2005-10-15,123.27
54,2005-10-16,123.29
55,2005-10-17,123.31
56,2005-10-18,123.31
57,2005-10-19,123.33
58,2005-10-20,123.35
59,2005-10-21,123.36
60,2005-10-22,123.38
61,2005-10-23,123.38
62,2005-10-24,123.37
63,2005-10-25,123.37
64,2005-10-26,123.37
65,2005-10-27,123.34
66,2005-10-28,123.05
67,2005-10-29,123.1
68,2005-10-30,123.16
69,2005-10-31,123.21
70,2005-11-01,123.25
71,2005-11-02,123.28
72,2005-11-03,123.3
73,2005-11-04,123.31
74,2005-11-05,123.35
75,2005-11-06,123.35
76,2005-11-07,123.35
77,2005-11-08,123.34
78,2005-11-09,123.34
79,2005-11-10,123.31
80,2005-11-11,123.31
81,2005-11-12,123.32
82,2005-11-13,123.34
83,2005-11-14,123.33
84,2005-11-15,123.34
85,2005-11-16,123.34
86,2005-11-17,123.33
87,2005-11-18,123.32
88,2005-11-19,123.31
89,2005-11-20,123.31
90,2005-11-21,123.31
91,2005-11-22,123.31
92,2005-11-23,123.31
93,2005-11-24,123.31
94,2005-11-25,123.33
95,2005-11-26,123.36
96,2005-11-27,123.36
97,2005-11-28,123.3
98,2005-11-29,123.3
99,2005-11-30,123.31
100,2005-12-01,123.31
101,2005-12-02,123.33
102,2005-12-03,123.34
103,2005-12-04,123.32
104,2005-12-05,123.38
105,2005-12-06,123.39
106,2005-12-07,123.35
107,2005-12-08,123.35
108,2005-12-09,123.34
109,2005-12-10,123.34
110,2005-12-11,123.34
111,2005-12-12,123.34
112,2005-12-13,123.34
113,2005-12-14,123.34
114,2005-12-15,123.35
115,2005-12-16,123.35
116,2005-12-17,123.35
117,2005-12-18,123.35
118,2005-12-19,123.36
119,2005-12-20,123.36
120,2005-12-21,123.36
121,2005-12-22,123.36
122,2005-12-23,123.36
123,2005-12-24,123.37
124,2005-12-25,123.37
125,2005-12-26,123.38
126,2005-12-27,123.39
127,2005-12-28,123.39
128,2005-12-29,123.38
129,2005-12-30,123.38
130,2005-12-31,123.4
131,2006-01-01,123.46
132,2006-01-02,123.43
133,2006-01-03,123.41
134,2006-01-04,123.4
135,2006-01-05,123.4
136,2006-01-06,123.4
137,2006-01-07,123.39
138,2006-01-08,123.39
139,2006-01-09,123.39
140,2006-01-10,123.38
141,2006-01-11,123.39
142,2006-01-12,123.39
143,2006-01-13,123.36
144,2006-01-14,123.32
145,2006-01-15,123.35
146,2006-01-16,123.33
147,2006-01-17,123.26
148,2006-01-18,123.34
149,2006-01-19,123.41
150,2006-01-20,123.41
151,2006-01-21,123.41
152,2006-01-22,123.41
153,2006-01-23,123.3
154,2006-01-24,123.28
155,2006-01-25,123.34
156,2006-01-26,123.38
157,2006-01-27,123.41
158,2006-01-28,123.42
159,2006-01-29,123.44
160,2006-01-30,123.44
161,2006-01-31,123.45
162,2006-02-01,123.45
163,2006-02-02,123.45
164,2006-02-03,123.46
165,2006-02-04,123.46
166,2006-02-05,123.46
167,2006-02-06,123.46
168,2006-02-07,123.46
169,2006-02-08,123.46
170,2006-02-09,123.47
171,2006-02-10,123.46
172,2006-02-11,123.45
173,2006-02-12,123.42
174,2006-02-13,123.41
175,2006-02-14,123.44
176,2006-02-15,123.46
177,2006-02-16,123.49
178,2006-02-17,123.57
179,2006-02-18,123.56
180,2006-02-19,123.56
181,2006-02-20,123.58
182,2006-02-21,123.58
183,2006-02-22,123.56
184,2006-02-23,123.55
185,2006-02-24,123.55
186,2006-02-25,123.55
187,2006-02-26,123.55
188,2006-02-27,123.55
189,2006-02-28,123.55
190,2006-03-01,123.57
191,2006-03-02,123.57
192,2006-03-03,123.58
193,2006-03-04,123.6
194,2006-03-05,123.6
195,2006-03-06,123.59
196,2006-03-07,123.58
197,2006-03-08,123.58
198,2006-03-09,123.58
199,2006-03-10,123.59
200,2006-03-11,123.6
201,2006-03-12,123.6
202,2006-03-13,123.6
203,2006-03-14,123.6
204,2006-03-15,123.6
205,2006-03-16,123.6
206,2006-03-17,123.65
207,2006-03-18,123.66
208,2006-03-19,123.67
209,2006-03-20,123.67
210,2006-03-21,123.67
211,2006-03-22,123.67
212,2006-03-23,123.67
213,2006-03-24,123.66
214,2006-03-25,123.66
215,2006-03-26,123.67
216,2006-03-27,123.67
217,2006-03-28,123.67
218,2006-03-29,123.67
219,2006-03-30,123.67
220,2006-03-31,123.67
221,2006-04-01,123.67
222,2006-04-02,123.67
223,2006-04-03,123.67
224,2006-04-04,123.65
225,2006-04-05,123.64
226,2006-04-06,123.64
227,2006-04-07,123.66
228,2006-04-08,123.67
229,2006-04-09,123.67
230,2006-04-10,123.67
231,2006-04-11,123.62
232,2006-04-12,123.58
233,2006-04-13,123.61
234,2006-04-14,123.65
235,2006-04-15,123.67
236,2006-04-16,123.7
237,2006-04-17,123.72
238,2006-04-18,123.69
239,2006-04-19,123.68
240,2006-04-20,123.67
241,2006-04-21,123.67
242,2006-04-22,123.63
243,2006-04-23,123.64
244,2006-04-24,123.67
245,2006-04-25,123.7
246,2006-04-26,123.71
247,2006-04-27,123.71
248,2006-04-28,123.69
249,2006-04-29,123.66
250,2006-04-30,123.66
251,2006-05-01,123.67
252,2006-05-02,123.68
253,2006-05-03,123.62
254,2006-05-04,123.58
255,2006-05-05,123.58
256,2006-05-06,123.59
257,2006-05-07,123.62
258,2006-05-08,123.65
259,2006-05-09,123.64
260,2006-05-10,123.64
261,2006-05-11,123.67
262,2006-05-12,123.62
263,2006-05-13,123.61
264,2006-05-14,123.63
265,2006-05-15,123.66
266,2006-05-16,123.67
267,2006-05-17,123.68
268,2006-05-18,123.68
269,2006-05-19,123.68
270,2006-05-20,123.69
271,2006-05-21,123.72
272,2006-05-22,123.73
273,2006-05-23,123.71
274,2006-05-24,123.69
275,2006-05-25,123.69
276,2006-05-26,123.69
277,2006-05-27,123.67
278,2006-05-28,123.67
279,2006-05-29,123.68
280,2006-05-30,123.59
281,2006-05-31,123.54
282,2006-06-01,123.58
283,2006-06-02,123.59
284,2006-06-03,123.57
285,2006-06-04,123.57
286,2006-06-05,123.58
287,2006-06-06,123.59
288,2006-06-07,123.6
289,2006-06-08,123.62
290,2006-06-09,123.62
291,2006-06-10,123.63
292,2006-06-11,123.64
293,2006-06-12,123.64
294,2006-06-13,123.63
295,2006-06-14,123.63
296,2006-06-15,123.63
297,2006-06-16,123.64
298,2006-06-17,123.64
299,2006-06-18,123.64
300,2006-06-19,123.63
301,2006-06-20,123.62
302,2006-06-21,123.62
303,2006-06-22,123.6
304,2006-06-23,123.59
305,2006-06-24,123.58
306,2006-06-25,123.58
307,2006-06-26,123.57
308,2006-06-27,123.57
309,2006-06-28,123.57
310,2006-06-29,123.56
311,2006-06-30,123.56
312,2006-07-01,123.55
313,2006-07-02,123.55
314,2006-07-03,123.55
315,2006-07-04,123.55
316,2006-07-05,123.54
317,2006-07-06,123.53
318,2006-07-07,123.53
319,2006-07-08,123.52
320,2006-07-09,123.52
321,2006-07-10,123.51
322,2006-07-11,123.51
323,2006-07-12,123.5
324,2006-07-13,123.5
325,2006-07-14,123.49
326,2006-07-15,123.49
327,2006-07-16,123.49
328,2006-07-17,123.48
329,2006-07-18,123.48
330,2006-07-19,123.48
331,2006-07-20,123.47
332,2006-07-21,123.47
333,2006-07-22,123.46
334,2006-07-23,123.45
335,2006-07-24,123.43
336,2006-07-25,123.43
337,2006-07-26,123.43
338,2006-07-27,123.42
339,2006-07-28,123.45
340,2006-07-29,123.46
341,2006-07-30,123.48
342,2006-07-31,123.47
343,2006-08-01,123.47
344,2006-08-02,123.47
345,2006-08-03,123.47
346,2006-08-04,123.47
347,2006-08-05,123.47
348,2006-08-06,123.47
349,2006-08-07,123.47
350,2006-08-08,123.47
351,2006-08-09,123.47
352,2006-08-10,123.47
353,2006-08-11,123.47
354,2006-08-12,123.47
355,2006-08-13,123.48
356,2006-08-14,123.55
357,2006-08-15,123.57
358,2006-08-16,123.54
359,2006-08-17,123.53
360,2006-08-18,123.54
361,2006-08-19,123.5
362,2006-08-20,123.5
363,2006-08-21,123.5
364,2006-08-22,123.51
365,2006-08-23,123.52
366,2006-08-24,123.52
367,2006-08-25,123.52
368,2006-08-26,123.5
369,2006-08-27,123.47
370,2006-08-28,123.39
371,2006-08-29,123.38
372,2006-08-30,123.35
373,2006-08-31,123.34
374,2006-09-01,123.33
375,2006-09-02,123.33
376,2006-09-03,123.33
377,2006-09-04,123.32
378,2006-09-05,123.32
379,2006-09-06,123.32
380,2006-09-07,123.3
381,2006-09-08,123.27
382,2006-09-09,123.27
383,2006-09-10,123.27
384,2006-09-11,123.27
385,2006-09-12,123.26
386,2006-09-13,123.26
387,2006-09-14,123.26
388,2006-09-15,123.26
389,2006-09-16,123.26
390,2006-09-17,123.25
391,2006-09-18,123.24
392,2006-09-19,123.24
393,2006-09-20,123.23
394,2006-09-21,123.23
395,2006-09-22,123.17
396,2006-09-23,123.15
397,2006-09-24,123.16
398,2006-09-25,123.18
399,2006-09-26,123.19
400,2006-09-27,123.19
401,2006-09-28,123.19
402,2006-09-29,123.15
403,2006-09-30,123.14
404,2006-10-01,123.14
405,2006-10-02,123.14
406,2006-10-03,123.16
407,2006-10-04,123.31
408,2006-10-05,123.3
409,2006-10-06,123.28
410,2006-10-07,123.27
411,2006-10-08,123.26
412,2006-10-09,123.26
413,2006-10-10,123.26
414,2006-10-11,123.23
415,2006-10-12,123.2
416,2006-10-13,123.2
417,2006-10-14,123.2
418,2006-10-15,123.21
419,2006-10-16,123.16
420,2006-10-17,123.15
421,2006-10-18,123.17
422,2006-10-19,123.2
423,2006-10-20,123.2
424,2006-10-21,123.2
425,2006-10-22,123.2
426,2006-10-23,123.22
427,2006-10-24,123.22
428,2006-10-25,123.21
429,2006-10-26,123.1
430,2006-10-27,123.03
431,2006-10-28,123.01
432,2006-10-29,123.04
433,2006-10-30,123.08
434,2006-10-31,123.05
435,2006-11-01,123.08
436,2006-11-02,123.1
437,2006-11-03,123.12
438,2006-11-04,123.12
439,2006-11-05,123.12
440,2006-11-06,123.12
441,2006-11-07,123.12
442,2006-11-08,123.12
443,2006-11-09,123.12
444,2006-11-10,123.12
445,2006-11-11,123.12
446,2006-11-12,123.12
447,2006-11-13,123.12
448,2006-11-14,123.12
449,2006-11-15,123.12
450,2006-11-16,123.12
451,2006-11-17,123.12
452,2006-11-18,123.13
453,2006-11-19,123.13
454,2006-11-20,123.13
455,2006-11-21,123.13
456,2006-11-22,123.15
457,2006-11-23,123.15
458,2006-11-24,123.17
459,2006-11-25,123.21
460,2006-11-26,123.19
461,2006-11-27,123.19
462,2006-11-28,123.18
463,2006-11-29,123.17
464,2006-11-30,123.17
465,2006-12-01,123.17
466,2006-12-02,123.17
467,2006-12-03,123.18
468,2006-12-04,123.2
469,2006-12-05,123.2
470,2006-12-06,123.22
471,2006-12-07,123.16
472,2006-12-08,123.16
473,2006-12-09,123.23
474,2006-12-10,123.23
475,2006-12-11,123.23
476,2006-12-12,123.22
477,2006-12-13,123.22
478,2006-12-14,123.21
479,2006-12-15,123.21
480,2006-12-16,123.21
481,2006-12-17,123.21
482,2006-12-18,123.21
483,2006-12-19,123.21
484,2006-12-20,123.2
485,2006-12-21,123.19
486,2006-12-22,123.19
487,2006-12-23,123.19
488,2006-12-24,123.19
489,2006-12-25,123.19
490,2006-12-26,123.18
491,2006-12-27,123.18
492,2006-12-28,123.18
493,2006-12-29,123.18
494,2006-12-30,123.18
495,2006-12-31,123.18
496,2007-01-01,123.18
497,2007-01-02,123.2
498,2007-01-03,123.18
499,2007-01-04,123.18
500,2007-01-05,123.19
501,2007-01-06,123.2
502,2007-01-07,123.21
503,2007-01-08,123.21
504,2007-01-09,123.22
505,2007-01-10,123.22
506,2007-01-11,123.21
507,2007-01-12,123.21
508,2007-01-13,123.21
509,2007-01-14,123.2
510,2007-01-15,123.2
511,2007-01-16,123.2
512,2007-01-17,123.2
513,2007-01-18,123.21
514,2007-01-19,123.2
515,2007-01-20,123.2
516,2007-01-21,123.21
517,2007-01-22,123.21
518,2007-01-23,123.22
519,2007-01-24,123.23
520,2007-01-25,123.22
521,2007-01-26,123.2
522,2007-01-27,123.2
523,2007-01-28,123.19
524,2007-01-29,123.19
525,2007-01-30,123.2
526,2007-01-31,123.17
527,2007-02-01,123.17
528,2007-02-02,123.17
529,2007-02-03,123.17
530,2007-02-04,123.17
531,2007-02-05,123.17
532,2007-02-06,123.18
533,2007-02-07,123.2
534,2007-02-08,123.21
535,2007-02-09,123.22
536,2007-02-10,123.23
537,2007-02-11,123.23
538,2007-02-12,123.26
539,2007-02-13,123.25
540,2007-02-14,123.25
541,2007-02-15,123.24
542,2007-02-16,123.19
543,2007-02-17,123.15
544,2007-02-18,123.15
545,2007-02-19,123.17
546,2007-02-20,123.13
547,2007-02-21,123.1
548,2007-02-22,123.1
549,2007-02-23,123.14
550,2007-02-24,123.18
551,2007-02-25,123.2
552,2007-02-26,123.23
553,2007-02-27,123.16
554,2007-02-28,123.16
555,2007-03-01,123.2
556,2007-03-02,123.29
557,2007-03-03,123.29
558,2007-03-04,123.28
559,2007-03-05,123.27
560,2007-03-06,123.24
561,2007-03-07,123.24
562,2007-03-08,123.22
563,2007-03-09,123.2
564,2007-03-10,123.1
565,2007-03-11,123.08
566,2007-03-12,123.11
567,2007-03-13,123.13
568,2007-03-14,123.1
569,2007-03-15,123.08
570,2007-03-16,123.09
571,2007-03-17,123.11
572,2007-03-18,123.14
573,2007-03-19,123.2
574,2007-03-20,123.24
575,2007-03-21,123.25
576,2007-03-22,123.25
577,2007-03-23,123.27
578,2007-03-24,123.28
579,2007-03-25,123.29
580,2007-03-26,123.27
581,2007-03-27,123.25
582,2007-03-28,123.2
583,2007-03-29,123.19
584,2007-03-30,123.2
585,2007-03-31,123.23
586,2007-04-01,123.25
587,2007-04-02,123.25
588,2007-04-03,123.26
589,2007-04-04,123.27
590,2007-04-05,123.27
591,2007-04-06,123.27
592,2007-04-07,123.27
593,2007-04-08,123.27
594,2007-04-09,123.27
595,2007-04-10,123.21
596,2007-04-11,123.21
597,2007-04-12,123.21
598,2007-04-13,123.22
599,2007-04-14,123.21
600,2007-04-15,123.2
601,2007-04-16,123.14
602,2007-04-17,123.14
603,2007-04-18,123.16
604,2007-04-19,123.18
605,2007-04-20,123.19
606,2007-04-21,123.19
607,2007-04-22,123.19
608,2007-04-23,123.2
609,2007-04-24,123.2
610,2007-04-25,123.2
611,2007-04-26,123.17
612,2007-04-27,123.13
613,2007-04-28,123.13
614,2007-04-29,123.16
615,2007-04-30,123.15
616,2007-05-01,123.14
617,2007-05-02,123.16
618,2007-05-03,123.16
619,2007-05-04,123.15
620,2007-05-05,123.16
621,2007-05-06,123.16
622,2007-05-07,123.16
623,2007-05-08,123.16
624,2007-05-09,123.14
625,2007-05-10,123.07
626,2007-05-11,123.01
627,2007-05-12,122.95
628,2007-05-13,122.98
629,2007-05-14,123.0
630,2007-05-15,123.0
631,2007-05-16,123.04
632,2007-05-17,123.07
633,2007-05-18,123.11
634,2007-05-19,123.12
635,2007-05-20,123.11
636,2007-05-21,123.11
637,2007-05-22,123.11
638,2007-05-23,123.11
639,2007-05-24,123.12
640,2007-05-25,123.13
641,2007-05-26,123.13
642,2007-05-27,123.16
643,2007-05-28,123.19
644,2007-05-29,123.19
645,2007-05-30,123.19
646,2007-05-31,123.19
647,2007-06-01,123.19
648,2007-06-02,123.19
649,2007-06-03,123.18
650,2007-06-04,123.16
651,2007-06-05,123.16
652,2007-06-06,123.14
653,2007-06-07,123.09
654,2007-06-08,123.07
655,2007-06-09,123.05
656,2007-06-10,123.05
657,2007-06-11,123.06
658,2007-06-12,123.07
659,2007-06-13,123.08
660,2007-06-14,123.08
661,2007-06-15,123.08
662,2007-06-16,123.08
663,2007-06-17,123.08
664,2007-06-18,123.07
665,2007-06-19,123.05
666,2007-06-20,123.05
667,2007-06-21,123.05
668,2007-06-22,123.06
669,2007-06-23,123.09
670,2007-06-24,123.09
671,2007-06-25,123.09
672,2007-06-26,123.09
673,2007-06-27,123.09
674,2007-06-28,123.07
675,2007-06-29,123.07
676,2007-06-30,123.07
677,2007-07-01,123.07
678,2007-07-02,123.07
679,2007-07-03,123.08
680,2007-07-04,123.09
681,2007-07-05,123.09
682,2007-07-06,123.09
683,2007-07-07,123.09
684,2007-07-08,123.09
685,2007-07-09,123.09
686,2007-07-10,123.09
687,2007-07-11,123.12
688,2007-07-12,123.11
689,2007-07-13,123.1
690,2007-07-14,123.09
691,2007-07-15,123.08
692,2007-07-16,123.08
693,2007-07-17,123.07
694,2007-07-18,123.07
695,2007-07-19,123.07
696,2007-07-20,123.09
697,2007-07-21,123.1
698,2007-07-22,123.1
699,2007-07-23,123.1
700,2007-07-24,123.1
701,2007-07-25,123.09
702,2007-07-26,123.09
703,2007-07-27,123.08
704,2007-07-28,123.07
705,2007-07-29,123.07
706,2007-07-30,123.06
707,2007-07-31,123.06
708,2007-08-01,123.06
709,2007-08-02,123.05
710,2007-08-03,123.03
711,2007-08-04,123.02
712,2007-08-05,123.03
713,2007-08-06,123.03
714,2007-08-07,123.03
715,2007-08-08,123.02
716,2007-08-09,123.02
717,2007-08-10,123.03
718,2007-08-11,123.04
719,2007-08-12,123.04
720,2007-08-13,123.07
721,2007-08-14,123.08
722,2007-08-15,123.07
723,2007-08-16,123.05
724,2007-08-17,122.97
725,2007-08-18,122.93
726,2007-08-19,122.97
727,2007-08-20,123.05
728,2007-08-21,123.07
729,2007-08-22,123.05
730,2007-08-23,123.31
731,2007-08-24,123.36
732,2007-08-25,123.3
733,2007-08-26,123.26
734,2007-08-27,123.22
735,2007-08-28,123.18
736,2007-08-29,123.13
737,2007-08-30,123.11
738,2007-08-31,123.1
739,2007-09-01,123.1
740,2007-09-02,123.11
741,2007-09-03,123.12
742,2007-09-04,123.12
743,2007-09-05,123.1
744,2007-09-06,123.08
745,2007-09-07,123.04
746,2007-09-08,123.02
747,2007-09-09,123.05
748,2007-09-10,123.07
749,2007-09-11,123.08
750,2007-09-12,123.08
751,2007-09-13,123.08
752,2007-09-14,123.09
753,2007-09-15,123.09
754,2007-09-16,123.1
755,2007-09-17,123.1
756,2007-09-18,123.1
757,2007-09-19,123.09
758,2007-09-20,123.08
759,2007-09-21,123.06
760,2007-09-22,123.06
761,2007-09-23,123.02
762,2007-09-24,123.02
763,2007-09-25,123.01
764,2007-09-26,122.98
765,2007-09-27,123.01
766,2007-09-28,123.05
767,2007-09-29,123.11
768,2007-09-30,123.11
769,2007-10-01,123.1
770,2007-10-02,123.09
771,2007-10-03,123.09
772,2007-10-04,123.07
773,2007-10-05,123.06
774,2007-10-06,123.06
775,2007-10-07,123.06
776,2007-10-08,123.06
777,2007-10-09,123.05
778,2007-10-10,123.05
779,2007-10-11,123.06
780,2007-10-12,123.06
781,2007-10-13,123.04
782,2007-10-14,123.01
783,2007-10-15,123.0
784,2007-10-16,123.0
785,2007-10-17,122.98
786,2007-10-18,122.96
787,2007-10-19,122.96
788,2007-10-20,122.97
789,2007-10-21,122.98
790,2007-10-22,122.99
791,2007-10-23,123.0
792,2007-10-24,123.0
793,2007-10-25,122.98
794,2007-10-26,122.96
795,2007-10-27,122.93
796,2007-10-28,122.93
797,2007-10-29,122.93
798,2007-10-30,122.95
799,2007-10-31,122.97
800,2007-11-01,122.97
801,2007-11-02,122.97
802,2007-11-03,122.91
803,2007-11-04,122.9
804,2007-11-05,122.87
805,2007-11-06,122.83
806,2007-11-07,122.85
807,2007-11-08,122.87
808,2007-11-09,122.9
809,2007-11-10,122.91
810,2007-11-11,122.92
811,2007-11-12,122.93
812,2007-11-13,122.92
813,2007-11-14,122.92
814,2007-11-15,122.92
815,2007-11-16,122.93
816,2007-11-17,122.93
817,2007-11-18,122.95
818,2007-11-19,122.96
819,2007-11-20,122.97
820,2007-11-21,122.98
821,2007-11-22,122.99
822,2007-11-23,122.98
823,2007-11-24,122.97
824,2007-11-25,122.97
825,2007-11-26,122.97
826,2007-11-27,122.96
827,2007-11-28,122.96
828,2007-11-29,122.97
829,2007-11-30,122.97
830,2007-12-01,122.98
831,2007-12-02,122.99
832,2007-12-03,123.04
833,2007-12-04,123.04
834,2007-12-05,123.02
835,2007-12-06,123.01
836,2007-12-07,123.02
837,2007-12-08,123.04
838,2007-12-09,123.08
839,2007-12-10,123.09
840,2007-12-11,123.07
841,2007-12-12,123.04
842,2007-12-13,123.03
843,2007-12-14,123.03
844,2007-12-15,123.03
845,2007-12-16,123.03
846,2007-12-17,123.03
847,2007-12-18,123.03
848,2007-12-19,123.03
849,2007-12-20,123.03
850,2007-12-21,123.04
851,2007-12-22,123.04
852,2007-12-23,123.04
853,2007-12-24,123.04
854,2007-12-25,123.04
855,2007-12-26,123.04
856,2007-12-27,123.04
857,2007-12-28,123.04
858,2007-12-29,123.04
859,2007-12-30,123.04
860,2007-12-31,123.04
861,2008-01-01,123.04
862,2008-01-02,123.04
863,2008-01-03,123.04
864,2008-01-04,123.04
865,2008-01-05,123.05
866,2008-01-06,123.05
867,2008-01-07,123.05
868,2008-01-08,123.05
869,2008-01-09,123.05
870,2008-01-10,123.05
871,2008-01-11,123.05
872,2008-01-12,123.05
873,2008-01-13,123.05
874,2008-01-14,123.05
875,2008-01-15,123.05
876,2008-01-16,123.05
877,2008-01-17,123.05
878,2008-01-18,123.05
879,2008-01-19,123.04
880,2008-01-20,123.04
881,2008-01-21,123.04
882,2008-01-22,123.04
883,2008-01-23,123.04
884,2008-01-24,123.04
885,2008-01-25,123.04
886,2008-01-26,123.04
887,2008-01-27,123.04
888,2008-01-28,123.04
889,2008-01-29,123.04
890,2008-01-30,123.04
891,2008-01-31,123.05
892,2008-02-01,123.09
893,2008-02-02,123.28
894,2008-02-03,123.28
895,2008-02-04,123.26
896,2008-02-05,123.28
897,2008-02-06,123.3
898,2008-02-07,123.3
899,2008-02-08,123.32
900,2008-02-09,123.35
901,2008-02-10,123.37
902,2008-02-11,123.39
903,2008-02-12,123.41
904,2008-02-13,123.41
905,2008-02-14,123.4
906,2008-02-15,123.41
907,2008-02-16,123.41
908,2008-02-17,123.41
909,2008-02-18,123.43
910,2008-02-19,123.44
911,2008-02-20,123.45
912,2008-02-21,123.46
913,2008-02-22,123.43
914,2008-02-23,123.27
915,2008-02-24,123.15
916,2008-02-25,123.15
917,2008-02-26,123.15
918,2008-02-27,123.15
919,2008-02-28,123.15
920,2008-02-29,123.15
921,2008-03-01,123.17
922,2008-03-02,123.18
923,2008-03-03,123.2
924,2008-03-04,123.21
925,2008-03-05,123.21
926,2008-03-06,123.21
927,2008-03-07,123.21
928,2008-03-08,123.21
929,2008-03-09,123.21
930,2008-03-10,123.21
931,2008-03-11,123.21
932,2008-03-12,123.21
933,2008-03-13,123.21
934,2008-03-14,123.21
935,2008-03-15,123.22
936,2008-03-16,123.22
937,2008-03-17,123.23
938,2008-03-18,123.24
939,2008-03-19,123.24
940,2008-03-20,123.25
941,2008-03-21,123.25
942,2008-03-22,123.25
943,2008-03-23,123.25
944,2008-03-24,123.25
945,2008-03-25,123.26
946,2008-03-26,123.26
947,2008-03-27,123.24
948,2008-03-28,123.25
949,2008-03-29,123.2
950,2008-03-30,123.19
951,2008-03-31,123.19
952,2008-04-01,123.14
953,2008-04-02,123.09
954,2008-04-03,123.11
955,2008-04-04,123.07
956,2008-04-05,123.05
957,2008-04-06,123.12
958,2008-04-07,123.19
959,2008-04-08,123.24
960,2008-04-09,123.27
961,2008-04-10,123.28
962,2008-04-11,123.3
963,2008-04-12,123.3
964,2008-04-13,123.3
965,2008-04-14,123.32
966,2008-04-15,123.31
967,2008-04-16,123.28
968,2008-04-17,123.24
969,2008-04-18,123.31
970,2008-04-19,123.38
971,2008-04-20,123.41
972,2008-04-21,123.46
973,2008-04-22,123.48
974,2008-04-23,123.49
975,2008-04-24,123.5
976,2008-04-25,123.42
977,2008-04-26,123.35
978,2008-04-27,123.35
979,2008-04-28,123.4
980,2008-04-29,123.46
981,2008-04-30,123.49
982,2008-05-01,123.52
983,2008-05-02,123.48
984,2008-05-03,123.45
985,2008-05-04,123.47
986,2008-05-05,123.49
987,2008-05-06,123.45
988,2008-05-07,123.39
989,2008-05-08,123.38
990,2008-05-09,123.38
991,2008-05-10,123.42
992,2008-05-11,123.43
993,2008-05-12,123.44
994,2008-05-13,123.46
995,2008-05-14,123.46
996,2008-05-15,123.47
997,2008-05-16,123.47
998,2008-05-17,123.5
999,2008-05-18,123.55
1000,2008-05-19,123.53
1001,2008-05-20,123.49
1002,2008-05-21,123.44
1003,2008-05-22,123.41
1004,2008-05-23,123.35
1005,2008-05-24,123.34
1006,2008-05-25,123.35
1007,2008-05-26,123.36
1008,2008-05-27,123.36
1009,2008-05-28,123.43
1010,2008-05-29,123.45
1011,2008-05-30,123.45
1012,2008-05-31,123.45
1013,2008-06-01,123.44
1014,2008-06-02,123.44
1015,2008-06-03,123.44
1016,2008-06-04,123.43
1017,2008-06-05,123.36
1018,2008-06-06,123.36
1019,2008-06-07,123.36
1020,2008-06-08,123.38
1021,2008-06-09,123.38
1022,2008-06-10,123.39
1023,2008-06-11,123.38
1024,2008-06-12,123.38
1025,2008-06-13,123.39
1026,2008-06-14,123.4
1027,2008-06-15,123.4
1028,2008-06-16,123.4
1029,2008-06-17,123.39
1030,2008-06-18,123.37
1031,2008-06-19,123.33
1032,2008-06-20,123.32
1033,2008-06-21,123.32
1034,2008-06-22,123.34
1035,2008-06-23,123.35
1036,2008-06-24,123.39
1037,2008-06-25,123.42
1038,2008-06-26,123.39
1039,2008-06-27,123.37
1040,2008-06-28,123.35
1041,2008-06-29,123.35
1042,2008-06-30,123.35
1043,2008-07-01,123.35
1044,2008-07-02,123.35
1045,2008-07-03,123.35
1046,2008-07-04,123.34
1047,2008-07-05,123.34
1048,2008-07-06,123.34
1049,2008-07-07,123.34
1050,2008-07-08,123.34
1051,2008-07-09,123.34
1052,2008-07-10,123.34
1053,2008-07-11,123.33
1054,2008-07-12,123.34
1055,2008-07-13,123.34
1056,2008-07-14,123.33
1057,2008-07-15,123.31
1058,2008-07-16,123.3
1059,2008-07-17,123.3
1060,2008-07-18,123.3
1061,2008-07-19,123.3
1062,2008-07-20,123.29
1063,2008-07-21,123.28
1064,2008-07-22,123.27
1065,2008-07-23,123.27
1066,2008-07-24,123.27
1067,2008-07-25,123.27
1068,2008-07-26,123.26
1069,2008-07-27,123.26
1070,2008-07-28,123.25
1071,2008-07-29,123.25
1072,2008-07-30,123.26
1073,2008-07-31,123.25
1074,2008-08-01,123.25
1075,2008-08-02,123.24
1076,2008-08-03,123.24
1077,2008-08-04,123.23
1078,2008-08-05,123.23
1079,2008-08-06,123.23
1080,2008-08-07,123.23
1081,2008-08-08,123.23
1082,2008-08-09,123.23
1083,2008-08-10,123.23
1084,2008-08-11,123.23
1085,2008-08-12,123.23
1086,2008-08-13,123.22
1087,2008-08-14,123.22
1088,2008-08-15,123.22
1089,2008-08-16,123.21
1090,2008-08-17,123.21
1091,2008-08-18,123.2
1092,2008-08-19,123.2
1093,2008-08-20,123.2
1094,2008-08-21,123.19
1095,2008-08-22,123.19
1096,2008-08-23,123.18
1097,2008-08-24,123.18
1098,2008-08-25,123.18
1099,2008-08-26,123.17
1100,2008-08-27,123.17
1101,2008-08-28,123.16
1102,2008-08-29,123.16
1103,2008-08-30,123.16
1104,2008-08-31,123.15
1105,2008-09-01,123.15
1106,2008-09-02,123.15
1107,2008-09-03,123.14
1108,2008-09-04,123.14
1109,2008-09-05,123.14
1110,2008-09-06,123.14
1111,2008-09-07,123.13
1112,2008-09-08,123.13
1113,2008-09-09,123.13
1114,2008-09-10,123.11
1115,2008-09-11,123.08
1116,2008-09-12,123.07
1117,2008-09-13,123.07
1118,2008-09-14,123.08
1119,2008-09-15,123.08
1120,2008-09-16,123.08
1121,2008-09-17,123.04
1122,2008-09-18,123.02
1123,2008-09-19,123.04
1124,2008-09-20,123.05
1125,2008-09-21,123.05
1126,2008-09-22,123.05
1127,2008-09-23,123.06
1128,2008-09-24,123.06
1129,2008-09-25,123.06
1130,2008-09-26,123.04
1131,2008-09-27,123.03
1132,2008-09-28,123.01
1133,2008-09-29,122.98
1134,2008-09-30,122.98
1135,2008-10-01,122.99
1136,2008-10-02,123.01
1137,2008-10-03,123.01
1138,2008-10-04,123.02
1139,2008-10-05,123.02
1140,2008-10-06,123.02
1141,2008-10-07,123.02
1142,2008-10-08,123.0
1143,2008-10-09,122.97
1144,2008-10-10,122.96
1145,2008-10-11,122.96
1146,2008-10-12,122.96
1147,2008-10-13,122.97
1148,2008-10-14,122.95
1149,2008-10-15,122.93
1150,2008-10-16,122.93
1151,2008-10-17,122.93
1152,2008-10-18,122.93
1153,2008-10-19,122.93
1154,2008-10-20,122.92
1155,2008-10-21,122.91
1156,2008-10-22,122.9
1157,2008-10-23,122.9
1158,2008-10-24,122.9
1159,2008-10-25,122.89
1160,2008-10-26,122.89
1161,2008-10-27,122.89
1162,2008-10-28,123.0
1163,2008-10-29,122.99
1164,2008-10-30,122.99
1165,2008-10-31,122.99
1166,2008-11-01,123.0
1167,2008-11-02,123.0
1168,2008-11-03,123.0
1169,2008-11-04,122.91
1170,2008-11-05,122.88
1171,2008-11-06,122.91
1172,2008-11-07,122.91
1173,2008-11-08,122.93
1174,2008-11-09,122.94
1175,2008-11-10,122.95
1176,2008-11-11,122.97
1177,2008-11-12,122.98
1178,2008-11-13,122.95
1179,2008-11-14,122.9
1180,2008-11-15,122.86
1181,2008-11-16,122.87
1182,2008-11-17,122.9
1183,2008-11-18,122.9
1184,2008-11-19,122.91
1185,2008-11-20,122.87
1186,2008-11-21,122.88
1187,2008-11-22,122.91
1188,2008-11-23,122.92
1189,2008-11-24,122.91
1190,2008-11-25,122.91
1191,2008-11-26,122.91
1192,2008-11-27,122.89
1193,2008-11-28,122.88
1194,2008-11-29,122.89
1195,2008-11-30,122.85
1196,2008-12-01,122.88
1197,2008-12-02,122.88
1198,2008-12-03,122.89
1199,2008-12-04,122.89
1200,2008-12-05,122.91
1201,2008-12-06,122.91
1202,2008-12-07,122.89
1203,2008-12-08,122.9
1204,2008-12-09,122.89
1205,2008-12-10,122.91
1206,2008-12-11,122.95
1207,2008-12-12,122.95
1208,2008-12-13,122.94
1209,2008-12-14,122.94
1210,2008-12-15,122.94
1211,2008-12-16,122.88
1212,2008-12-17,122.9
1213,2008-12-18,122.9
1214,2008-12-19,122.9
1215,2008-12-20,122.9
1216,2008-12-21,122.93
1217,2008-12-22,122.92
1218,2008-12-23,122.92
1219,2008-12-24,122.91
1220,2008-12-25,122.89
1221,2008-12-26,122.92
1222,2008-12-27,122.91
1223,2008-12-28,122.87
1224,2008-12-29,122.86
1225,2008-12-30,122.86
1226,2008-12-31,122.87
1227,2009-01-01,122.87
1228,2009-01-02,122.87
1229,2009-01-03,122.88
1230,2009-01-04,122.88
1231,2009-01-05,122.92
1232,2009-01-06,122.92
1233,2009-01-07,122.91
1234,2009-01-08,122.92
1235,2009-01-09,122.95
1236,2009-01-10,123.0
1237,2009-01-11,122.99
1238,2009-01-12,122.99
1239,2009-01-13,123.01
1240,2009-01-14,122.96
1241,2009-01-15,123.0
1242,2009-01-16,122.92
1243,2009-01-17,122.92
1244,2009-01-18,122.9
1245,2009-01-19,122.91
1246,2009-01-20,122.91
1247,2009-01-21,122.92
1248,2009-01-22,122.91
1249,2009-01-23,122.91
1250,2009-01-24,122.91
1251,2009-01-25,122.92
1252,2009-01-26,122.91
1253,2009-01-27,122.91
1254,2009-01-28,122.93
1255,2009-01-29,122.91
1256,2009-01-30,122.91
1257,2009-01-31,122.91
1258,2009-02-01,122.91
1259,2009-02-02,122.91
1260,2009-02-03,122.91
1261,2009-02-04,122.91
1262,2009-02-05,122.91
1263,2009-02-06,122.91
1264,2009-02-07,122.91
1265,2009-02-08,122.91
1266,2009-02-09,122.91
1267,2009-02-10,122.9
1268,2009-02-11,122.9
1269,2009-02-12,122.9
1270,2009-02-13,122.9
1271,2009-02-14,122.9
1272,2009-02-15,122.9
1273,2009-02-16,122.9
1274,2009-02-17,122.9
1275,2009-02-18,122.9
1276,2009-02-19,122.9
1277,2009-02-20,122.9
1278,2009-02-21,122.87
1279,2009-02-22,122.87
1280,2009-02-23,122.88
1281,2009-02-24,122.85
1282,2009-02-25,122.78
1283,2009-02-26,122.75
1284,2009-02-27,122.74
1285,2009-02-28,122.7
1286,2009-03-01,122.72
1287,2009-03-02,122.75
1288,2009-03-03,122.77
1289,2009-03-04,122.8
1290,2009-03-05,122.85
1291,2009-03-06,122.87
1292,2009-03-07,122.87
1293,2009-03-08,122.87
1294,2009-03-09,122.89
1295,2009-03-10,122.9
1296,2009-03-11,122.91
1297,2009-03-12,122.84
1298,2009-03-13,122.78
1299,2009-03-14,122.75
1300,2009-03-15,122.79
1301,2009-03-16,122.76
1302,2009-03-17,122.74
1303,2009-03-18,122.75
1304,2009-03-19,122.77
1305,2009-03-20,122.8
1306,2009-03-21,122.81
1307,2009-03-22,122.83
1308,2009-03-23,122.84
1309,2009-03-24,122.85
1310,2009-03-25,122.85
1311,2009-03-26,122.88
1312,2009-03-27,122.89
1313,2009-03-28,122.9
1314,2009-03-29,122.91
1315,2009-03-30,122.88
1316,2009-03-31,122.71
1317,2009-04-01,122.71
1318,2009-04-02,122.74
1319,2009-04-03,122.74
1320,2009-04-04,122.72
1321,2009-04-05,122.72
1322,2009-04-06,122.74
1323,2009-04-07,122.77
1324,2009-04-08,122.79
1325,2009-04-09,122.7
1326,2009-04-10,122.68
1327,2009-04-11,122.72
1328,2009-04-12,122.75
1329,2009-04-13,122.78
1330,2009-04-14,122.77
1331,2009-04-15,122.64
1332,2009-04-16,122.63
1333,2009-04-17,122.63
1334,2009-04-18,122.65
1335,2009-04-19,122.67
1336,2009-04-20,122.7
1337,2009-04-21,122.68
1338,2009-04-22,122.67
1339,2009-04-23,122.6
1340,2009-04-24,122.59
1341,2009-04-25,122.6
1342,2009-04-26,122.67
1343,2009-04-27,122.71
1344,2009-04-28,122.7
1345,2009-04-29,122.73
1346,2009-04-30,122.76
1347,2009-05-01,122.78
1348,2009-05-02,122.79
1349,2009-05-03,122.79
1350,2009-05-04,122.79
1351,2009-05-05,122.77
1352,2009-05-06,122.75
1353,2009-05-07,122.69
1354,2009-05-08,122.69
1355,2009-05-09,122.71
1356,2009-05-10,122.73
1357,2009-05-11,122.76
1358,2009-05-12,122.8
1359,2009-05-13,122.81
1360,2009-05-14,122.83
1361,2009-05-15,122.87
1362,2009-05-16,122.87
1363,2009-05-17,122.87
1364,2009-05-18,122.88
1365,2009-05-19,122.88
1366,2009-05-20,122.87
1367,2009-05-21,122.87
1368,2009-05-22,122.88
1369,2009-05-23,122.88
1370,2009-05-24,122.84
1371,2009-05-25,122.83
1372,2009-05-26,122.83
1373,2009-05-27,122.84
1374,2009-05-28,122.84
1375,2009-05-29,122.76
1376,2009-05-30,122.76
1377,2009-05-31,122.79
1378,2009-06-01,122.8
1379,2009-06-02,122.81
1380,2009-06-03,122.81
1381,2009-06-04,122.81
1382,2009-06-05,122.82
1383,2009-06-06,122.82
1384,2009-06-07,122.84
1385,2009-06-08,122.85
1386,2009-06-09,122.85
1387,2009-06-10,122.85
1388,2009-06-11,122.84
1389,2009-06-12,122.84
1390,2009-06-13,122.84
1391,2009-06-14,122.84
1392,2009-06-15,122.83
1393,2009-06-16,122.85
1394,2009-06-17,122.86
1395,2009-06-18,122.86
1396,2009-06-19,122.83
1397,2009-06-20,122.83
1398,2009-06-21,122.83
1399,2009-06-22,122.82
1400,2009-06-23,122.81
1401,2009-06-24,122.81
1402,2009-06-25,122.81
1403,2009-06-26,122.81
1404,2009-06-27,122.79
1405,2009-06-28,122.78
1406,2009-06-29,122.78
1407,2009-06-30,122.76
1408,2009-07-01,122.76
1409,2009-07-02,122.75
1410,2009-07-03,122.74
1411,2009-07-04,122.72
1412,2009-07-05,122.7
1413,2009-07-06,122.7
1414,2009-07-07,122.7
1415,2009-07-08,122.7
1416,2009-07-09,122.7
1417,2009-07-10,122.7
1418,2009-07-11,122.7
1419,2009-07-12,122.69
1420,2009-07-13,122.69
1421,2009-07-14,122.68
1422,2009-07-15,122.67
1423,2009-07-16,122.66
1424,2009-07-17,122.66
1425,2009-07-18,122.66
1426,2009-07-19,122.65
1427,2009-07-20,122.64
1428,2009-07-21,122.63
1429,2009-07-22,122.63
1430,2009-07-23,122.63
1431,2009-07-24,122.65
1432,2009-07-25,122.63
1433,2009-07-26,122.63
1434,2009-07-27,122.63
1435,2009-07-28,122.63
1436,2009-07-29,122.63
1437,2009-07-30,122.62
1438,2009-07-31,122.61
1439,2009-08-01,122.61
1440,2009-08-02,122.61
1441,2009-08-03,122.65
1442,2009-08-04,122.65
1443,2009-08-05,122.64
1444,2009-08-06,122.63
1445,2009-08-07,122.62
1446,2009-08-08,122.61
1447,2009-08-09,122.6
1448,2009-08-10,122.6
1449,2009-08-11,122.58
1450,2009-08-12,122.58
1451,2009-08-13,122.57
1452,2009-08-14,122.55
1453,2009-08-15,122.55
1454,2009-08-16,122.54
1455,2009-08-17,122.53
1456,2009-08-18,122.52
1457,2009-08-19,122.51
1458,2009-08-20,122.42
1459,2009-08-21,122.38
1460,2009-08-22,122.38
1461,2009-08-23,122.39
1462,2009-08-24,122.4
1463,2009-08-25,122.34
1464,2009-08-26,122.34
1465,2009-08-27,122.37
1466,2009-08-28,122.38
1467,2009-08-29,122.39
1468,2009-08-30,122.39
1469,2009-08-31,122.38
1470,2009-09-01,122.37
1471,2009-09-02,122.36
1472,2009-09-03,122.36
1473,2009-09-04,122.37
1474,2009-09-05,122.37
1475,2009-09-06,122.37
1476,2009-09-07,122.37
1477,2009-09-08,122.36
1478,2009-09-09,122.34
1479,2009-09-10,122.34
1480,2009-09-11,122.34
1481,2009-09-12,122.29
1482,2009-09-13,122.29
1483,2009-09-14,122.3
1484,2009-09-15,122.31
1485,2009-09-16,122.32
1486,2009-09-17,122.31
1487,2009-09-18,122.3
1488,2009-09-19,122.29
1489,2009-09-20,122.29
1490,2009-09-21,122.28
1491,2009-09-22,122.27
1492,2009-09-23,122.27
1493,2009-09-24,122.27
1494,2009-09-25,122.27
1495,2009-09-26,122.26
1496,2009-09-27,122.26
1497,2009-09-28,122.24
1498,2009-09-29,122.24
1499,2009-09-30,122.24
1500,2009-10-01,122.24
1501,2009-10-02,122.22
1502,2009-10-03,122.21
1503,2009-10-04,122.21
1504,2009-10-05,122.21
1505,2009-10-06,122.21
1506,2009-10-07,122.21
1507,2009-10-08,122.22
1508,2009-10-09,122.22
1509,2009-10-10,122.22
1510,2009-10-11,122.22
1511,2009-10-12,122.21
1512,2009-10-13,122.21
1513,2009-10-14,122.21
1514,2009-10-15,122.2
1515,2009-10-16,122.2
1516,2009-10-17,122.2
1517,2009-10-18,122.2
1518,2009-10-19,122.16
1519,2009-10-20,122.16
1520,2009-10-21,122.16
1521,2009-10-22,122.18
1522,2009-10-23,122.18
1523,2009-10-24,122.18
1524,2009-10-25,122.18
1525,2009-10-26,122.17
1526,2009-10-27,122.11
1527,2009-10-28,122.11
1528,2009-10-29,122.11
1529,2009-10-30,122.09
1530,2009-10-31,122.06
1531,2009-11-01,122.06
1532,2009-11-02,122.09
1533,2009-11-03,122.15
1534,2009-11-04,122.18
1535,2009-11-05,122.23
1536,2009-11-06,122.23
1537,2009-11-07,122.23
1538,2009-11-08,122.24
1539,2009-11-09,122.23
1540,2009-11-10,122.23
1541,2009-11-11,122.23
1542,2009-11-12,122.22
1543,2009-11-13,122.22
1544,2009-11-14,122.22
1545,2009-11-15,122.23
1546,2009-11-16,122.23
1547,2009-11-17,122.23
1548,2009-11-18,122.26
1549,2009-11-19,122.26
1550,2009-11-20,122.21
1551,2009-11-21,122.15
1552,2009-11-22,122.14
1553,2009-11-23,122.14
1554,2009-11-24,122.15
1555,2009-11-25,122.16
1556,2009-11-26,122.19
1557,2009-11-27,122.2
1558,2009-11-28,122.2
1559,2009-11-29,122.23
1560,2009-11-30,122.26
1561,2009-12-01,122.27
1562,2009-12-02,122.27
1563,2009-12-03,122.27
1564,2009-12-04,122.26
1565,2009-12-05,122.25
1566,2009-12-06,122.26
1567,2009-12-07,122.28
1568,2009-12-08,122.29
1569,2009-12-09,122.29
1570,2009-12-10,122.29
1571,2009-12-11,122.29
1572,2009-12-12,122.3
1573,2009-12-13,122.31
1574,2009-12-14,122.32
1575,2009-12-15,122.34
1576,2009-12-16,122.34
1577,2009-12-17,122.35
1578,2009-12-18,122.36
1579,2009-12-19,122.36
1580,2009-12-20,122.37
1581,2009-12-21,122.38
1582,2009-12-22,122.4
1583,2009-12-23,122.46
1584,2009-12-24,122.47
1585,2009-12-25,122.47
1586,2009-12-26,122.46
1587,2009-12-27,122.44
1588,2009-12-28,122.45
1589,2009-12-29,122.48
1590,2009-12-30,122.5
1591,2009-12-31,122.55
1592,2010-01-01,122.55
1593,2010-01-02,122.55
1594,2010-01-03,122.52
1595,2010-01-04,122.51
1596,2010-01-05,122.51
1597,2010-01-06,122.53
1598,2010-01-07,122.53
1599,2010-01-08,122.53
1600,2010-01-09,122.53
1601,2010-01-10,122.53
1602,2010-01-11,122.53
1603,2010-01-12,122.53
1604,2010-01-13,122.55
1605,2010-01-14,122.56
1606,2010-01-15,122.55
1607,2010-01-16,122.53
1608,2010-01-17,122.54
1609,2010-01-18,122.54
1610,2010-01-19,122.54
1611,2010-01-20,122.55
1612,2010-01-21,122.56
1613,2010-01-22,122.56
1614,2010-01-23,122.56
1615,2010-01-24,122.56
1616,2010-01-25,122.56
1617,2010-01-26,122.56
1618,2010-01-27,122.56
1619,2010-01-28,122.58
1620,2010-01-29,122.63
1621,2010-01-30,122.65
1622,2010-01-31,122.65
1623,2010-02-01,122.65
1624,2010-02-02,122.64
1625,2010-02-03,122.64
1626,2010-02-04,122.63
1627,2010-02-05,122.65
1628,2010-02-06,122.68
1629,2010-02-07,122.68
1630,2010-02-08,122.68
1631,2010-02-09,122.69
1632,2010-02-10,122.69
1633,2010-02-11,122.68
1634,2010-02-12,122.67
1635,2010-02-13,122.66
1636,2010-02-14,122.66
1637,2010-02-15,122.66
1638,2010-02-16,122.67
1639,2010-02-17,122.68
1640,2010-02-18,122.68
1641,2010-02-19,122.68
1642,2010-02-20,122.67
1643,2010-02-21,122.67
1644,2010-02-22,122.66
1645,2010-02-23,122.65
1646,2010-02-24,122.65
1647,2010-02-25,122.63
1648,2010-02-26,122.63
1649,2010-02-27,122.63
1650,2010-02-28,122.62
1651,2010-03-01,122.63
1652,2010-03-02,122.63
1653,2010-03-03,122.57
1654,2010-03-04,122.59
1655,2010-03-05,122.57
1656,2010-03-06,122.59
1657,2010-03-07,122.59
1658,2010-03-08,122.6
1659,2010-03-09,122.58
1660,2010-03-10,122.6
1661,2010-03-11,122.62
1662,2010-03-12,122.63
1663,2010-03-13,122.63
1664,2010-03-14,122.63
1665,2010-03-15,122.64
1666,2010-03-16,122.56
1667,2010-03-17,122.49
1668,2010-03-18,122.54
1669,2010-03-19,122.56
1670,2010-03-20,122.58
1671,2010-03-21,122.6
1672,2010-03-22,122.6
1673,2010-03-23,122.56
1674,2010-03-24,122.58
1675,2010-03-25,122.6
1676,2010-03-26,122.61
1677,2010-03-27,122.64
1678,2010-03-28,122.65
1679,2010-03-29,122.67
1680,2010-03-30,122.7
1681,2010-03-31,122.72
1682,2010-04-01,122.72
1683,2010-04-02,122.66
1684,2010-04-03,122.69
1685,2010-04-04,122.7
1686,2010-04-05,122.7
1687,2010-04-06,122.7
1688,2010-04-07,122.68
1689,2010-04-08,122.65
1690,2010-04-09,122.63
1691,2010-04-10,122.62
1692,2010-04-11,122.58
1693,2010-04-12,122.6
1694,2010-04-13,122.61
1695,2010-04-14,122.62
1696,2010-04-15,122.64
1697,2010-04-16,122.61
1698,2010-04-17,122.59
1699,2010-04-18,122.6
1700,2010-04-19,122.62
1701,2010-04-20,122.63
1702,2010-04-21,122.64
1703,2010-04-22,122.61
1704,2010-04-23,122.62
1705,2010-04-24,122.62
1706,2010-04-25,122.58
1707,2010-04-26,122.59
1708,2010-04-27,122.56
1709,2010-04-28,122.51
1710,2010-04-29,122.49
1711,2010-04-30,122.53
1712,2010-05-01,122.56
1713,2010-05-02,122.58
1714,2010-05-03,122.59
1715,2010-05-04,122.59
1716,2010-05-05,122.6
1717,2010-05-06,122.62
1718,2010-05-07,122.62
1719,2010-05-08,122.63
1720,2010-05-09,122.61
1721,2010-05-10,122.62
1722,2010-05-11,122.6
1723,2010-05-12,122.53
1724,2010-05-13,122.54
1725,2010-05-14,122.55
1726,2010-05-15,122.5
1727,2010-05-16,122.5
1728,2010-05-17,122.42
1729,2010-05-18,122.46
1730,2010-05-19,122.46
1731,2010-05-20,122.46
1732,2010-05-21,122.47
1733,2010-05-22,122.48
1734,2010-05-23,122.49
1735,2010-05-24,122.51
1736,2010-05-25,122.51
1737,2010-05-26,122.52
1738,2010-05-27,122.57
1739,2010-05-28,122.58
1740,2010-05-29,122.56
1741,2010-05-30,122.51
1742,2010-05-31,122.49
1743,2010-06-01,122.5
1744,2010-06-02,122.51
1745,2010-06-03,122.52
1746,2010-06-04,122.52
1747,2010-06-05,122.5
1748,2010-06-06,122.48
1749,2010-06-07,122.49
1750,2010-06-08,122.5
1751,2010-06-09,122.52
1752,2010-06-10,122.56
1753,2010-06-11,122.56
1754,2010-06-12,122.56
1755,2010-06-13,122.52
1756,2010-06-14,122.52
1757,2010-06-15,122.48
1758,2010-06-16,122.49
1759,2010-06-17,122.5
1760,2010-06-18,122.51
1761,2010-06-19,122.51
1762,2010-06-20,122.51
1763,2010-06-21,122.51
1764,2010-06-22,122.48
1765,2010-06-23,122.47
1766,2010-06-24,122.47
1767,2010-06-25,122.4
1768,2010-06-26,122.39
1769,2010-06-27,122.4
1770,2010-06-28,122.4
1771,2010-06-29,122.41
1772,2010-06-30,122.41
1773,2010-07-01,122.41
1774,2010-07-02,122.41
1775,2010-07-03,122.41
1776,2010-07-04,122.4
1777,2010-07-05,122.35
1778,2010-07-06,122.34
1779,2010-07-07,122.34
1780,2010-07-08,122.34
1781,2010-07-09,122.35
1782,2010-07-10,122.35
1783,2010-07-11,122.35
1784,2010-07-12,122.35
1785,2010-07-13,122.36
1786,2010-07-14,122.36
1787,2010-07-15,122.36
1788,2010-07-16,122.36
1789,2010-07-17,122.34
1790,2010-07-18,122.33
1791,2010-07-19,122.32
1792,2010-07-20,122.32
1793,2010-07-21,122.32
1794,2010-07-22,122.32
1795,2010-07-23,122.31
1796,2010-07-24,122.29
1797,2010-07-25,122.28
1798,2010-07-26,122.28
1799,2010-07-27,122.26
1800,2010-07-28,122.26
1801,2010-07-29,122.26
1802,2010-07-30,122.25
1803,2010-07-31,122.24
1804,2010-08-01,122.24
1805,2010-08-02,122.23
1806,2010-08-03,122.22
1807,2010-08-04,122.22
1808,2010-08-05,122.22
1809,2010-08-06,122.22
1810,2010-08-07,122.21
1811,2010-08-08,122.2
1812,2010-08-09,122.19
1813,2010-08-10,122.19
1814,2010-08-11,122.12
1815,2010-08-12,122.06
1816,2010-08-13,122.04
1817,2010-08-14,122.05
1818,2010-08-15,122.16
1819,2010-08-16,122.38
1820,2010-08-17,122.53
1821,2010-08-18,122.52
1822,2010-08-19,122.48
1823,2010-08-20,122.43
1824,2010-08-21,122.35
1825,2010-08-22,122.32
1826,2010-08-23,122.3
1827,2010-08-24,122.37
1828,2010-08-25,122.37
1829,2010-08-26,122.31
1830,2010-08-27,122.35
1831,2010-08-28,122.42
1832,2010-08-29,122.42
1833,2010-08-30,122.42
1834,2010-08-31,122.42
1835,2010-09-01,122.41
1836,2010-09-02,122.4
1837,2010-09-03,122.4
1838,2010-09-04,122.39
1839,2010-09-05,122.27
1840,2010-09-06,122.27
1841,2010-09-07,122.27
1842,2010-09-08,122.27
1843,2010-09-09,122.27
1844,2010-09-10,122.27
1845,2010-09-11,122.25
1846,2010-09-12,122.25
1847,2010-09-13,122.24
1848,2010-09-14,122.24
1849,2010-09-15,122.23
1850,2010-09-16,122.22
1851,2010-09-17,122.22
1852,2010-09-18,122.21
1853,2010-09-19,122.2
1854,2010-09-20,122.19
1855,2010-09-21,122.18
1856,2010-09-22,122.18
1857,2010-09-23,122.17
1858,2010-09-24,122.16
1859,2010-09-25,122.15
1860,2010-09-26,122.14
1861,2010-09-27,122.13
1862,2010-09-28,122.12
1863,2010-09-29,122.11
1864,2010-09-30,122.11
1865,2010-10-01,122.1
1866,2010-10-02,122.1
1867,2010-10-03,122.09
1868,2010-10-04,122.09
1869,2010-10-05,122.09
1870,2010-10-06,122.09
1871,2010-10-07,122.08
1872,2010-10-08,122.08
1873,2010-10-09,122.08
1874,2010-10-10,122.07
1875,2010-10-11,122.07
1876,2010-10-12,122.07
1877,2010-10-13,122.06
1878,2010-10-14,122.06
1879,2010-10-15,122.06
1880,2010-10-16,122.06
1881,2010-10-17,122.05
1882,2010-10-18,122.05
1883,2010-10-19,122.05
1884,2010-10-20,122.04
1885,2010-10-21,122.04
1886,2010-10-22,122.04
1887,2010-10-23,122.04
1888,2010-10-24,122.04
1889,2010-10-25,122.04
1890,2010-10-26,122.04
1891,2010-10-27,122.04
1892,2010-10-28,122.04
1893,2010-10-29,122.04
1894,2010-10-30,122.1
1895,2010-10-31,122.11
1896,2010-11-01,122.12
1897,2010-11-02,122.13
1898,2010-11-03,122.14
1899,2010-11-04,122.15
1900,2010-11-05,122.16
1901,2010-11-06,122.16
1902,2010-11-07,122.17
1903,2010-11-08,122.18
1904,2010-11-09,122.19
1905,2010-11-10,122.2
1906,2010-11-11,122.21
1907,2010-11-12,122.22
1908,2010-11-13,122.22
1909,2010-11-14,122.23
1910,2010-11-15,122.24
1911,2010-11-16,122.25
1912,2010-11-17,122.26
1913,2010-11-18,122.27
1914,2010-11-19,122.28
1915,2010-11-20,122.29
1916,2010-11-21,122.29
1917,2010-11-22,122.3
1918,2010-11-23,122.31
1919,2010-11-24,122.32
1920,2010-11-25,122.33
1921,2010-11-26,122.34
1922,2010-11-27,122.35
1923,2010-11-28,122.36
1924,2010-11-29,122.36
1925,2010-11-30,122.37
1926,2010-12-01,122.38
1927,2010-12-02,122.39
1928,2010-12-03,122.4
1929,2010-12-04,122.41
1930,2010-12-05,122.42
1931,2010-12-06,122.42
1932,2010-12-07,122.43
1933,2010-12-08,122.44
1934,2010-12-09,122.45
1935,2010-12-10,122.46
1936,2010-12-11,122.47
1937,2010-12-12,122.48
1938,2010-12-13,122.49
1939,2010-12-14,122.49
1940,2010-12-15,122.5
1941,2010-12-16,122.51
1942,2010-12-17,122.52
1943,2010-12-18,122.53
1944,2010-12-19,122.54
1945,2010-12-20,122.55
1946,2010-12-21,122.56
1947,2010-12-22,122.56
1948,2010-12-23,122.57
1949,2010-12-24,122.58
1950,2010-12-25,122.59
1951,2010-12-26,122.6
1952,2010-12-27,122.61
1953,2010-12-28,122.62
1954,2010-12-29,122.62
1955,2010-12-30,122.63
1956,2010-12-31,122.64
1957,2011-01-01,122.65
1958,2011-01-02,122.66
1959,2011-01-03,122.67
1960,2011-01-04,122.68
1961,2011-01-05,122.69
1962,2011-01-06,122.69
1963,2011-01-07,122.7
1964,2011-01-08,122.71
1965,2011-01-09,122.72
1966,2011-01-10,122.73
1967,2011-01-11,122.74
1968,2011-01-12,122.75
1969,2011-01-13,122.76
1970,2011-01-14,122.76
1971,2011-01-15,122.77
1972,2011-01-16,122.78
1973,2011-01-17,122.79
1974,2011-01-18,122.8
1975,2011-01-19,122.81
1976,2011-01-20,122.82
1977,2011-01-21,122.82
1978,2011-01-22,122.83
1979,2011-01-23,122.84
1980,2011-01-24,122.85
1981,2011-01-25,122.86
1982,2011-01-26,122.87
1983,2011-01-27,122.86
1984,2011-01-28,122.86
1985,2011-01-29,122.86
1986,2011-01-30,122.86
1987,2011-01-31,122.85
1988,2011-02-01,122.85
1989,2011-02-02,122.85
1990,2011-02-03,122.85
1991,2011-02-04,122.84
1992,2011-02-05,122.84
1993,2011-02-06,122.84
1994,2011-02-07,122.83
1995,2011-02-08,122.83
1996,2011-02-09,122.83
1997,2011-02-10,122.83
1998,2011-02-11,122.82
1999,2011-02-12,122.82
2000,2011-02-13,122.82
2001,2011-02-14,122.82
2002,2011-02-15,122.81
2003,2011-02-16,122.81
2004,2011-02-17,122.81
2005,2011-02-18,122.8
2006,2011-02-19,122.8
2007,2011-02-20,122.8
2008,2011-02-21,122.8
2009,2011-02-22,122.79
2010,2011-02-23,122.79
2011,2011-02-24,122.79
2012,2011-02-25,122.78
2013,2011-02-26,122.78
2014,2011-02-27,122.78
2015,2011-02-28,122.77
2016,2011-03-01,122.77
2017,2011-03-02,122.77
2018,2011-03-03,122.76
2019,2011-03-04,122.76
2020,2011-03-05,122.76
2021,2011-03-06,122.75
2022,2011-03-07,122.75
2023,2011-03-08,122.75
2024,2011-03-09,122.74
2025,2011-03-10,122.74
2026,2011-03-11,122.73
2027,2011-03-12,122.73
2028,2011-03-13,122.73
2029,2011-03-14,122.72
2030,2011-03-15,122.72
2031,2011-03-16,122.71
2032,2011-03-17,122.71
2033,2011-03-18,122.7
2034,2011-03-19,122.7
2035,2011-03-20,122.69
2036,2011-03-21,122.69
2037,2011-03-22,122.69
2038,2011-03-23,122.68
2039,2011-03-24,122.68
2040,2011-03-25,122.67
2041,2011-03-26,122.67
2042,2011-03-27,122.66
2043,2011-03-28,122.66
2044,2011-03-29,122.65
2045,2011-03-30,122.65
2046,2011-03-31,122.64
2047,2011-04-01,122.64
2048,2011-04-02,122.63
2049,2011-04-03,122.63
2050,2011-04-04,122.63
2051,2011-04-05,122.63
2052,2011-04-06,122.63
2053,2011-04-07,122.63
2054,2011-04-08,122.63
2055,2011-04-09,122.63
2056,2011-04-10,122.63
2057,2011-04-11,122.62
2058,2011-04-12,122.62
2059,2011-04-13,122.62
2060,2011-04-14,122.62
2061,2011-04-15,122.62
2062,2011-04-16,122.62
2063,2011-04-17,122.62
2064,2011-04-18,122.62
2065,2011-04-19,122.62
2066,2011-04-20,122.62
2067,2011-04-21,122.62
2068,2011-04-22,122.62
2069,2011-04-23,122.62
2070,2011-04-24,122.61
2071,2011-04-25,122.61
2072,2011-04-26,122.61
2073,2011-04-27,122.61
2074,2011-04-28,122.61
2075,2011-04-29,122.61
2076,2011-04-30,122.61
2077,2011-05-01,122.61
2078,2011-05-02,122.61
2079,2011-05-03,122.6
2080,2011-05-04,122.6
2081,2011-05-05,122.6
2082,2011-05-06,122.6
2083,2011-05-07,122.6
2084,2011-05-08,122.6
2085,2011-05-09,122.6
2086,2011-05-10,122.59
2087,2011-05-11,122.59
2088,2011-05-12,122.59
2089,2011-05-13,122.59
2090,2011-05-14,122.59
2091,2011-05-15,122.59
2092,2011-05-16,122.58
2093,2011-05-17,122.58
2094,2011-05-18,122.58
2095,2011-05-19,122.58
2096,2011-05-20,122.58
2097,2011-05-21,122.58
2098,2011-05-22,122.57
2099,2011-05-23,122.57
2100,2011-05-24,122.57
2101,2011-05-25,122.57
2102,2011-05-26,122.56
2103,2011-05-27,122.56
2104,2011-05-28,122.56
2105,2011-05-29,122.55
2106,2011-05-30,122.55
2107,2011-05-31,122.55
2108,2011-06-01,122.54
2109,2011-06-02,122.54
2110,2011-06-03,122.54
2111,2011-06-04,122.53
2112,2011-06-05,122.53
2113,2011-06-06,122.53
2114,2011-06-07,122.52
2115,2011-06-08,122.52
2116,2011-06-09,122.52
2117,2011-06-10,122.51
2118,2011-06-11,122.51
2119,2011-06-12,122.51
2120,2011-06-13,122.5
2121,2011-06-14,122.5
2122,2011-06-15,122.5
2123,2011-06-16,122.49
2124,2011-06-17,122.49
2125,2011-06-18,122.48
2126,2011-06-19,122.48
2127,2011-06-20,122.48
2128,2011-06-21,122.47
2129,2011-06-22,122.47
2130,2011-06-23,122.47
2131,2011-06-24,122.46
2132,2011-06-25,122.46
2133,2011-06-26,122.46
2134,2011-06-27,122.45
2135,2011-06-28,122.45
2136,2011-06-29,122.45
2137,2011-06-30,122.44
2138,2011-07-01,122.44
2139,2011-07-02,122.43
2140,2011-07-03,122.43
2141,2011-07-04,122.43
2142,2011-07-05,122.42
2143,2011-07-06,122.42
2144,2011-07-07,122.42
2145,2011-07-08,122.46
2146,2011-07-09,122.49
2147,2011-07-10,122.5
2148,2011-07-11,122.5
2149,2011-07-12,122.5
2150,2011-07-13,122.51
2151,2011-07-14,122.5
2152,2011-07-15,122.49
2153,2011-07-16,122.49
2154,2011-07-17,122.49
2155,2011-07-18,122.57
2156,2011-07-19,122.63
2157,2011-07-20,122.69
2158,2011-07-21,122.72
2159,2011-07-22,122.77
2160,2011-07-23,122.75
2161,2011-07-24,122.76
2162,2011-07-25,122.77
2163,2011-07-26,122.8
2164,2011-07-27,122.77
2165,2011-07-28,122.76
2166,2011-07-29,122.76
2167,2011-07-30,122.76
2168,2011-07-31,122.75
2169,2011-08-01,122.74
2170,2011-08-02,122.75
2171,2011-08-03,122.76
2172,2011-08-04,122.78
2173,2011-08-05,122.77
2174,2011-08-06,122.7
2175,2011-08-07,122.66
2176,2011-08-08,122.64
2177,2011-08-09,122.65
2178,2011-08-10,122.65
2179,2011-08-11,122.65
2180,2011-08-12,122.65
2181,2011-08-13,122.65
2182,2011-08-14,122.65
2183,2011-08-15,122.67
2184,2011-08-16,122.66
2185,2011-08-17,122.66
2186,2011-08-18,122.63
2187,2011-08-19,122.58
2188,2011-08-20,122.59
2189,2011-08-21,122.6
2190,2011-08-22,122.68
2191,2011-08-23,122.69
2192,2011-08-24,122.68
2193,2011-08-25,122.68
2194,2011-08-26,122.73
2195,2011-08-27,122.83
2196,2011-08-28,122.75
2197,2011-08-29,122.72
2198,2011-08-30,122.67
2199,2011-08-31,122.64
2200,2011-09-01,122.65
2201,2011-09-02,122.67
2202,2011-09-03,122.66
2203,2011-09-04,122.64
2204,2011-09-05,122.59
2205,2011-09-06,122.59
2206,2011-09-07,122.61
2207,2011-09-08,122.63
2208,2011-09-09,122.61
2209,2011-09-10,122.62
2210,2011-09-11,122.63
2211,2011-09-12,122.63
2212,2011-09-13,122.63
2213,2011-09-14,122.62
2214,2011-09-15,122.62
2215,2011-09-16,122.62
2216,2011-09-17,122.62
2217,2011-09-18,122.62
2218,2011-09-19,122.64
2219,2011-09-20,122.58
2220,2011-09-21,122.55
2221,2011-09-22,122.56
2222,2011-09-23,122.52
2223,2011-09-24,122.53
2224,2011-09-25,122.54
2225,2011-09-26,122.54
2226,2011-09-27,122.54
2227,2011-09-28,122.46
2228,2011-09-29,122.46
2229,2011-09-30,122.48
2230,2011-10-01,122.5
2231,2011-10-02,122.43
2232,2011-10-03,122.43
2233,2011-10-04,122.43
2234,2011-10-05,122.43
2235,2011-10-06,122.44
2236,2011-10-07,122.46
2237,2011-10-08,122.46
2238,2011-10-09,122.46
2239,2011-10-10,122.47
2240,2011-10-11,122.46
2241,2011-10-12,122.45
2242,2011-10-13,122.45
2243,2011-10-14,122.45
2244,2011-10-15,122.43
2245,2011-10-16,122.4
2246,2011-10-17,122.37
2247,2011-10-18,122.36
2248,2011-10-19,122.39
2249,2011-10-20,122.44
2250,2011-10-21,122.4
2251,2011-10-22,122.37
2252,2011-10-23,122.36
2253,2011-10-24,122.4
2254,2011-10-25,122.42
2255,2011-10-26,122.42
2256,2011-10-27,122.39
2257,2011-10-28,122.37
2258,2011-10-29,122.33
2259,2011-10-30,122.32
2260,2011-10-31,122.35
2261,2011-11-01,122.36
2262,2011-11-02,122.37
2263,2011-11-03,122.34
2264,2011-11-04,122.33
2265,2011-11-05,122.35
2266,2011-11-06,122.36
2267,2011-11-07,122.36
2268,2011-11-08,122.37
2269,2011-11-09,122.36
2270,2011-11-10,122.36
2271,2011-11-11,122.37
2272,2011-11-12,122.37
2273,2011-11-13,122.36
2274,2011-11-14,122.27
2275,2011-11-15,122.26
2276,2011-11-16,122.21
2277,2011-11-17,122.19
2278,2011-11-18,122.18
2279,2011-11-19,122.15
2280,2011-11-20,122.15
2281,2011-11-21,122.18
2282,2011-11-22,122.2
2283,2011-11-23,122.2
2284,2011-11-24,122.19
2285,2011-11-25,122.19
2286,2011-11-26,122.19
2287,2011-11-27,122.19
2288,2011-11-28,122.19
2289,2011-11-29,122.2
2290,2011-11-30,122.2
2291,2011-12-01,122.2
2292,2011-12-02,122.23
2293,2011-12-03,122.23
2294,2011-12-04,122.25
2295,2011-12-05,122.27
2296,2011-12-06,122.3
2297,2011-12-07,122.28
2298,2011-12-08,122.27
2299,2011-12-09,122.26
2300,2011-12-10,122.31
2301,2011-12-11,122.35
2302,2011-12-12,122.35
2303,2011-12-13,122.4
2304,2011-12-14,122.4
2305,2011-12-15,122.41
2306,2011-12-16,122.42
2307,2011-12-17,122.53
2308,2011-12-18,122.49
2309,2011-12-19,122.49
2310,2011-12-20,122.49
2311,2011-12-21,122.52
2312,2011-12-22,122.53
2313,2011-12-23,122.5
2314,2011-12-24,122.49
2315,2011-12-25,122.49
2316,2011-12-26,122.47
2317,2011-12-27,122.47
2318,2011-12-28,122.5
2319,2011-12-29,122.48
2320,2011-12-30,122.51
2321,2011-12-31,122.53
2322,2012-01-01,122.56
2323,2012-01-02,122.58
2324,2012-01-03,122.57
2325,2012-01-04,122.63
2326,2012-01-05,122.67
2327,2012-01-06,122.69
2328,2012-01-07,122.69
2329,2012-01-08,122.69
2330,2012-01-09,122.68
2331,2012-01-10,122.67
2332,2012-01-11,122.65
2333,2012-01-12,122.66
2334,2012-01-13,122.66
2335,2012-01-14,122.65
2336,2012-01-15,122.67
2337,2012-01-16,122.71
2338,2012-01-17,122.7
2339,2012-01-18,122.66
2340,2012-01-19,122.65
2341,2012-01-20,122.69
2342,2012-01-21,122.71
2343,2012-01-22,122.77
2344,2012-01-23,122.77
2345,2012-01-24,122.76
2346,2012-01-25,122.76
2347,2012-01-26,122.76
2348,2012-01-27,122.77
2349,2012-01-28,122.76
2350,2012-01-29,122.73
2351,2012-01-30,122.77
2352,2012-01-31,122.76
2353,2012-02-01,122.75
2354,2012-02-02,122.72
2355,2012-02-03,122.73
2356,2012-02-04,122.71
2357,2012-02-05,122.72
2358,2012-02-06,122.76
2359,2012-02-07,122.76
2360,2012-02-08,122.77
2361,2012-02-09,122.76
2362,2012-02-10,122.78
2363,2012-02-11,122.75
2364,2012-02-12,122.77
2365,2012-02-13,122.79
2366,2012-02-14,122.8
2367,2012-02-15,122.77
2368,2012-02-16,122.78
2369,2012-02-17,122.75
2370,2012-02-18,122.76
2371,2012-02-19,122.76
2372,2012-02-20,122.73
2373,2012-02-21,122.73
2374,2012-02-22,122.7
2375,2012-02-23,122.73
2376,2012-02-24,122.72
2377,2012-02-25,122.72
2378,2012-02-26,122.71
2379,2012-02-27,122.72
2380,2012-02-28,122.69
2381,2012-02-29,122.67
2382,2012-03-01,122.64
2383,2012-03-02,122.61
2384,2012-03-03,122.61
2385,2012-03-04,122.62
2386,2012-03-05,122.65
2387,2012-03-06,122.65
2388,2012-03-07,122.63
2389,2012-03-08,122.63
2390,2012-03-09,122.61
2391,2012-03-10,122.58
2392,2012-03-11,122.56
2393,2012-03-12,122.44
2394,2012-03-13,122.41
2395,2012-03-14,122.47
2396,2012-03-15,122.48
2397,2012-03-16,122.47
2398,2012-03-17,122.47
2399,2012-03-18,122.52
2400,2012-03-19,122.54
2401,2012-03-20,122.52
2402,2012-03-21,122.51
2403,2012-03-22,122.45
2404,2012-03-23,122.41
2405,2012-03-24,122.41
2406,2012-03-25,122.41
2407,2012-03-26,122.43
2408,2012-03-27,122.44
2409,2012-03-28,122.42
2410,2012-03-29,122.42
2411,2012-03-30,122.41
2412,2012-03-31,122.44
2413,2012-04-01,122.47
2414,2012-04-02,122.44
2415,2012-04-03,122.45
2416,2012-04-04,122.47
2417,2012-04-05,122.49
2418,2012-04-06,122.48
2419,2012-04-07,122.45
2420,2012-04-08,122.44
2421,2012-04-09,122.42
2422,2012-04-10,122.41
2423,2012-04-11,122.46
2424,2012-04-12,122.47
2425,2012-04-13,122.33
2426,2012-04-14,122.3
2427,2012-04-15,122.31
2428,2012-04-16,122.23
2429,2012-04-17,122.25
2430,2012-04-18,122.29
2431,2012-04-19,122.33
2432,2012-04-20,122.29
2433,2012-04-21,122.32
2434,2012-04-22,122.37
2435,2012-04-23,122.39
2436,2012-04-24,122.43
2437,2012-04-25,122.49
2438,2012-04-26,122.53
2439,2012-04-27,122.57
2440,2012-04-28,122.57
2441,2012-04-29,122.59
2442,2012-04-30,122.45
2443,2012-05-01,122.43
2444,2012-05-02,122.47
2445,2012-05-03,122.51
2446,2012-05-04,122.48
2447,2012-05-05,122.5
2448,2012-05-06,122.5
2449,2012-05-07,122.55
2450,2012-05-08,122.59
2451,2012-05-09,122.62
2452,2012-05-10,122.59
2453,2012-05-11,122.56
2454,2012-05-12,122.55
2455,2012-05-13,122.57
2456,2012-05-14,122.59
2457,2012-05-15,122.61
2458,2012-05-16,122.62
2459,2012-05-17,122.63
2460,2012-05-18,122.65
2461,2012-05-19,122.65
2462,2012-05-20,122.67
2463,2012-05-21,122.68
2464,2012-05-22,122.74
2465,2012-05-23,122.73
2466,2012-05-24,122.71
2467,2012-05-25,122.72
2468,2012-05-26,122.73
2469,2012-05-27,122.73
2470,2012-05-28,122.73
2471,2012-05-29,122.73
2472,2012-05-30,122.7
2473,2012-05-31,122.66
2474,2012-06-01,122.65
2475,2012-06-02,122.65
2476,2012-06-03,122.66
2477,2012-06-04,122.66
2478,2012-06-05,122.66
2479,2012-06-06,122.67
2480,2012-06-07,122.68
2481,2012-06-08,122.68
2482,2012-06-09,122.66
2483,2012-06-10,122.66
2484,2012-06-11,122.67
2485,2012-06-12,122.67
2486,2012-06-13,122.65
2487,2012-06-14,122.65
2488,2012-06-15,122.65
2489,2012-06-16,122.65
2490,2012-06-17,122.67
2491,2012-06-18,122.67
2492,2012-06-19,122.67
2493,2012-06-20,122.67
2494,2012-06-21,122.71
2495,2012-06-22,122.79
2496,2012-06-23,122.81
2497,2012-06-24,122.8
2498,2012-06-25,122.78
2499,2012-06-26,122.76
2500,2012-06-27,122.75
2501,2012-06-28,122.77
2502,2012-06-29,122.77
2503,2012-06-30,122.76
2504,2012-07-01,122.74
2505,2012-07-02,122.73
2506,2012-07-03,122.73
2507,2012-07-04,122.73
2508,2012-07-05,122.76
2509,2012-07-06,122.87
2510,2012-07-07,122.87
2511,2012-07-08,122.85
2512,2012-07-09,122.83
2513,2012-07-10,122.81
2514,2012-07-11,122.8
2515,2012-07-12,122.79
2516,2012-07-13,122.79
2517,2012-07-14,122.82
2518,2012-07-15,122.91
2519,2012-07-16,122.89
2520,2012-07-17,122.86
2521,2012-07-18,122.86
2522,2012-07-19,122.86
2523,2012-07-20,122.85
2524,2012-07-21,122.84
2525,2012-07-22,122.82
2526,2012-07-23,122.81
2527,2012-07-24,122.81
2528,2012-07-25,122.81
2529,2012-07-26,122.8
2530,2012-07-27,122.8
2531,2012-07-28,122.8
2532,2012-07-29,122.79
2533,2012-07-30,122.78
2534,2012-07-31,122.77
2535,2012-08-01,122.77
2536,2012-08-02,122.77
2537,2012-08-04,122.74
2538,2012-08-05,122.72
2539,2012-08-06,122.71
2540,2012-08-07,122.69
2541,2012-08-08,122.68
2542,2012-08-09,122.67
2543,2012-08-10,122.66
2544,2012-08-11,122.65
2545,2012-08-12,122.64
2546,2012-08-13,122.63
2547,2012-08-14,122.63
2548,2012-08-15,122.62
2549,2012-08-16,122.62
2550,2012-08-17,122.62
2551,2012-08-18,122.62
2552,2012-08-19,122.62
2553,2012-08-20,122.62
2554,2012-08-21,122.62
2555,2012-08-22,122.61
2556,2012-08-23,122.6
2557,2012-08-24,122.59
2558,2012-08-25,122.58
2559,2012-08-26,122.57
2560,2012-08-27,122.56
2561,2012-08-28,122.56
2562,2012-08-29,122.55
2563,2012-08-30,122.54
2564,2012-08-31,122.53
2565,2012-09-01,122.52
2566,2012-09-02,122.51
2567,2012-09-03,122.51
2568,2012-09-04,122.5
2569,2012-09-05,122.49
2570,2012-09-06,122.48
2571,2012-09-07,122.47
2572,2012-09-08,122.46
2573,2012-09-09,122.46
2574,2012-09-10,122.45
2575,2012-09-11,122.44
2576,2012-09-12,122.43
2577,2012-09-13,122.43
2578,2012-09-14,122.43
2579,2012-09-15,122.43
2580,2012-09-16,122.43
2581,2012-09-17,122.43
2582,2012-09-18,122.43
2583,2012-09-19,122.43
2584,2012-09-20,122.43
2585,2012-09-21,122.43
2586,2012-09-22,122.43
2587,2012-09-23,122.43
2588,2012-09-24,122.43
2589,2012-09-25,122.42
2590,2012-09-26,122.42
2591,2012-09-27,122.42
2592,2012-09-28,122.42
2593,2012-09-29,122.42
2594,2012-09-30,122.42
2595,2012-10-01,122.42
2596,2012-10-02,122.42
2597,2012-10-03,122.41
2598,2012-10-04,122.41
2599,2012-10-05,122.41
2600,2012-10-06,122.41
2601,2012-10-07,122.41
2602,2012-10-08,122.41
2603,2012-10-09,122.41
2604,2012-10-10,122.41
2605,2012-10-11,122.41
2606,2012-10-12,122.41
2607,2012-10-13,122.41
2608,2012-10-14,122.39
2609,2012-10-15,122.49
2610,2012-10-16,122.49
2611,2012-10-17,122.49
2612,2012-10-18,122.49
2613,2012-10-19,122.49
2614,2012-10-20,122.49
2615,2012-10-21,122.49
2616,2012-10-22,122.49
2617,2012-10-23,122.49
2618,2012-10-24,122.48
2619,2012-10-25,122.48
2620,2012-10-26,122.51
2621,2012-10-27,122.52
2622,2012-10-28,122.52
2623,2012-10-29,122.52
2624,2012-10-30,122.52
2625,2012-10-31,122.52
2626,2012-11-01,122.53
2627,2012-11-02,122.53
2628,2012-11-03,122.53
2629,2012-11-04,122.53
2630,2012-11-05,122.53
2631,2012-11-06,122.54
2632,2012-11-07,122.54
2633,2012-11-08,122.54
2634,2012-11-09,122.54
2635,2012-11-10,122.54
2636,2012-11-11,122.55
2637,2012-11-12,122.55
2638,2012-11-13,122.55
2639,2012-11-14,122.55
2640,2012-11-15,122.55
2641,2012-11-16,122.56
2642,2012-11-17,122.56
2643,2012-11-18,122.56
2644,2012-11-19,122.56
2645,2012-11-20,122.56
2646,2012-11-21,122.53
2647,2012-11-22,122.53
2648,2012-11-23,122.53
2649,2012-11-24,122.53
2650,2012-11-25,122.53
2651,2012-11-26,122.53
2652,2012-11-27,122.53
2653,2012-11-28,122.53
2654,2012-11-29,122.53
2655,2012-11-30,122.53
2656,2012-12-01,122.53
2657,2012-12-02,122.53
2658,2012-12-03,122.53
2659,2012-12-04,122.53
2660,2012-12-05,122.53
2661,2012-12-06,122.53
2662,2012-12-07,122.53
2663,2012-12-08,122.53
2664,2012-12-09,122.53
2665,2012-12-10,122.53
2666,2012-12-11,122.53
2667,2012-12-12,122.53
2668,2012-12-13,122.53
2669,2012-12-14,122.53
2670,2012-12-15,122.53
2671,2012-12-16,122.53
2672,2012-12-17,122.53
2673,2012-12-18,122.53
2674,2012-12-19,122.54
2675,2012-12-20,122.54
2676,2012-12-21,122.54
2677,2012-12-22,122.55
2678,2012-12-23,122.55
2679,2012-12-24,122.56
2680,2012-12-25,122.56
2681,2012-12-26,122.56
2682,2012-12-27,122.57
2683,2012-12-28,122.57
2684,2012-12-29,122.58
2685,2012-12-30,122.58
2686,2012-12-31,122.58
2687,2013-01-01,122.59
2688,2013-01-02,122.59
2689,2013-01-03,122.6
2690,2013-01-04,122.6
2691,2013-01-05,122.61
2692,2013-01-06,122.61
2693,2013-01-07,122.61
2694,2013-01-08,122.62
2695,2013-01-09,122.62
2696,2013-01-10,122.63
2697,2013-01-11,122.63
2698,2013-01-12,122.63
2699,2013-01-13,122.64
2700,2013-01-14,122.64
2701,2013-01-15,122.65
2702,2013-01-16,122.65
2703,2013-01-17,122.65
2704,2013-01-18,122.66
2705,2013-01-19,122.66
2706,2013-01-20,122.67
2707,2013-01-21,122.67
2708,2013-01-22,122.67
2709,2013-01-23,122.68
2710,2013-01-24,122.68
2711,2013-01-25,122.69
2712,2013-01-26,122.69
2713,2013-01-27,122.69
2714,2013-01-28,122.7
2715,2013-01-29,122.7
2716,2013-01-30,122.71
2717,2013-01-31,122.71
2718,2013-02-01,122.71
2719,2013-02-02,122.72
2720,2013-02-03,122.72
2721,2013-02-04,122.73
2722,2013-02-05,122.73
2723,2013-02-06,122.73
2724,2013-02-07,122.74
2725,2013-02-08,122.74
2726,2013-02-09,122.75
2727,2013-02-10,122.75
2728,2013-02-11,122.75
2729,2013-02-12,122.76
2730,2013-02-13,122.76
2731,2013-02-14,122.77
2732,2013-02-15,122.77
2733,2013-02-16,122.77
2734,2013-02-17,122.78
2735,2013-02-18,122.78
2736,2013-02-19,122.78
2737,2013-02-20,122.79
2738,2013-02-21,122.8
2739,2013-02-22,122.83
2740,2013-02-23,122.86
2741,2013-02-24,122.88
2742,2013-02-25,122.89
2743,2013-02-26,122.91
2744,2013-02-27,122.93
2745,2013-02-28,122.95
2746,2013-03-01,122.97
2747,2013-03-02,122.99
2748,2013-03-03,123.01
2749,2013-03-04,123.03
2750,2013-03-05,123.05
2751,2013-03-06,123.07
2752,2013-03-07,123.09
2753,2013-03-08,123.11
2754,2013-03-09,123.13
2755,2013-03-10,123.15
2756,2013-03-11,123.17
2757,2013-03-12,123.18
2758,2013-03-13,123.2
2759,2013-03-14,123.22
2760,2013-03-15,123.24
2761,2013-03-16,123.05
2762,2013-03-17,123.06
2763,2013-03-18,123.05
2764,2013-03-19,123.04
2765,2013-03-20,123.04
2766,2013-03-21,123.08
2767,2013-03-22,123.02
2768,2013-03-23,123.02
2769,2013-03-24,123.05
2770,2013-03-25,123.07
2771,2013-03-26,123.09
2772,2013-03-27,123.11
2773,2013-03-28,123.12
2774,2013-03-29,123.13
2775,2013-03-30,123.08
2776,2013-03-31,123.08
2777,2013-04-01,123.11
2778,2013-04-02,123.13
2779,2013-04-03,123.13
2780,2013-04-04,123.11
2781,2013-04-05,123.09
2782,2013-04-06,123.07
2783,2013-04-07,123.03
2784,2013-04-08,123.03
2785,2013-04-09,123.06
2786,2013-04-10,123.09
2787,2013-04-11,123.12
2788,2013-04-12,123.17
2789,2013-04-13,123.18
2790,2013-04-14,123.14
2791,2013-04-15,123.08
2792,2013-04-16,123.01
2793,2013-04-17,123.01
2794,2013-04-18,123.0
2795,2013-04-19,123.0
2796,2013-04-20,123.0
2797,2013-04-21,123.03
2798,2013-04-22,123.04
2799,2013-04-23,122.91
2800,2013-04-24,122.82
2801,2013-04-25,122.77
2802,2013-04-26,122.78
2803,2013-04-27,122.86
2804,2013-04-28,122.98
2805,2013-04-29,122.94
2806,2013-04-30,122.94
2807,2013-05-01,123.01
2808,2013-05-02,123.04
2809,2013-05-03,123.04
2810,2013-05-04,123.07
2811,2013-05-05,122.98
2812,2013-05-06,122.98
2813,2013-05-07,123.0
2814,2013-05-08,123.02
2815,2013-05-09,123.06
2816,2013-05-10,123.0
2817,2013-05-11,123.0
2818,2013-05-12,123.03
2819,2013-05-13,123.02
2820,2013-05-14,123.02
2821,2013-05-15,123.02
2822,2013-05-16,123.02
2823,2013-05-17,123.03
2824,2013-05-18,123.03
2825,2013-05-19,123.03
2826,2013-05-20,123.03
2827,2013-05-21,123.04
2828,2013-05-22,123.04
2829,2013-05-23,123.04
2830,2013-05-24,123.04
2831,2013-05-25,123.05
2832,2013-05-26,123.05
2833,2013-05-27,123.05
2834,2013-05-28,123.05
2835,2013-05-29,123.06
2836,2013-05-30,123.06
2837,2013-05-31,123.06
2838,2013-06-01,123.06
2839,2013-06-02,123.06
2840,2013-06-03,123.07
2841,2013-06-04,123.07
2842,2013-06-05,123.07
2843,2013-06-06,123.07
2844,2013-06-07,123.08
2845,2013-06-08,123.08
2846,2013-06-09,123.08
2847,2013-06-10,123.08
2848,2013-06-11,123.09
2849,2013-06-12,123.09
2850,2013-06-13,123.09
2851,2013-06-14,123.09
2852,2013-06-15,123.1
2853,2013-06-16,123.1
2854,2013-06-17,123.1
2855,2013-06-18,123.1
2856,2013-06-19,123.12
2857,2013-06-20,123.23
2858,2013-06-21,123.33
2859,2013-06-22,123.3
2860,2013-06-23,123.28
2861,2013-06-24,123.27
2862,2013-06-25,123.25
2863,2013-06-26,123.22
2864,2013-06-27,123.23
2865,2013-06-28,123.25
2866,2013-06-29,123.27
2867,2013-06-30,123.29
2868,2013-07-01,123.23
2869,2013-07-02,123.23
2870,2013-07-03,123.25
2871,2013-07-04,123.28
2872,2013-07-05,123.25
2873,2013-07-06,123.25
2874,2013-07-07,123.28
2875,2013-07-08,123.27
2876,2013-07-09,123.27
2877,2013-07-10,123.29
2878,2013-07-11,123.29
2879,2013-07-12,123.27
2880,2013-07-13,123.25
2881,2013-07-14,123.24
2882,2013-07-15,123.23
2883,2013-07-16,123.22
2884,2013-07-17,123.22
2885,2013-07-18,123.21
2886,2013-07-19,123.21
2887,2013-07-20,123.18
2888,2013-07-21,123.17
2889,2013-07-22,123.17
2890,2013-07-23,123.19
2891,2013-07-24,123.18
2892,2013-07-25,123.18
2893,2013-07-26,123.19
2894,2013-07-27,123.19
2895,2013-07-28,123.2
2896,2013-07-29,123.18
2897,2013-07-30,123.16
2898,2013-07-31,123.15
2899,2013-08-01,123.14
2900,2013-08-02,123.14
2901,2013-08-03,123.12
2902,2013-08-04,123.11
2903,2013-08-05,123.1
2904,2013-08-06,123.1
2905,2013-08-07,123.1
2906,2013-08-08,123.12
2907,2013-08-09,123.11
2908,2013-08-10,123.02
2909,2013-08-11,123.02
2910,2013-08-12,123.01
2911,2013-08-13,123.02
2912,2013-08-14,123.02
2913,2013-08-15,123.03
2914,2013-08-16,123.03
2915,2013-08-17,123.03
2916,2013-08-18,123.02
2917,2013-08-19,123.01
2918,2013-08-20,123.0
2919,2013-08-21,123.0
2920,2013-08-22,123.0
2921,2013-08-23,123.0
2922,2013-08-24,123.0
2923,2013-08-25,122.98
2924,2013-08-26,122.98
2925,2013-08-27,123.05
2926,2013-08-28,123.09
2927,2013-08-29,123.1
2928,2013-08-30,123.11
2929,2013-08-31,123.1
2930,2013-09-01,123.1
2931,2013-09-02,123.09
2932,2013-09-03,123.09
2933,2013-09-04,123.08
2934,2013-09-05,123.08
2935,2013-09-06,123.08
2936,2013-09-07,123.08
2937,2013-09-08,123.07
2938,2013-09-09,123.07
2939,2013-09-10,123.05
2940,2013-09-11,123.05
2941,2013-09-12,123.05
2942,2013-09-13,123.05
2943,2013-09-14,123.05
2944,2013-09-15,123.11
2945,2013-09-16,123.23
2946,2013-09-17,123.21
2947,2013-09-18,123.2
2948,2013-09-19,123.17
2949,2013-09-20,123.15
2950,2013-09-21,123.13
2951,2013-09-22,123.11
2952,2013-09-23,123.11
2953,2013-09-24,123.11
2954,2013-09-25,123.11
2955,2013-09-26,123.1
2956,2013-09-27,123.1
2957,2013-09-28,123.1
2958,2013-09-29,123.11
2959,2013-09-30,123.08
2960,2013-10-01,123.06
2961,2013-10-02,123.05
2962,2013-10-03,123.05
2963,2013-10-04,123.05
2964,2013-10-05,123.06
2965,2013-10-06,123.08
2966,2013-10-07,122.96
2967,2013-10-08,122.95
2968,2013-10-09,122.96
2969,2013-10-10,123.0
2970,2013-10-11,123.03
2971,2013-10-12,123.05
2972,2013-10-13,123.07
2973,2013-10-14,123.06
2974,2013-10-15,123.08
2975,2013-10-16,123.16
2976,2013-10-17,123.16
2977,2013-10-18,123.03
2978,2013-10-19,123.03
2979,2013-10-20,123.06
2980,2013-10-21,123.08
2981,2013-10-22,123.08
2982,2013-10-23,123.09
2983,2013-10-24,123.05
2984,2013-10-25,123.05
2985,2013-10-26,123.08
2986,2013-10-27,123.19
2987,2013-10-28,123.21
2988,2013-10-29,123.19
2989,2013-10-30,123.1
2990,2013-10-31,123.07
2991,2013-11-01,123.08
2992,2013-11-02,123.13
2993,2013-11-03,123.2
2994,2013-11-04,123.22
2995,2013-11-05,123.25
2996,2013-11-06,123.27
2997,2013-11-07,123.27
2998,2013-11-08,123.27
2999,2013-11-09,123.33
3000,2013-11-10,123.37
3001,2013-11-11,123.44
3002,2013-11-12,123.44
3003,2013-11-13,123.46
3004,2013-11-14,123.48
3005,2013-11-15,123.53
3006,2013-11-16,123.57
3007,2013-11-17,123.61
3008,2013-11-18,123.64
3009,2013-11-19,123.68
3010,2013-11-20,123.61
3011,2013-11-21,123.62
3012,2013-11-22,123.66
3013,2013-11-23,123.67
3014,2013-11-24,123.7
3015,2013-11-25,123.71
3016,2013-11-26,123.91
3017,2013-11-27,123.91
3018,2013-11-28,123.92
3019,2013-11-29,123.93
3020,2013-11-30,123.93
3021,2013-12-01,123.93
3022,2013-12-02,123.93
3023,2013-12-03,123.92
3024,2013-12-04,123.91
3025,2013-12-05,123.91
3026,2013-12-06,123.89
3027,2013-12-07,123.88
3028,2013-12-08,123.87
3029,2013-12-09,123.86
3030,2013-12-10,123.84
3031,2013-12-11,123.83
3032,2013-12-12,123.83
3033,2013-12-13,123.82
3034,2013-12-14,123.81
3035,2013-12-15,123.8
3036,2013-12-16,123.79
3037,2013-12-17,123.79
3038,2013-12-18,123.79
3039,2013-12-19,123.79
3040,2013-12-20,123.76
3041,2013-12-21,123.73
3042,2013-12-22,123.73
3043,2013-12-23,123.74
3044,2013-12-24,123.75
3045,2013-12-25,123.77
3046,2013-12-26,123.79
3047,2013-12-27,123.78
3048,2013-12-28,123.78
3049,2013-12-29,123.84
3050,2013-12-30,123.85
3051,2013-12-31,123.85
3052,2014-01-01,123.87
3053,2014-01-02,123.91
3054,2014-01-03,123.94
3055,2014-01-04,123.96
3056,2014-01-05,124.0
3057,2014-01-06,124.01
3058,2014-01-07,124.03
3059,2014-01-08,124.04
3060,2014-01-09,124.07
3061,2014-01-10,124.08
3062,2014-01-11,124.09
3063,2014-01-12,124.09
3064,2014-01-13,124.1
3065,2014-01-14,124.11
3066,2014-01-15,124.11
3067,2014-01-16,124.12
3068,2014-01-17,124.14
3069,2014-01-18,124.14
3070,2014-01-19,124.14
3071,2014-01-20,124.13
3072,2014-01-21,124.13
3073,2014-01-22,124.12
3074,2014-01-23,124.12
3075,2014-01-24,124.12
3076,2014-01-25,124.12
3077,2014-01-26,124.12
3078,2014-01-27,124.14
3079,2014-01-28,124.16
3080,2014-01-29,124.15
3081,2014-01-30,124.14
3082,2014-01-31,124.13
3083,2014-02-01,124.13
3084,2014-02-02,124.13
3085,2014-02-03,124.13
3086,2014-02-04,124.14
3087,2014-02-05,124.15
3088,2014-02-06,124.15
3089,2014-02-07,124.15
3090,2014-02-08,124.15
3091,2014-02-09,124.17
3092,2014-02-10,124.17
3093,2014-02-11,124.15
3094,2014-02-12,124.14
3095,2014-02-13,124.15
3096,2014-02-14,124.2
3097,2014-02-15,124.2
3098,2014-02-16,124.19
3099,2014-02-17,124.12
3100,2014-02-18,124.09
3101,2014-02-19,124.09
3102,2014-02-20,124.09
3103,2014-02-21,124.1
3104,2014-02-22,124.11
3105,2014-02-23,124.12
3106,2014-02-24,124.09
3107,2014-02-25,124.1
3108,2014-02-26,124.12
3109,2014-02-27,124.11
3110,2014-02-28,124.16
3111,2014-03-01,124.21
3112,2014-03-02,124.22
3113,2014-03-03,124.25
3114,2014-03-04,124.25
3115,2014-03-05,124.25
3116,2014-03-06,124.24
3117,2014-03-07,124.18
3118,2014-03-08,124.1
3119,2014-03-09,124.16
3120,2014-03-10,124.21
3121,2014-03-11,124.21
3122,2014-03-12,124.25
3123,2014-03-13,124.27
3124,2014-03-14,124.29
3125,2014-03-15,124.27
3126,2014-03-16,124.29
3127,2014-03-17,124.3
3128,2014-03-18,124.31
3129,2014-03-19,124.3
3130,2014-03-20,124.31
3131,2014-03-21,124.31
3132,2014-03-22,124.31
3133,2014-03-23,124.31
3134,2014-03-24,124.29
3135,2014-03-25,124.19
3136,2014-03-26,124.19
3137,2014-03-27,124.19
3138,2014-03-28,124.18
3139,2014-03-29,124.16
3140,2014-03-30,124.15
3141,2014-03-31,124.14
3142,2014-04-01,124.1
3143,2014-04-02,124.11
3144,2014-04-03,124.11
3145,2014-04-04,124.1
3146,2014-04-05,124.06
3147,2014-04-06,124.02
3148,2014-04-07,123.98
3149,2014-04-08,123.91
3150,2014-04-09,123.89
3151,2014-04-10,123.82
3152,2014-04-11,123.82
3153,2014-04-12,123.83
3154,2014-04-13,123.84
3155,2014-04-14,123.85
3156,2014-04-15,123.79
3157,2014-04-16,123.81
3158,2014-04-17,123.82
3159,2014-04-18,123.77
3160,2014-04-19,123.79
3161,2014-04-20,123.8
3162,2014-04-21,123.81
3163,2014-04-22,123.81
3164,2014-04-23,123.71
3165,2014-04-24,123.67
3166,2014-04-25,123.71
3167,2014-04-26,123.74
3168,2014-04-27,123.78
3169,2014-04-28,123.8
3170,2014-04-29,123.8
3171,2014-04-30,123.78
3172,2014-05-01,123.79
3173,2014-05-02,123.79
3174,2014-05-03,123.78
3175,2014-05-04,123.78
3176,2014-05-05,123.77
3177,2014-05-06,123.77
3178,2014-05-07,123.76
3179,2014-05-08,123.75
3180,2014-05-09,123.75
3181,2014-05-10,123.74
3182,2014-05-11,123.74
3183,2014-05-12,123.75
3184,2014-05-13,123.75
3185,2014-05-14,123.74
3186,2014-05-15,123.72
3187,2014-05-16,123.71
3188,2014-05-17,123.71
3189,2014-05-18,123.71
3190,2014-05-19,123.68
3191,2014-05-20,123.69
3192,2014-05-21,123.71
3193,2014-05-22,123.79
3194,2014-05-23,123.79
3195,2014-05-24,123.79
3196,2014-05-25,123.76
3197,2014-05-26,123.77
3198,2014-05-27,123.77
3199,2014-05-28,123.77
3200,2014-05-29,123.76
3201,2014-05-30,123.75
3202,2014-05-31,123.73
3203,2014-06-01,123.73
3204,2014-06-02,123.72
3205,2014-06-03,123.72
3206,2014-06-04,123.73
3207,2014-06-05,123.74
3208,2014-06-06,123.74
3209,2014-06-07,123.73
3210,2014-06-08,123.81
3211,2014-06-09,123.81
3212,2014-06-10,123.81
3213,2014-06-11,123.78
3214,2014-06-12,123.76
3215,2014-06-13,123.72
3216,2014-06-14,123.71
3217,2014-06-15,123.7
3218,2014-06-16,123.7
3219,2014-06-17,123.69
3220,2014-06-18,123.68
3221,2014-06-19,123.67
3222,2014-06-20,123.65
3223,2014-06-21,123.66
3224,2014-06-22,123.66
3225,2014-06-23,123.65
3226,2014-06-24,123.65
3227,2014-06-25,123.65
3228,2014-06-26,123.65
3229,2014-06-27,123.64
3230,2014-06-28,123.65
3231,2014-06-29,123.68
3232,2014-06-30,123.68
3233,2014-07-01,123.67
3234,2014-07-02,123.66
3235,2014-07-03,123.64
3236,2014-07-04,123.64
3237,2014-07-05,123.64
3238,2014-07-06,123.64
3239,2014-07-07,123.64
3240,2014-07-08,123.63
3241,2014-07-09,123.68
3242,2014-07-10,123.76
3243,2014-07-11,123.76
3244,2014-07-12,123.77
3245,2014-07-13,123.76
3246,2014-07-14,123.73
3247,2014-07-15,123.71
3248,2014-07-16,123.69
3249,2014-07-17,123.69
3250,2014-07-18,123.69
3251,2014-07-19,123.68
3252,2014-07-20,123.7
3253,2014-07-21,123.7
3254,2014-07-22,123.69
3255,2014-07-23,123.68
3256,2014-07-24,123.67
3257,2014-07-25,123.66
3258,2014-07-26,123.66
3259,2014-07-27,123.65
3260,2014-07-28,123.68
3261,2014-07-29,123.69
3262,2014-07-30,123.68
3263,2014-07-31,123.67
3264,2014-08-01,123.66
3265,2014-08-02,123.65
3266,2014-08-03,123.64
3267,2014-08-04,123.63
3268,2014-08-05,123.62
3269,2014-08-06,123.61
3270,2014-08-07,123.59
3271,2014-08-08,123.57
3272,2014-08-09,123.71
3273,2014-08-10,123.72
3274,2014-08-11,123.7
3275,2014-08-12,123.67
3276,2014-08-13,123.77
3277,2014-08-14,123.8
3278,2014-08-15,123.85
3279,2014-08-16,123.86
3280,2014-08-17,123.84
3281,2014-08-18,123.82
3282,2014-08-19,123.78
3283,2014-08-20,123.77
3284,2014-08-21,123.76
3285,2014-08-22,123.75
3286,2014-08-23,123.74
3287,2014-08-24,123.74
3288,2014-08-25,123.72
3289,2014-08-26,123.81
3290,2014-08-27,123.86
3291,2014-08-28,123.86
3292,2014-08-29,123.82
3293,2014-08-30,123.77
3294,2014-08-31,123.77
3295,2014-09-01,123.77
3296,2014-09-02,123.77
3297,2014-09-03,123.77
3298,2014-09-04,123.77
3299,2014-09-05,123.77
3300,2014-09-06,123.77
3301,2014-09-07,123.77
3302,2014-09-08,123.77
3303,2014-09-09,123.76
3304,2014-09-10,123.71
3305,2014-09-11,123.71
3306,2014-09-12,123.71
3307,2014-09-13,123.7
3308,2014-09-14,123.7
3309,2014-09-15,123.7
3310,2014-09-16,123.69
3311,2014-09-17,123.69
3312,2014-09-18,123.67
3313,2014-09-19,123.67
3314,2014-09-20,123.67
3315,2014-09-21,123.65
3316,2014-09-22,123.66
3317,2014-09-23,123.65
3318,2014-09-24,123.65
3319,2014-09-25,123.6
3320,2014-09-26,123.61
3321,2014-09-27,123.61
3322,2014-09-28,123.61
3323,2014-09-29,123.61
3324,2014-09-30,123.6
3325,2014-10-01,123.6
3326,2014-10-02,123.6
3327,2014-10-03,123.59
3328,2014-10-04,123.61
3329,2014-10-05,123.67
3330,2014-10-06,123.69
3331,2014-10-07,123.69
3332,2014-10-08,123.8
3333,2014-10-09,123.81
3334,2014-10-10,123.8
3335,2014-10-11,123.73
3336,2014-10-12,123.74
3337,2014-10-13,123.74
3338,2014-10-14,123.73
3339,2014-10-15,123.72
3340,2014-10-16,123.73
3341,2014-10-17,123.75
3342,2014-10-18,123.74
3343,2014-10-19,123.66
3344,2014-10-20,123.65
3345,2014-10-21,123.67
3346,2014-10-22,123.67
3347,2014-10-23,123.68
3348,2014-10-24,123.68
3349,2014-10-25,123.69
3350,2014-10-26,123.68
3351,2014-10-27,123.68
3352,2014-10-28,123.7
3353,2014-10-29,123.69
3354,2014-10-30,123.65
3355,2014-10-31,123.57
3356,2014-11-01,123.6
3357,2014-11-02,123.64
3358,2014-11-03,123.65
3359,2014-11-04,123.68
3360,2014-11-05,123.69
3361,2014-11-06,123.69
3362,2014-11-07,123.69
3363,2014-11-08,123.68
3364,2014-11-09,123.69
3365,2014-11-10,123.68
3366,2014-11-11,123.69
3367,2014-11-12,123.69
3368,2014-11-13,123.68
3369,2014-11-14,123.68
3370,2014-11-15,123.72
3371,2014-11-16,123.73
3372,2014-11-17,123.73
3373,2014-11-18,123.71
3374,2014-11-19,123.71
3375,2014-11-20,123.67
3376,2014-11-21,123.66
3377,2014-11-22,123.67
3378,2014-11-23,123.65
3379,2014-11-24,123.65
3380,2014-11-25,123.65
3381,2014-11-26,123.66
3382,2014-11-27,123.68
3383,2014-11-28,123.69
3384,2014-11-29,123.68
3385,2014-11-30,123.67
3386,2014-12-01,123.67
3387,2014-12-02,123.66
3388,2014-12-03,123.65
3389,2014-12-04,123.65
3390,2014-12-05,123.42
3391,2014-12-06,123.4
3392,2014-12-07,123.4
3393,2014-12-08,123.41
3394,2014-12-09,123.4
3395,2014-12-10,123.4
3396,2014-12-11,123.4
3397,2014-12-12,123.42
3398,2014-12-13,123.42
3399,2014-12-14,123.41
3400,2014-12-15,123.41
3401,2014-12-16,123.41
3402,2014-12-17,123.45
3403,2014-12-18,123.48
3404,2014-12-19,123.49
3405,2014-12-20,123.49
3406,2014-12-21,123.48
3407,2014-12-22,123.47
3408,2014-12-23,123.46
3409,2014-12-24,123.47
3410,2014-12-25,123.47
3411,2014-12-26,123.46
3412,2014-12-27,123.53
3413,2014-12-28,123.56
3414,2014-12-29,123.53
3415,2014-12-30,123.51
3416,2014-12-31,123.52
3417,2015-01-01,123.52
3418,2015-01-02,123.54
3419,2015-01-03,123.55
3420,2015-01-04,123.56
3421,2015-01-05,123.57
3422,2015-01-06,123.6
3423,2015-01-07,123.6
3424,2015-01-08,123.63
3425,2015-01-09,123.61
3426,2015-01-10,123.63
3427,2015-01-11,123.66
3428,2015-01-12,123.65
3429,2015-01-13,123.67
3430,2015-01-14,123.68
3431,2015-01-15,123.7
3432,2015-01-16,123.71
3433,2015-01-17,123.71
3434,2015-01-18,123.69
3435,2015-01-19,123.7
3436,2015-01-20,123.7
3437,2015-01-21,123.68
3438,2015-01-22,123.78
3439,2015-01-23,123.84
3440,2015-01-24,123.87
3441,2015-01-25,123.9
3442,2015-01-26,123.88
3443,2015-01-27,123.88
3444,2015-01-28,123.86
3445,2015-01-29,123.7
3446,2015-01-30,123.55
3447,2015-01-31,123.61
3448,2015-02-01,123.75
3449,2015-02-02,123.78
3450,2015-02-03,123.8
3451,2015-02-04,123.9
3452,2015-02-05,123.91
3453,2015-02-06,123.93
3454,2015-02-07,124.02
3455,2015-02-08,124.05
3456,2015-02-09,124.05
3457,2015-02-10,124.03
3458,2015-02-11,123.98
3459,2015-02-12,123.96
3460,2015-02-13,123.94
3461,2015-02-14,123.81
3462,2015-02-15,123.93
3463,2015-02-16,123.99
3464,2015-02-17,124.12
3465,2015-02-18,124.11
3466,2015-02-19,124.07
3467,2015-02-20,123.97
3468,2015-02-21,123.87
3469,2015-02-22,123.94
3470,2015-02-23,123.88
3471,2015-02-24,124.03
3472,2015-02-25,124.04
3473,2015-02-26,124.03
3474,2015-02-27,124.08
3475,2015-02-28,124.07
3476,2015-03-01,123.96
3477,2015-03-02,124.08
3478,2015-03-03,124.09
3479,2015-03-04,124.21
3480,2015-03-05,124.24
3481,2015-03-06,124.21
3482,2015-03-07,124.06
3483,2015-03-08,124.01
3484,2015-03-09,124.04
3485,2015-03-10,124.02
3486,2015-03-11,124.05
3487,2015-03-12,124.06
3488,2015-03-13,124.03
3489,2015-03-14,124.04
3490,2015-03-15,124.06
3491,2015-03-16,124.06
3492,2015-03-17,124.01
3493,2015-03-18,124.04
3494,2015-03-19,124.06
3495,2015-03-20,124.05
3496,2015-03-21,124.04
3497,2015-03-22,124.04
3498,2015-03-23,124.04
3499,2015-03-24,123.98
3500,2015-03-25,123.99
3501,2015-03-26,123.99
3502,2015-03-27,124.07
3503,2015-03-28,124.0
3504,2015-03-29,123.93
3505,2015-03-30,123.99
3506,2015-03-31,124.05
3507,2015-04-01,124.1
3508,2015-04-02,124.06
3509,2015-04-03,124.06
3510,2015-04-04,124.03
3511,2015-04-05,124.07
3512,2015-04-06,124.13
3513,2015-04-07,124.16
3514,2015-04-08,124.12
3515,2015-04-09,124.03
3516,2015-04-10,123.98
3517,2015-04-11,124.05
3518,2015-04-12,124.07
3519,2015-04-13,124.08
3520,2015-04-14,124.0
3521,2015-04-15,123.9
3522,2015-04-16,123.77
3523,2015-04-17,123.84
3524,2015-04-18,123.89
3525,2015-04-19,123.89
3526,2015-04-20,123.96
3527,2015-04-21,123.99
3528,2015-04-22,123.97
3529,2015-04-23,123.87
3530,2015-04-24,123.78
3531,2015-04-25,123.75
3532,2015-04-26,123.75
3533,2015-04-27,123.91
3534,2015-04-28,123.98
3535,2015-04-29,123.85
3536,2015-04-30,123.86
3537,2015-05-01,123.86
3538,2015-05-02,123.9
3539,2015-05-03,123.94
3540,2015-05-04,123.96
3541,2015-05-05,123.94
3542,2015-05-06,123.99
3543,2015-05-07,124.01
3544,2015-05-08,123.92
3545,2015-05-09,123.88
3546,2015-05-10,123.78
3547,2015-05-11,123.62
3548,2015-05-12,123.59
3549,2015-05-13,123.62
3550,2015-05-14,123.64
3551,2015-05-15,123.65
3552,2015-05-16,123.65
3553,2015-05-17,123.64
3554,2015-05-18,123.64
3555,2015-05-19,123.65
3556,2015-05-20,123.65
3557,2015-05-21,123.64
3558,2015-05-22,123.63
3559,2015-05-23,123.59
3560,2015-05-24,123.57
3561,2015-05-25,123.59
3562,2015-05-26,123.59
3563,2015-05-27,123.55
3564,2015-05-28,123.55
3565,2015-05-29,123.56
3566,2015-05-30,123.57
3567,2015-05-31,123.55
3568,2015-06-01,123.56
3569,2015-06-02,123.56
3570,2015-06-03,123.56
3571,2015-06-04,123.55
3572,2015-06-05,123.56
3573,2015-06-06,123.55
3574,2015-06-07,123.5
3575,2015-06-08,123.51
3576,2015-06-09,123.51
3577,2015-06-10,123.52
3578,2015-06-11,123.52
3579,2015-06-12,123.52
3580,2015-06-13,123.52
3581,2015-06-14,123.53
3582,2015-06-15,123.52
3583,2015-06-16,123.49
3584,2015-06-17,123.49
3585,2015-06-18,123.45
3586,2015-06-19,123.45
3587,2015-06-20,123.44
3588,2015-06-21,123.45
3589,2015-06-22,123.46
3590,2015-06-23,123.47
3591,2015-06-24,123.46
3592,2015-06-25,123.46
3593,2015-06-26,123.46
3594,2015-06-27,123.45
3595,2015-06-28,123.44
3596,2015-06-29,123.44
3597,2015-06-30,123.42
3598,2015-07-01,123.42
3599,2015-07-02,123.42
3600,2015-07-03,123.41
3601,2015-07-04,123.41
3602,2015-07-05,123.41
3603,2015-07-06,123.4
3604,2015-07-07,123.4
3605,2015-07-08,123.4
3606,2015-07-09,123.39
3607,2015-07-10,123.37
3608,2015-07-11,123.37
3609,2015-07-12,123.36
3610,2015-07-13,123.36
3611,2015-07-14,123.36
3612,2015-07-15,123.35
3613,2015-07-16,123.33
3614,2015-07-17,123.31
3615,2015-07-18,123.31
3616,2015-07-19,123.34
3617,2015-07-20,123.35
3618,2015-07-21,123.35
3619,2015-07-22,123.35
3620,2015-07-23,123.34
3621,2015-07-24,123.33
3622,2015-07-25,123.33
3623,2015-07-26,123.32
3624,2015-07-27,123.33
3625,2015-07-28,123.32
3626,2015-07-29,123.31
3627,2015-07-30,123.3
3628,2015-07-31,123.29
3629,2015-08-01,123.29
3630,2015-08-02,123.28
3631,2015-08-03,123.28
3632,2015-08-04,123.28
3633,2015-08-05,123.27
3634,2015-08-06,123.26
3635,2015-08-07,123.25
3636,2015-08-08,123.24
3637,2015-08-09,123.25
3638,2015-08-10,123.26
3639,2015-08-11,123.26
3640,2015-08-12,123.25
3641,2015-08-13,123.24
3642,2015-08-14,123.24
3643,2015-08-15,123.26
3644,2015-08-16,123.27
3645,2015-08-17,123.26
3646,2015-08-18,123.23
3647,2015-08-19,123.23
3648,2015-08-20,123.22
3649,2015-08-21,123.22
3650,2015-08-22,123.22
3651,2015-08-23,123.24
3652,2015-08-24,123.25
3653,2015-08-25,123.25
3654,2015-08-26,123.24
3655,2015-08-27,123.21
3656,2015-08-28,123.28
3657,2015-08-29,123.28
3658,2015-08-30,123.27
3659,2015-08-31,123.27
3660,2015-09-01,123.34
3661,2015-09-02,123.34
3662,2015-09-03,123.31
3663,2015-09-04,123.27
3664,2015-09-05,123.26
3665,2015-09-06,123.26
3666,2015-09-07,123.25
3667,2015-09-08,123.25
3668,2015-09-09,123.25
3669,2015-09-10,123.25
3670,2015-09-11,123.26
3671,2015-09-12,123.26
3672,2015-09-13,123.27
3673,2015-09-14,123.27
3674,2015-09-15,123.25
3675,2015-09-16,123.33
3676,2015-09-17,123.38
3677,2015-09-18,123.38
3678,2015-09-19,123.37
3679,2015-09-20,123.34
3680,2015-09-21,123.3
3681,2015-09-22,123.29
3682,2015-09-23,123.3
3683,2015-09-24,123.28
3684,2015-09-25,123.28
3685,2015-09-26,123.27
3686,2015-09-27,123.25
3687,2015-09-28,123.24
3688,2015-09-29,123.24
3689,2015-09-30,123.22
3690,2015-10-01,123.23
3691,2015-10-02,123.23
3692,2015-10-03,123.24
3693,2015-10-04,123.24
3694,2015-10-05,123.3
3695,2015-10-06,123.4
3696,2015-10-07,123.41
3697,2015-10-08,123.4
3698,2015-10-09,123.35
3699,2015-10-10,123.31
3700,2015-10-11,123.27
3701,2015-10-12,123.27
3702,2015-10-13,123.22
3703,2015-10-14,123.24
3704,2015-10-15,123.25
3705,2015-10-16,123.25
3706,2015-10-17,123.25
3707,2015-10-18,123.25
3708,2015-10-19,123.25
3709,2015-10-20,123.2
3710,2015-10-21,123.21
3711,2015-10-22,123.18
3712,2015-10-23,123.18
3713,2015-10-24,123.19
3714,2015-10-25,123.18
3715,2015-10-26,123.13
3716,2015-10-27,123.14
3717,2015-10-28,123.16
3718,2015-10-29,123.17
3719,2015-10-30,123.12
3720,2015-10-31,123.15
3721,2015-11-01,123.16
3722,2015-11-02,123.17
3723,2015-11-03,123.18
3724,2015-11-04,123.19
3725,2015-11-05,123.17
3726,2015-11-06,123.16
3727,2015-11-07,123.17
3728,2015-11-08,123.17
3729,2015-11-09,123.11
3730,2015-11-10,123.12
3731,2015-11-11,123.12
3732,2015-11-12,123.13
3733,2015-11-13,123.07
3734,2015-11-14,123.1
3735,2015-11-15,123.12
3736,2015-11-16,123.13
3737,2015-11-17,123.12
3738,2015-11-18,123.12
3739,2015-11-19,123.04
3740,2015-11-20,123.28
3741,2015-11-21,123.37
3742,2015-11-22,123.37
3743,2015-11-23,123.34
3744,2015-11-24,123.3
3745,2015-11-25,123.28
3746,2015-11-26,123.28
3747,2015-11-27,123.27
3748,2015-11-28,123.27
3749,2015-11-29,123.27
3750,2015-11-30,123.26
3751,2015-12-01,123.25
3752,2015-12-02,123.25
3753,2015-12-03,123.22
3754,2015-12-04,123.22
3755,2015-12-05,123.23
3756,2015-12-06,123.24
3757,2015-12-07,123.24
3758,2015-12-08,123.24
3759,2015-12-09,123.25
3760,2015-12-10,123.25
3761,2015-12-11,123.25
3762,2015-12-12,123.24
3763,2015-12-13,123.24
3764,2015-12-14,123.25
3765,2015-12-15,123.25
3766,2015-12-16,123.27
3767,2015-12-17,123.26
3768,2015-12-18,123.27
3769,2015-12-19,123.27
3770,2015-12-20,123.27
3771,2015-12-21,123.25
3772,2015-12-22,123.25
3773,2015-12-23,123.25
3774,2015-12-24,123.24
3775,2015-12-25,123.24
3776,2015-12-26,123.23
3777,2015-12-27,123.23
3778,2015-12-28,123.24
3779,2015-12-29,123.24
3780,2015-12-30,123.24
3781,2015-12-31,123.24
3782,2016-01-01,123.24
3783,2016-01-02,123.24
3784,2016-01-03,123.26
3785,2016-01-04,123.29
3786,2016-01-05,123.29
3787,2016-01-06,123.29
3788,2016-01-07,123.29
3789,2016-01-08,123.29
3790,2016-01-09,123.28
3791,2016-01-10,123.3
3792,2016-01-11,123.31
3793,2016-01-12,123.31
3794,2016-01-13,123.3
3795,2016-01-14,123.29
3796,2016-01-15,123.28
3797,2016-01-16,123.26
3798,2016-01-17,123.25
3799,2016-01-18,123.27
3800,2016-01-19,123.27
3801,2016-01-20,123.27
3802,2016-01-21,123.26
3803,2016-01-22,123.26
3804,2016-01-23,123.25
3805,2016-01-24,123.28
3806,2016-01-25,123.31
3807,2016-01-26,123.31
3808,2016-01-27,123.3
3809,2016-01-28,123.31
3810,2016-01-29,123.31
3811,2016-01-30,123.32
3812,2016-01-31,123.36
3813,2016-02-01,123.36
3814,2016-02-02,123.36
3815,2016-02-03,123.37
3816,2016-02-04,123.36
3817,2016-02-05,123.37
3818,2016-02-06,123.39
3819,2016-02-07,123.4
3820,2016-02-08,123.42
3821,2016-02-09,123.48
3822,2016-02-10,123.52
3823,2016-02-11,123.51
3824,2016-02-12,123.51
3825,2016-02-13,123.54
3826,2016-02-14,123.55
3827,2016-02-15,123.55
3828,2016-02-16,123.52
3829,2016-02-17,123.53
3830,2016-02-18,123.53
3831,2016-02-19,123.5
3832,2016-02-20,123.51
3833,2016-02-21,123.55
3834,2016-02-22,123.56
3835,2016-02-23,123.55
3836,2016-02-24,123.56
3837,2016-02-25,123.59
3838,2016-02-26,123.61
3839,2016-02-27,123.62
3840,2016-02-28,123.62
3841,2016-02-29,123.63
3842,2016-03-01,123.63
3843,2016-03-02,123.64
3844,2016-03-03,123.63
3845,2016-03-04,123.64
3846,2016-03-05,123.66
3847,2016-03-06,123.63
3848,2016-03-07,123.65
3849,2016-03-08,123.66
3850,2016-03-09,123.65
3851,2016-03-10,123.58
3852,2016-03-11,123.57
3853,2016-03-12,123.53
3854,2016-03-13,123.57
3855,2016-03-14,123.59
3856,2016-03-15,123.61
3857,2016-03-16,123.58
3858,2016-03-17,123.59
3859,2016-03-18,123.53
3860,2016-03-19,123.57
3861,2016-03-20,123.6
3862,2016-03-21,123.61
3863,2016-03-22,123.62
3864,2016-03-23,123.62
3865,2016-03-24,123.62
3866,2016-03-25,123.51
3867,2016-03-26,123.52
3868,2016-03-27,123.56
3869,2016-03-28,123.58
3870,2016-03-29,123.6
3871,2016-03-30,123.6
3872,2016-03-31,123.61
3873,2016-04-01,123.62
3874,2016-04-02,123.61
3875,2016-04-03,123.62
3876,2016-04-04,123.64
3877,2016-04-05,123.64
3878,2016-04-06,123.59
3879,2016-04-07,123.51
3880,2016-04-08,123.53
3881,2016-04-09,123.54
3882,2016-04-10,123.52
3883,2016-04-11,123.53
3884,2016-04-12,123.48
3885,2016-04-13,123.44
3886,2016-04-14,123.46
3887,2016-04-15,123.48
3888,2016-04-16,123.5
3889,2016-04-17,123.51
3890,2016-04-18,123.5
3891,2016-04-19,123.5
3892,2016-04-20,123.45
3893,2016-04-21,123.46
3894,2016-04-22,123.42
3895,2016-04-23,123.43
3896,2016-04-24,123.44
3897,2016-04-25,123.47
3898,2016-04-26,123.5
3899,2016-04-27,123.51
3900,2016-04-28,123.52
3901,2016-04-29,123.48
3902,2016-04-30,123.49
3903,2016-05-01,123.49
3904,2016-05-02,123.49
3905,2016-05-03,123.43
3906,2016-05-04,123.42
3907,2016-05-05,123.38
3908,2016-05-06,123.4
3909,2016-05-07,123.4
3910,2016-05-08,123.42
3911,2016-05-09,123.43
3912,2016-05-10,123.5
3913,2016-05-11,123.52
3914,2016-05-12,123.51
3915,2016-05-13,123.55
3916,2016-05-14,123.59
3917,2016-05-15,123.58
3918,2016-05-16,123.56
3919,2016-05-17,123.54
3920,2016-05-18,123.52
3921,2016-05-19,123.52
3922,2016-05-20,123.47
3923,2016-05-21,123.5
3924,2016-05-22,123.55
3925,2016-05-23,123.58
3926,2016-05-24,123.59
3927,2016-05-25,123.59
3928,2016-05-26,123.59
3929,2016-05-27,123.52
3930,2016-05-28,123.46
3931,2016-05-29,123.53
3932,2016-05-30,123.77
3933,2016-05-31,123.94
3934,2016-06-01,123.95
3935,2016-06-02,124.18
3936,2016-06-03,124.43
3937,2016-06-04,124.67
3938,2016-06-05,124.84
3939,2016-06-06,124.98
3940,2016-06-07,125.01
3941,2016-06-08,125.01
3942,2016-06-09,125.0
3943,2016-06-10,125.01
3944,2016-06-11,124.99
3945,2016-06-12,125.0
3946,2016-06-13,125.12
3947,2016-06-14,125.12
3948,2016-06-15,125.09
3949,2016-06-16,125.08
3950,2016-06-17,125.07
3951,2016-06-18,125.06
3952,2016-06-19,125.02
3953,2016-06-20,125.01
3954,2016-06-21,125.02
3955,2016-06-22,125.01
3956,2016-06-23,124.98
3957,2016-06-24,124.92
3958,2016-06-25,124.98
3959,2016-06-26,124.98
3960,2016-06-27,124.97
3961,2016-06-28,124.94
3962,2016-06-29,124.93
3963,2016-06-30,124.91
3964,2016-07-01,124.88
3965,2016-07-02,124.85
3966,2016-07-03,124.82
3967,2016-07-04,124.8
3968,2016-07-05,124.78
3969,2016-07-06,124.76
3970,2016-07-07,124.74
3971,2016-07-08,124.72
3972,2016-07-09,124.69
3973,2016-07-10,124.67
3974,2016-07-11,124.66
3975,2016-07-12,124.63
3976,2016-07-13,124.61
3977,2016-07-14,124.57
3978,2016-07-15,124.55
3979,2016-07-16,124.53
3980,2016-07-17,124.5
3981,2016-07-18,124.48
3982,2016-07-19,124.46
3983,2016-07-20,124.44
3984,2016-07-21,124.42
3985,2016-07-22,124.44
3986,2016-07-23,124.46
3987,2016-07-24,124.45
3988,2016-07-25,124.41
3989,2016-07-26,124.37
3990,2016-07-27,124.34
3991,2016-07-28,124.31
3992,2016-07-29,124.3
3993,2016-07-30,124.29
3994,2016-07-31,124.27
3995,2016-08-01,124.24
3996,2016-08-02,124.22
3997,2016-08-03,124.2
3998,2016-08-04,124.19
3999,2016-08-05,124.18
4000,2016-08-06,124.16
4001,2016-08-07,124.14
4002,2016-08-08,124.12
4003,2016-08-09,124.11
4004,2016-08-10,124.09
4005,2016-08-11,124.08
4006,2016-08-12,124.06
4007,2016-08-13,124.05
4008,2016-08-14,124.04
4009,2016-08-15,124.03
4010,2016-08-16,124.03
4011,2016-08-17,124.03
4012,2016-08-18,124.03
4013,2016-08-19,124.03
4014,2016-08-20,124.03
4015,2016-08-21,123.97
4016,2016-08-22,123.91
4017,2016-08-23,123.91
4018,2016-08-24,123.88
4019,2016-08-25,123.9
4020,2016-08-26,123.9
4021,2016-08-27,123.89
4022,2016-08-28,123.88
4023,2016-08-29,123.88
4024,2016-08-30,123.87
4025,2016-08-31,123.87
4026,2016-09-01,123.86
4027,2016-09-02,123.85
4028,2016-09-03,123.85
4029,2016-09-04,123.85
4030,2016-09-05,123.84
4031,2016-09-06,123.8
4032,2016-09-07,123.82
4033,2016-09-08,123.82
4034,2016-09-09,123.82
4035,2016-09-10,123.82
4036,2016-09-11,123.81
4037,2016-09-12,123.81
4038,2016-09-13,123.81
4039,2016-09-14,123.81
4040,2016-09-15,123.84
4041,2016-09-16,123.84
4042,2016-09-17,123.88
4043,2016-09-18,123.88
4044,2016-09-19,123.87
4045,2016-09-20,123.85
4046,2016-09-21,123.84
4047,2016-09-22,123.82
4048,2016-09-23,123.81
4049,2016-09-24,123.79
4050,2016-09-25,123.79
4051,2016-09-26,123.78
4052,2016-09-27,123.78
4053,2016-09-28,123.77
4054,2016-09-29,123.65
4055,2016-09-30,123.61
4056,2016-10-01,123.67
4057,2016-10-02,123.69
4058,2016-10-03,123.7
4059,2016-10-04,123.7
4060,2016-10-05,123.68
4061,2016-10-06,123.69
4062,2016-10-07,123.69
4063,2016-10-08,123.63
4064,2016-10-09,123.64
4065,2016-10-10,123.64
4066,2016-10-11,123.66
4067,2016-10-12,123.66
4068,2016-10-13,123.67
4069,2016-10-14,123.67
4070,2016-10-15,123.68
4071,2016-10-16,123.7
4072,2016-10-17,123.7
4073,2016-10-18,123.69
4074,2016-10-19,123.63
4075,2016-10-20,123.65
4076,2016-10-21,123.67
4077,2016-10-22,123.59
4078,2016-10-23,123.54
4079,2016-10-24,123.58
4080,2016-10-25,123.61
4081,2016-10-26,123.63
4082,2016-10-27,123.64
4083,2016-10-28,123.61
4084,2016-10-29,123.52
4085,2016-10-30,123.57
4086,2016-10-31,123.6
4087,2016-11-01,123.62
4088,2016-11-02,123.63
4089,2016-11-03,123.57
4090,2016-11-04,123.44
4091,2016-11-05,123.48
4092,2016-11-06,123.48
4093,2016-11-07,123.55
4094,2016-11-08,123.56
4095,2016-11-09,123.44
4096,2016-11-10,123.42
4097,2016-11-11,123.47
4098,2016-11-12,123.53
4099,2016-11-13,123.56
4100,2016-11-14,123.58
4101,2016-11-15,123.53
4102,2016-11-16,123.53
4103,2016-11-17,123.58
4104,2016-11-18,123.62
4105,2016-11-19,123.59
4106,2016-11-20,123.59
4107,2016-11-21,123.63
4108,2016-11-22,123.65
4109,2016-11-23,123.64
4110,2016-11-24,123.65
4111,2016-11-25,123.65
4112,2016-11-26,123.63
4113,2016-11-27,123.64
4114,2016-11-28,123.64
4115,2016-11-29,123.63
4116,2016-11-30,123.62
4117,2016-12-01,123.62
4118,2016-12-02,123.62
4119,2016-12-03,123.63
4120,2016-12-04,123.63
4121,2016-12-05,123.63
4122,2016-12-06,123.62
4123,2016-12-07,123.61
4124,2016-12-08,123.57
4125,2016-12-09,123.56
4126,2016-12-10,123.58
4127,2016-12-11,123.59
4128,2016-12-12,123.59
4129,2016-12-13,123.59
4130,2016-12-14,123.59
4131,2016-12-15,123.59
4132,2016-12-16,123.59
4133,2016-12-17,123.58
4134,2016-12-18,123.55
4135,2016-12-19,123.56
4136,2016-12-20,123.57
4137,2016-12-21,123.57
4138,2016-12-22,123.57
4139,2016-12-23,123.57
4140,2016-12-24,123.58
4141,2016-12-25,123.58
4142,2016-12-26,123.58
4143,2016-12-27,123.56
4144,2016-12-28,123.55
4145,2016-12-29,123.55
4146,2016-12-30,123.54
4147,2016-12-31,123.54
4148,2017-01-01,123.55
4149,2017-01-02,123.55
4150,2017-01-03,123.54
4151,2017-01-04,123.54
4152,2017-01-05,123.54
4153,2017-01-06,123.52
4154,2017-01-07,123.52
4155,2017-01-08,123.52
4156,2017-01-09,123.52
4157,2017-01-10,123.52
4158,2017-01-11,123.55
4159,2017-01-12,123.55
4160,2017-01-13,123.57
4161,2017-01-14,123.56
4162,2017-01-15,123.56
4163,2017-01-16,123.55
4164,2017-01-17,123.54
4165,2017-01-18,123.53
4166,2017-01-19,123.52
4167,2017-01-20,123.52
4168,2017-01-21,123.52
4169,2017-01-22,123.52
4170,2017-01-23,123.52
4171,2017-01-24,123.52
4172,2017-01-25,123.52
4173,2017-01-26,123.52
4174,2017-01-27,123.53
4175,2017-01-28,123.51
4176,2017-01-29,123.51
4177,2017-01-30,123.52
4178,2017-01-31,123.52
4179,2017-02-01,123.52
4180,2017-02-02,123.54
4181,2017-02-03,123.55
4182,2017-02-04,123.56
4183,2017-02-05,123.57
4184,2017-02-06,123.58
4185,2017-02-07,123.53
4186,2017-02-08,123.55
4187,2017-02-09,123.55
4188,2017-02-10,123.56
4189,2017-02-11,123.57
4190,2017-02-12,123.57
4191,2017-02-13,123.57
4192,2017-02-14,123.57
4193,2017-02-15,123.57
4194,2017-02-16,123.56
4195,2017-02-17,123.55
4196,2017-02-18,123.56
4197,2017-02-19,123.57
4198,2017-02-20,123.41
4199,2017-02-21,123.48
4200,2017-02-22,123.49
4201,2017-02-23,123.5
4202,2017-02-24,123.53
4203,2017-02-25,123.45
4204,2017-02-26,123.47
4205,2017-02-27,123.48
4206,2017-02-28,123.53
4207,2017-03-01,123.51
4208,2017-03-02,123.51
4209,2017-03-03,123.56
4210,2017-03-04,123.58
4211,2017-03-05,123.6
4212,2017-03-06,123.63
4213,2017-03-07,123.67
4214,2017-03-08,123.67
4215,2017-03-09,123.67
4216,2017-03-10,123.66
4217,2017-03-11,123.65
4218,2017-03-12,123.66
4219,2017-03-13,123.66
4220,2017-03-14,123.58
4221,2017-03-15,123.61
4222,2017-03-16,123.62
4223,2017-03-17,123.54
4224,2017-03-18,123.52
4225,2017-03-19,123.58
4226,2017-03-20,123.62
4227,2017-03-21,123.63
4228,2017-03-22,123.63
4229,2017-03-23,123.56
4230,2017-03-24,123.6
4231,2017-03-25,123.63
4232,2017-03-26,123.66
4233,2017-03-27,123.63
4234,2017-03-28,123.62
4235,2017-03-29,123.63
4236,2017-03-30,123.64
4237,2017-03-31,123.63
4238,2017-04-01,123.57
4239,2017-04-02,123.64
4240,2017-04-03,123.62
4241,2017-04-04,123.6
4242,2017-04-05,123.63
4243,2017-04-06,123.65
4244,2017-04-07,123.66
4245,2017-04-08,123.67
4246,2017-04-09,123.67
4247,2017-04-10,123.67
4248,2017-04-11,123.67
4249,2017-04-12,123.62
4250,2017-04-13,123.56
4251,2017-04-14,123.44
4252,2017-04-15,123.48
4253,2017-04-16,123.52
4254,2017-04-17,123.55
4255,2017-04-18,123.57
4256,2017-04-19,123.58
4257,2017-04-20,123.58
4258,2017-04-21,123.58
4259,2017-04-22,123.52
4260,2017-04-23,123.51
4261,2017-04-24,123.54
4262,2017-04-25,123.46
4263,2017-04-26,123.49
4264,2017-04-27,123.5
4265,2017-04-28,123.51
4266,2017-04-29,123.52
4267,2017-04-30,123.49
4268,2017-05-01,123.52
4269,2017-05-02,123.54
4270,2017-05-03,123.52
4271,2017-05-04,123.54
4272,2017-05-05,123.48
4273,2017-05-06,123.47
4274,2017-05-07,123.48
4275,2017-05-08,123.49
4276,2017-05-09,123.5
4277,2017-05-10,123.44
4278,2017-05-11,123.46
4279,2017-05-12,123.48
4280,2017-05-13,123.48
4281,2017-05-14,123.48
4282,2017-05-15,123.47
4283,2017-05-16,123.46
4284,2017-05-17,123.44
4285,2017-05-18,123.44
4286,2017-05-19,123.46
4287,2017-05-20,123.46
4288,2017-05-21,123.46
4289,2017-05-22,123.44
4290,2017-05-23,123.43
4291,2017-05-24,123.43
4292,2017-05-25,123.43
4293,2017-05-26,123.44
4294,2017-05-27,123.44
4295,2017-05-28,123.42
4296,2017-05-29,123.42
4297,2017-05-30,123.41
4298,2017-05-31,123.43
4299,2017-06-01,123.43
4300,2017-06-02,123.43
4301,2017-06-03,123.43
4302,2017-06-04,123.44
4303,2017-06-05,123.44
4304,2017-06-06,123.44
4305,2017-06-07,123.44
4306,2017-06-08,123.44
4307,2017-06-09,123.45
4308,2017-06-10,123.45
4309,2017-06-11,123.45
4310,2017-06-12,123.45
4311,2017-06-13,123.45
4312,2017-06-14,123.46
4313,2017-06-15,123.46
4314,2017-06-16,123.46
4315,2017-06-17,123.46
4316,2017-06-18,123.46
4317,2017-06-19,123.47
4318,2017-06-20,123.47
4319,2017-06-21,123.47
4320,2017-06-22,123.47
4321,2017-06-23,123.47
4322,2017-06-24,123.47
4323,2017-06-25,123.48
4324,2017-06-26,123.48
4325,2017-06-27,123.48
4326,2017-06-28,123.48
4327,2017-06-29,123.48
4328,2017-06-30,123.49
4329,2017-07-01,123.49
4330,2017-07-02,123.49
4331,2017-07-03,123.49
4332,2017-07-04,123.49
4333,2017-07-05,123.49
4334,2017-07-06,123.48
4335,2017-07-07,123.48
4336,2017-07-08,123.47
4337,2017-07-09,123.46
4338,2017-07-10,123.45
4339,2017-07-11,123.44
4340,2017-07-12,123.44
4341,2017-07-13,123.43
4342,2017-07-14,123.42
4343,2017-07-15,123.41
4344,2017-07-16,123.4
4345,2017-07-17,123.4
4346,2017-07-18,123.39
4347,2017-07-19,123.38
4348,2017-07-20,123.37
4349,2017-07-21,123.36
4350,2017-07-22,123.35
4351,2017-07-23,123.34
4352,2017-07-24,123.34
4353,2017-07-25,123.41
4354,2017-07-26,123.41
4355,2017-07-27,123.38
4356,2017-07-28,123.38
4357,2017-07-29,123.37
4358,2017-07-30,123.34
4359,2017-07-31,123.34
4360,2017-08-01,123.34
4361,2017-08-02,123.35
4362,2017-08-03,123.35
4363,2017-08-04,123.35
4364,2017-08-05,123.34
4365,2017-08-06,123.33
4366,2017-08-07,123.31
4367,2017-08-08,123.32
4368,2017-08-09,123.27
4369,2017-08-10,123.29
4370,2017-08-11,123.26
4371,2017-08-12,123.23
4372,2017-08-13,123.22
4373,2017-08-14,123.21
4374,2017-08-15,123.22
4375,2017-08-16,123.25
4376,2017-08-17,123.28
4377,2017-08-18,123.28
4378,2017-08-19,123.33
4379,2017-08-20,123.33
4380,2017-08-21,123.33
4381,2017-08-22,123.31
4382,2017-08-23,123.31
4383,2017-08-24,123.25
4384,2017-08-25,123.28
4385,2017-08-26,123.29
4386,2017-08-27,123.29
4387,2017-08-28,123.35
4388,2017-08-29,123.36
4389,2017-08-30,123.25
4390,2017-08-31,123.26
4391,2017-09-01,123.27
4392,2017-09-02,123.27
4393,2017-09-03,123.28
4394,2017-09-04,123.28
4395,2017-09-05,123.29
4396,2017-09-06,123.29
4397,2017-09-07,123.28
4398,2017-09-08,123.29
4399,2017-09-09,123.3
4400,2017-09-10,123.39
4401,2017-09-11,123.38
4402,2017-09-12,123.37
4403,2017-09-13,123.34
4404,2017-09-14,123.35
4405,2017-09-15,123.5
4406,2017-09-16,123.48
4407,2017-09-17,123.45
4408,2017-09-18,123.43
4409,2017-09-19,123.42
4410,2017-09-20,123.4
4411,2017-09-21,123.38
4412,2017-09-22,123.29
4413,2017-09-23,123.31
4414,2017-09-24,123.27
4415,2017-09-25,123.27
4416,2017-09-26,123.23
4417,2017-09-27,123.25
4418,2017-09-28,123.22
4419,2017-09-29,123.26
4420,2017-09-30,123.28
4421,2017-10-01,123.39
4422,2017-10-02,123.4
4423,2017-10-03,123.39
4424,2017-10-04,123.4
4425,2017-10-05,123.38
4426,2017-10-06,123.38
4427,2017-10-07,123.32
4428,2017-10-08,123.31
4429,2017-10-09,123.31
4430,2017-10-10,123.32
4431,2017-10-11,123.25
4432,2017-10-12,123.29
4433,2017-10-13,123.3
4434,2017-10-14,123.29
4435,2017-10-15,123.31
4436,2017-10-16,123.25
4437,2017-10-17,123.21
4438,2017-10-18,123.25
4439,2017-10-19,123.2
4440,2017-10-20,123.23
4441,2017-10-21,123.25
4442,2017-10-22,123.27
4443,2017-10-23,123.27
4444,2017-10-24,123.28
4445,2017-10-25,123.27
4446,2017-10-26,123.17
4447,2017-10-27,123.11
4448,2017-10-28,123.11
4449,2017-10-29,123.15
4450,2017-10-30,123.18
4451,2017-10-31,123.2
4452,2017-11-01,123.14
4453,2017-11-02,123.14
4454,2017-11-03,123.13
4455,2017-11-04,123.08
4456,2017-11-05,123.12
4457,2017-11-06,123.15
4458,2017-11-07,123.09
4459,2017-11-08,123.14
4460,2017-11-09,123.14
4461,2017-11-10,123.15
4462,2017-11-11,123.08
4463,2017-11-12,123.15
4464,2017-11-13,123.23
4465,2017-11-14,123.24
4466,2017-11-15,123.24
4467,2017-11-16,123.25
4468,2017-11-17,123.26
4469,2017-11-18,123.22
4470,2017-11-19,123.22
4471,2017-11-20,123.24
4472,2017-11-21,123.26
4473,2017-11-22,123.26
4474,2017-11-23,123.27
4475,2017-11-24,123.27
4476,2017-11-25,123.27
4477,2017-11-26,123.26
4478,2017-11-27,123.25
4479,2017-11-28,123.24
4480,2017-11-29,123.29
4481,2017-11-30,123.3
4482,2017-12-01,123.3
4483,2017-12-02,123.28
4484,2017-12-03,123.26
4485,2017-12-04,123.26
4486,2017-12-05,123.25
4487,2017-12-06,123.25
4488,2017-12-07,123.25
4489,2017-12-08,123.27
4490,2017-12-09,123.28
4491,2017-12-10,123.28
4492,2017-12-11,123.33
4493,2017-12-12,123.35
4494,2017-12-13,123.32
4495,2017-12-14,123.34
4496,2017-12-15,123.35
4497,2017-12-16,123.35
4498,2017-12-17,123.33
4499,2017-12-18,123.32
4500,2017-12-19,123.33
4501,2017-12-20,123.32
4502,2017-12-21,123.32
4503,2017-12-22,123.32
4504,2017-12-23,123.32
4505,2017-12-24,123.33
4506,2017-12-25,123.34
4507,2017-12-26,123.36
4508,2017-12-27,123.39
4509,2017-12-28,123.42
4510,2017-12-29,123.41
4511,2017-12-30,123.43
4512,2017-12-31,123.47
4513,2018-01-01,123.48
4514,2018-01-02,123.48
4515,2018-01-03,123.46
4516,2018-01-04,123.48
4517,2018-01-05,123.51
4518,2018-01-06,123.54
4519,2018-01-07,123.54
4520,2018-01-08,123.54
4521,2018-01-09,123.55
4522,2018-01-10,123.55
4523,2018-01-11,123.56
4524,2018-01-12,123.56
4525,2018-01-13,123.55
4526,2018-01-14,123.56
4527,2018-01-15,123.55
4528,2018-01-16,123.57
4529,2018-01-17,123.6
4530,2018-01-18,123.61
4531,2018-01-19,123.65
4532,2018-01-20,123.69
4533,2018-01-21,123.72
4534,2018-01-22,123.75
4535,2018-01-23,123.84
4536,2018-01-24,123.89
4537,2018-01-25,123.95
4538,2018-01-26,124.07
4539,2018-01-27,124.18
4540,2018-01-28,124.26
4541,2018-01-29,124.34
4542,2018-01-30,124.41
4543,2018-01-31,124.48
4544,2018-02-01,124.54
4545,2018-02-02,124.61
4546,2018-02-03,124.63
4547,2018-02-04,124.64
4548,2018-02-05,124.64
4549,2018-02-06,124.65
4550,2018-02-07,124.65
4551,2018-02-08,124.65
4552,2018-02-09,124.64
4553,2018-02-10,124.63
4554,2018-02-11,124.63
4555,2018-02-12,124.66
4556,2018-02-13,124.64
4557,2018-02-14,124.64
4558,2018-02-15,124.62
4559,2018-02-16,124.55
4560,2018-02-17,124.51
4561,2018-02-18,124.56
4562,2018-02-19,124.58
4563,2018-02-20,124.6
4564,2018-02-21,124.59
4565,2018-02-22,124.6
4566,2018-02-23,124.58
4567,2018-02-24,124.6
4568,2018-02-25,124.61
4569,2018-02-26,124.6
4570,2018-02-27,124.6
4571,2018-02-28,124.61
4572,2018-03-01,124.63
4573,2018-03-02,124.65
4574,2018-03-03,124.64
4575,2018-03-04,124.61
4576,2018-03-05,124.61
4577,2018-03-06,124.62
4578,2018-03-07,124.61
4579,2018-03-08,124.58
4580,2018-03-09,124.48
4581,2018-03-10,124.39
4582,2018-03-11,124.4
4583,2018-03-12,124.44
4584,2018-03-13,124.44
4585,2018-03-14,124.44
4586,2018-03-15,124.44
4587,2018-03-16,124.43
4588,2018-03-17,124.44
4589,2018-03-19,124.44
4590,2018-03-20,124.43
4591,2018-03-21,124.41
4592,2018-03-22,124.39
4593,2018-03-23,124.35
4594,2018-03-24,124.29
4595,2018-03-25,124.27
4596,2018-03-27,124.26
4597,2018-03-29,124.32
4598,2018-03-30,124.36
4599,2018-03-31,124.36
4600,2018-04-01,124.34
4601,2018-04-03,124.36
4602,2018-04-04,124.35
4603,2018-04-05,124.35
4604,2018-04-06,124.3
4605,2018-04-07,124.31
4606,2018-04-08,124.31
4607,2018-04-09,124.33
4608,2018-04-10,124.35
4609,2018-04-11,124.31
4610,2018-04-12,124.29
4611,2018-04-13,124.21
4612,2018-04-14,124.19
4613,2018-04-15,124.22
4614,2018-04-16,124.2
4615,2018-04-17,124.15
4616,2018-04-18,124.18
4617,2018-04-19,124.17
4618,2018-04-20,124.12
4619,2018-04-21,124.08
4620,2018-04-22,124.09
4621,2018-04-23,124.12
4622,2018-04-24,124.14
4623,2018-04-25,124.15
4624,2018-04-26,124.14
4625,2018-04-27,124.07
4626,2018-04-28,124.09
4627,2018-04-29,124.07
4628,2018-04-30,124.12
4629,2018-05-01,124.15
4630,2018-05-02,124.15
4631,2018-05-03,124.16
4632,2018-05-04,124.11
4633,2018-05-05,124.06
4634,2018-05-06,124.06
4635,2018-05-07,124.07
4636,2018-05-08,124.07
4637,2018-05-09,124.05
4638,2018-05-10,124.05
4639,2018-05-11,124.04
4640,2018-05-12,124.05
4641,2018-05-13,124.06
4642,2018-05-14,124.07
4643,2018-05-15,124.14
4644,2018-05-16,124.15
4645,2018-05-17,124.12
4646,2018-05-18,124.08
4647,2018-05-19,124.06
4648,2018-05-20,124.05
4649,2018-05-21,124.05
4650,2018-05-22,124.05
4651,2018-05-23,124.03
4652,2018-05-24,124.01
4653,2018-05-25,124.02
4654,2018-05-26,124.02
4655,2018-05-27,123.99
4656,2018-05-28,124.0
4657,2018-05-29,123.99
4658,2018-05-30,124.0
4659,2018-05-31,123.99
4660,2018-06-01,123.97
4661,2018-06-02,123.96
4662,2018-06-03,123.91
4663,2018-06-04,123.93
4664,2018-06-05,123.96
4665,2018-06-06,124.01
4666,2018-06-07,124.12
4667,2018-06-08,124.11
4668,2018-06-09,124.09
4669,2018-06-10,124.08
4670,2018-06-11,124.07
4671,2018-06-12,124.17
4672,2018-06-13,124.2
4673,2018-06-14,124.18
4674,2018-06-15,124.16
4675,2018-06-16,124.15
4676,2018-06-17,124.14
4677,2018-06-18,124.13
4678,2018-06-19,124.12
4679,2018-06-20,124.11
4680,2018-06-21,124.11
4681,2018-06-22,124.11
4682,2018-06-23,124.1
4683,2018-06-24,124.11
4684,2018-06-25,124.11
4685,2018-06-26,124.11
4686,2018-06-27,124.12
4687,2018-06-28,124.11
4688,2018-06-29,124.1
4689,2018-06-30,124.11
4690,2018-07-01,124.1
4691,2018-07-02,124.1
4692,2018-07-03,124.14
4693,2018-07-04,124.14
4694,2018-07-05,124.13
4695,2018-07-06,124.12
4696,2018-07-07,124.1
4697,2018-07-08,124.08
4698,2018-07-09,124.07
4699,2018-07-10,124.06
4700,2018-07-11,124.05
4701,2018-07-12,124.04
4702,2018-07-13,124.04
4703,2018-07-14,124.03
4704,2018-07-15,124.02
4705,2018-07-16,124.01
4706,2018-07-17,124.01
4707,2018-07-18,123.99
4708,2018-07-19,123.99
4709,2018-07-20,123.98
4710,2018-07-21,123.95
4711,2018-07-22,123.94
4712,2018-07-23,123.94
4713,2018-07-24,123.94
4714,2018-07-25,123.93
4715,2018-07-26,123.93
4716,2018-07-27,123.91
4717,2018-07-28,123.91
4718,2018-07-29,123.9
4719,2018-07-30,123.89
4720,2018-07-31,123.89
4721,2018-08-01,123.88
4722,2018-08-02,123.86
4723,2018-08-03,123.8
4724,2018-08-04,123.82
4725,2018-08-05,123.83
4726,2018-08-06,123.83
4727,2018-08-07,123.83
4728,2018-08-08,123.82
4729,2018-08-09,123.82
4730,2018-08-10,123.81
4731,2018-08-11,123.81
4732,2018-08-12,123.8
4733,2018-08-13,123.81
4734,2018-08-14,123.78
4735,2018-08-15,123.78
4736,2018-08-16,123.77
4737,2018-08-17,123.75
4738,2018-08-18,123.74
4739,2018-08-19,123.73
4740,2018-08-20,123.73
4741,2018-08-21,123.67
4742,2018-08-22,123.66
4743,2018-08-23,123.66
4744,2018-08-24,123.68
4745,2018-08-25,123.69
4746,2018-08-26,123.7
4747,2018-08-27,123.71
4748,2018-08-28,123.7
4749,2018-08-29,123.71
4750,2018-08-30,123.69
4751,2018-08-31,123.67
4752,2018-09-01,123.67
4753,2018-09-02,123.67
4754,2018-09-03,123.68
4755,2018-09-04,123.68
4756,2018-09-05,123.68
4757,2018-09-06,123.68
4758,2018-09-07,123.67
4759,2018-09-08,123.66
4760,2018-09-09,123.65
4761,2018-09-10,123.64
4762,2018-09-11,123.64
4763,2018-09-12,123.62
4764,2018-09-13,123.62
4765,2018-09-14,123.62
4766,2018-09-15,123.62
4767,2018-09-16,123.62
4768,2018-09-17,123.62
4769,2018-09-18,123.62
4770,2018-09-19,123.61
4771,2018-09-20,123.61
4772,2018-09-21,123.61
4773,2018-09-22,123.61
4774,2018-09-23,123.61
4775,2018-09-24,123.61
4776,2018-09-25,123.61
4777,2018-09-26,123.6
4778,2018-09-27,123.6
4779,2018-09-28,123.6
4780,2018-09-29,123.6
4781,2018-09-30,123.58
4782,2018-10-01,123.58
4783,2018-10-02,123.58
4784,2018-10-03,123.58
4785,2018-10-04,123.56
4786,2018-10-05,123.53
4787,2018-10-06,123.54
4788,2018-10-07,123.56
4789,2018-10-08,123.56
4790,2018-10-09,123.55
4791,2018-10-10,123.54
4792,2018-10-11,123.55
4793,2018-10-12,123.53
4794,2018-10-13,123.46
4795,2018-10-14,123.46
4796,2018-10-15,123.49
4797,2018-10-16,123.5
4798,2018-10-17,123.5
4799,2018-10-18,123.49
4800,2018-10-19,123.48
4801,2018-10-20,123.48
4802,2018-10-21,123.48
4803,2018-10-22,123.47
4804,2018-10-23,123.47
4805,2018-10-24,123.48
4806,2018-10-25,123.47
4807,2018-10-26,123.47
4808,2018-10-27,123.47
4809,2018-10-28,123.48
4810,2018-10-29,123.49
4811,2018-10-30,123.51
4812,2018-10-31,123.51
4813,2018-11-01,123.48
4814,2018-11-02,123.46
4815,2018-11-03,123.46
4816,2018-11-04,123.49
4817,2018-11-05,123.52
4818,2018-11-06,123.51
4819,2018-11-07,123.48
4820,2018-11-08,123.42
4821,2018-11-09,123.46
4822,2018-11-10,123.48
4823,2018-11-11,123.49
4824,2018-11-12,123.5
4825,2018-11-13,123.48
4826,2018-11-14,123.47
4827,2018-11-15,123.41
4828,2018-11-16,123.4
4829,2018-11-17,123.42
4830,2018-11-18,123.44
4831,2018-11-19,123.46
4832,2018-11-20,123.48
4833,2018-11-21,123.49
4834,2018-11-22,123.49
4835,2018-11-23,123.49
4836,2018-11-24,123.43
4837,2018-11-25,123.42
4838,2018-11-26,123.44
4839,2018-11-27,123.45
4840,2018-11-28,123.43
4841,2018-11-29,123.43
4842,2018-11-30,123.45
4843,2018-12-01,123.46
4844,2018-12-02,123.51
4845,2018-12-03,123.52
4846,2018-12-05,123.54
4847,2018-12-07,123.56
4848,2018-12-09,123.55
4849,2018-12-10,123.56
4850,2018-12-11,123.57
4851,2018-12-12,123.57
4852,2018-12-13,123.59
4853,2018-12-15,123.59
4854,2018-12-16,123.61
4855,2018-12-17,123.61
4856,2018-12-18,123.57
4857,2018-12-19,123.52
4858,2018-12-20,123.53
4859,2018-12-21,123.57
4860,2018-12-22,123.58
4861,2018-12-23,123.6
4862,2018-12-24,123.61
4863,2018-12-25,123.62
4864,2018-12-26,123.62
4865,2018-12-27,123.63
4866,2018-12-28,123.63
4867,2018-12-29,123.62
4868,2018-12-30,123.62
4869,2018-12-31,123.62
4870,2019-01-01,123.6
4871,2019-01-02,123.6
4872,2019-01-03,123.61
4873,2019-01-05,123.61
4874,2019-01-06,123.61
4875,2019-01-07,123.62
4876,2019-01-08,123.63
4877,2019-01-10,123.63
4878,2019-01-11,123.62
4879,2019-01-12,123.62
4880,2019-01-13,123.62
4881,2019-01-14,123.63
4882,2019-01-15,123.61
4883,2019-01-18,123.6
4884,2019-01-19,123.59
4885,2019-01-21,123.59
4886,2019-01-22,123.6
4887,2019-01-23,123.64
4888,2019-01-24,123.63
4889,2019-01-26,123.61
4890,2019-01-27,123.67
4891,2019-01-28,123.68
4892,2019-01-29,123.67
4893,2019-01-30,123.71
4894,2019-02-01,123.72
4895,2019-02-02,123.73
4896,2019-02-03,123.71
4897,2019-02-04,123.69
4898,2019-02-05,123.69
4899,2019-02-07,123.69
4900,2019-02-08,123.69
4901,2019-02-09,123.7
4902,2019-02-10,123.75
4903,2019-02-11,123.74
4904,2019-02-12,123.72
4905,2019-02-13,123.7
4906,2019-02-14,123.7
4907,2019-02-15,123.71
4908,2019-02-16,123.65
4909,2019-02-17,123.69
4910,2019-02-18,123.71
4911,2019-02-19,123.72
4912,2019-02-20,123.68
4913,2019-02-21,123.73
4914,2019-02-22,123.78
4915,2019-02-23,123.77
4916,2019-02-24,123.81
4917,2019-02-25,123.82
4918,2019-02-26,123.7
4919,2019-02-27,123.66
4920,2019-02-28,123.6
4921,2019-03-01,123.61
4922,2019-03-02,123.61
4923,2019-03-03,123.58
4924,2019-03-04,123.53
4925,2019-03-06,123.55
4926,2019-03-07,123.56
4927,2019-03-09,123.69
4928,2019-03-10,123.72
4929,2019-03-11,123.78
4930,2019-03-12,123.77
4931,2019-03-14,123.63
4932,2019-03-15,123.67
4933,2019-03-16,123.67
4934,2019-03-17,123.69
4935,2019-03-18,123.76
4936,2019-03-19,123.8
4937,2019-03-22,123.75
4938,2019-03-23,123.73
4939,2019-03-24,123.7
4940,2019-03-25,123.72
4941,2019-03-26,123.74
4942,2019-03-27,123.64
4943,2019-03-28,123.65
4944,2019-03-29,123.65
4945,2019-03-30,123.67
4946,2019-03-31,123.68
4947,2019-04-01,123.68
4948,2019-04-02,123.62
4949,2019-04-03,123.65
4950,2019-04-04,123.67
4951,2019-04-05,123.67
4952,2019-04-06,123.66
4953,2019-04-07,123.66
4954,2019-04-08,123.66
4955,2019-04-09,123.55
4956,2019-04-10,123.56
4957,2019-04-11,123.57
4958,2019-04-12,123.56
4959,2019-04-13,123.55
4960,2019-04-15,123.57
4961,2019-04-16,123.59
4962,2019-04-17,123.58
4963,2019-04-18,123.55
4964,2019-04-19,123.54
4965,2019-04-20,123.5
4966,2019-04-21,123.52
4967,2019-04-22,123.53
4968,2019-04-23,123.53
4969,2019-04-24,123.51
4970,2019-04-25,123.49
4971,2019-04-26,123.48
4972,2019-04-27,123.48
4973,2019-04-28,123.46
4974,2019-04-29,123.48
4975,2019-04-30,123.49
4976,2019-05-01,123.48
4977,2019-05-02,123.46
4978,2019-05-03,123.48
4979,2019-05-04,123.52
4980,2019-05-05,123.52
4981,2019-05-06,123.51
4982,2019-05-07,123.5
4983,2019-05-08,123.51
4984,2019-05-09,123.58
4985,2019-05-10,123.59
4986,2019-05-11,123.58
4987,2019-05-12,123.59
4988,2019-05-13,123.57
4989,2019-05-14,123.51
4990,2019-05-15,123.51
4991,2019-05-16,123.52
4992,2019-05-17,123.51
4993,2019-05-18,123.54
4994,2019-05-19,123.55
4995,2019-05-20,123.56
4996,2019-05-21,123.56
4997,2019-05-22,123.55
4998,2019-05-23,123.51
4999,2019-05-24,123.49
5000,2019-05-24,123.49
5001,2019-05-31,123.48
5002,2019-06-01,123.48
5003,2019-06-02,123.48
5004,2019-06-03,123.48
5005,2019-06-04,123.45
5006,2019-06-05,123.47
5007,2019-06-06,123.5
5008,2019-06-07,123.51
5009,2019-06-08,123.51
5010,2019-06-09,123.51
5011,2019-06-10,123.52
5012,2019-06-11,123.52
5013,2019-06-12,123.51
5014,2019-06-13,123.51
5015,2019-06-14,123.5
5016,2019-06-15,123.49
5017,2019-06-16,123.48
5018,2019-06-17,123.49
5019,2019-06-18,123.47
5020,2019-06-19,123.48
5021,2019-06-20,123.48
5022,2019-06-21,123.48
5023,2019-06-22,123.43
5024,2019-06-23,123.45
5025,2019-06-24,123.45
5026,2019-06-25,123.5
5027,2019-06-26,123.51
5028,2019-06-27,123.51
5029,2019-06-28,123.52
5030,2019-06-29,123.51
5031,2019-06-30,123.51
5032,2019-07-01,123.51
5033,2019-07-02,123.51
5034,2019-07-03,123.51
5035,2019-07-04,123.5
5036,2019-07-05,123.5
5037,2019-07-06,123.49
5038,2019-07-07,123.49
5039,2019-07-08,123.48
5040,2019-07-09,123.48
5041,2019-07-10,123.46
5042,2019-07-11,123.47
5043,2019-07-12,123.46
5044,2019-07-13,123.46
5045,2019-07-14,123.45
5046,2019-07-15,123.44
5047,2019-07-16,123.44
5048,2019-07-17,123.44
5049,2019-07-18,123.43
5050,2019-07-19,123.43
5051,2019-07-20,123.43
5052,2019-07-21,123.42
5053,2019-07-22,123.41
5054,2019-07-23,123.4
5055,2019-07-24,123.4
5056,2019-07-25,123.4
5057,2019-07-26,123.4
5058,2019-07-27,123.39
5059,2019-07-28,123.39
5060,2019-07-29,123.39
5061,2019-07-30,123.38
5062,2019-07-31,123.37
5063,2019-08-01,123.37
5064,2019-08-02,123.36
5065,2019-08-03,123.36
5066,2019-08-04,123.34
5067,2019-08-05,123.35
5068,2019-08-06,123.34
5069,2019-08-07,123.35
5070,2019-08-08,123.35
5071,2019-08-09,123.35
5072,2019-08-10,123.35
5073,2019-08-11,123.34
5074,2019-08-12,123.33
5075,2019-08-13,123.31
5076,2019-08-13,123.31
5077,2019-08-13,123.31
5078,2019-08-13,123.31
5079,2019-08-13,123.31
5080,2019-08-13,123.31
5081,2019-08-13,123.31
5082,2019-08-13,123.31
5083,2019-08-13,123.31
5084,2019-08-13,123.31
5085,2019-08-13,123.31
5086,2019-08-13,123.31
5087,2019-08-13,123.31
5088,2019-08-13,123.31
5089,2019-08-13,123.31
5090,2019-08-13,123.31
5091,2019-08-13,123.31
5092,2019-08-13,123.31
5093,2019-08-13,123.31
5094,2019-08-13,123.31
5095,2019-08-13,123.31
5096,2019-08-13,123.31
5097,2019-08-13,123.31
5098,2019-08-14,123.31
5099,2019-08-15,123.3
5100,2019-08-16,123.29
5101,2019-08-17,123.29
5102,2019-08-18,123.33
5103,2019-08-19,123.31
5104,2019-08-20,123.25
5105,2019-08-21,123.26
5106,2019-08-22,123.27
5107,2019-08-23,123.28
5108,2019-08-24,123.29
5109,2019-08-25,123.29
5110,2019-08-26,123.29
5111,2019-08-27,123.29
5112,2019-08-28,123.26
5113,2019-08-29,123.25
5114,2019-08-30,123.25
5115,2019-08-31,123.26
5116,2019-09-01,123.26
5117,2019-09-02,123.26
5118,2019-09-03,123.25
5119,2019-09-04,123.25
5120,2019-09-05,123.25
5121,2019-09-05,123.25
5122,2019-09-05,123.25
5123,2019-09-05,123.25
5124,2019-09-05,123.25
5125,2019-09-05,123.25
5126,2019-09-05,123.25
5127,2019-09-05,123.25
5128,2019-09-05,123.25
5129,2019-09-05,123.25
5130,2019-09-05,123.25
5131,2019-09-05,123.25
5132,2019-09-05,123.25
5133,2019-09-05,123.25
5134,2019-09-05,123.25
5135,2019-09-05,123.25
5136,2019-09-05,123.25
5137,2019-09-05,123.25
5138,2019-09-05,123.25
5139,2019-09-05,123.25
5140,2019-09-06,123.25
5141,2019-09-07,123.24
5142,2019-09-08,123.24
5143,2019-09-09,123.25
5144,2019-09-10,123.25
5145,2019-09-11,123.24
5146,2019-09-12,123.23
5147,2019-09-13,123.23
5148,2019-09-14,123.23
5149,2019-09-15,123.24
5150,2019-09-16,123.24
5151,2019-09-17,123.24
5152,2019-09-17,123.24
5153,2019-09-17,123.24
5154,2019-09-17,123.24
5155,2019-09-17,123.24
5156,2019-09-17,123.24
5157,2019-09-17,123.24
5158,2019-09-17,123.24
5159,2019-09-17,123.24
5160,2019-09-17,123.24
5161,2019-09-17,123.24
5162,2019-09-17,123.24
5163,2019-09-17,123.24
5164,2019-09-17,123.24
5165,2019-09-17,123.24
5166,2019-09-17,123.24
5167,2019-09-17,123.24
5168,2019-09-17,123.24
5169,2019-09-17,123.24
5170,2019-09-17,123.24
5171,2019-09-17,123.24
5172,2019-09-17,123.24
5173,2019-09-17,123.24
5174,2019-09-17,123.24
5175,2019-09-17,123.24
5176,2019-09-17,123.24
5177,2019-09-17,123.24
5178,2019-09-17,123.24
5179,2019-09-17,123.24
5180,2019-09-17,123.24
5181,2019-09-17,123.24
5182,2019-09-17,123.24
5183,2019-09-17,123.24
5184,2019-09-17,123.24
5185,2019-09-17,123.24
5186,2019-09-17,123.24
5187,2019-09-17,123.24
5188,2019-09-17,123.24
5189,2019-09-17,123.24
5190,2019-09-17,123.24
5191,2019-09-17,123.24
5192,2019-09-17,123.24
5193,2019-09-17,123.24
5194,2019-09-17,123.24
5195,2019-09-17,123.24
5196,2019-09-17,123.24
5197,2019-09-17,123.24
5198,2019-09-17,123.24
5199,2019-09-17,123.24
5200,2019-09-17,123.24
5201,2019-09-18,123.24
5202,2019-09-18,123.24
5203,2019-09-18,123.24
5204,2019-09-18,123.24
5205,2019-09-18,123.24
5206,2019-09-18,123.24
5207,2019-09-18,123.24
5208,2019-09-18,123.24
5209,2019-09-18,123.24
5210,2019-09-18,123.24
5211,2019-09-18,123.24
5212,2019-09-18,123.24
5213,2019-09-18,123.24
5214,2019-09-18,123.24
5215,2019-09-18,123.24
5216,2019-09-18,123.24
5217,2019-09-18,123.24
5218,2019-09-18,123.24
5219,2019-09-18,123.24
5220,2019-09-18,123.24
5221,2019-09-18,123.24
5222,2019-09-18,123.24
5223,2019-09-18,123.24
5224,2019-09-18,123.24
5225,2019-09-18,123.24
5226,2019-09-18,123.24
5227,2019-09-18,123.24
5228,2019-09-18,123.24
5229,2019-09-18,123.24
5230,2019-09-18,123.24
5231,2019-09-18,123.24
5232,2019-09-18,123.24
5233,2019-09-18,123.24
5234,2019-09-18,123.24
5235,2019-09-18,123.24
5236,2019-09-18,123.24
5237,2019-09-18,123.24
5238,2019-09-18,123.24
5239,2019-09-18,123.24
5240,2019-09-18,123.24
5241,2019-09-18,123.24
5242,2019-09-18,123.24
5243,2019-09-18,123.24
5244,2019-09-18,123.24
5245,2019-09-18,123.24
5246,2019-09-18,123.24
5247,2019-09-18,123.24
5248,2019-09-18,123.24
5249,2019-09-18,123.24
5250,2019-09-18,123.24
5251,2019-09-30,123.3
5252,2019-10-01,123.3
5253,2019-10-02,123.3
5254,2019-10-03,123.28
5255,2019-10-04,123.29
5256,2019-10-05,123.3
5257,2019-10-06,123.3
5258,2019-10-07,123.29
5259,2019-10-08,123.3
5260,2019-10-09,123.3
5261,2019-10-10,123.31
5262,2019-10-11,123.29
5263,2019-10-12,123.27
5264,2019-10-13,123.25
5265,2019-10-13,123.25
5266,2019-10-13,123.25
5267,2019-10-13,123.25
5268,2019-10-13,123.25
5269,2019-10-13,123.25
5270,2019-10-13,123.25
5271,2019-10-13,123.25
5272,2019-10-13,123.25
5273,2019-10-13,123.25
5274,2019-10-13,123.25
5275,2019-10-13,123.25
5276,2019-10-13,123.25
5277,2019-10-13,123.25
5278,2019-10-13,123.25
5279,2019-10-13,123.25
5280,2019-10-13,123.25
5281,2019-10-13,123.25
5282,2019-10-13,123.25
5283,2019-10-13,123.25
5284,2019-10-13,123.25
5285,2019-10-13,123.25
5286,2019-10-13,123.25
5287,2019-10-13,123.25
5288,2019-10-13,123.25
5289,2019-10-13,123.25
5290,2019-10-13,123.25
5291,2019-10-13,123.25
5292,2019-10-13,123.25
5293,2019-10-13,123.25
5294,2019-10-13,123.25
5295,2019-10-14,123.25
5296,2019-10-15,123.22
5297,2019-10-16,123.23
5298,2019-10-17,123.15
5299,2019-10-18,123.19
5300,2019-10-19,123.24
5301,2019-10-20,123.35
5302,2019-10-21,123.39
5303,2019-10-22,123.4
5304,2019-10-23,123.41
5305,2019-10-24,123.33
5306,2019-10-24,123.33
5307,2019-10-24,123.33
5308,2019-10-24,123.33
5309,2019-10-24,123.33
5310,2019-10-24,123.33
5311,2019-10-24,123.33
5312,2019-10-24,123.33
5313,2019-10-24,123.33
5314,2019-10-24,123.33
5315,2019-10-24,123.33
5316,2019-10-24,123.33
5317,2019-10-24,123.33
5318,2019-10-24,123.33
5319,2019-10-24,123.33
5320,2019-10-24,123.33
5321,2019-10-24,123.33
5322,2019-10-24,123.33
5323,2019-10-24,123.33
5324,2019-10-24,123.33
5325,2019-10-24,123.33
5326,2019-10-24,123.33
5327,2019-10-24,123.33
5328,2019-10-24,123.33
5329,2019-10-24,123.33
5330,2019-10-24,123.33
5331,2019-10-24,123.33
5332,2019-10-24,123.33
5333,2019-10-24,123.33
5334,2019-10-24,123.33
5335,2019-10-24,123.33
5336,2019-10-24,123.33
5337,2019-10-24,123.33
5338,2019-10-24,123.33
5339,2019-10-24,123.33
5340,2019-10-24,123.33
5341,2019-10-24,123.33
5342,2019-10-24,123.33
5343,2019-10-24,123.33
5344,2019-10-24,123.33
5345,2019-10-24,123.33
5346,2019-10-24,123.33
5347,2019-10-24,123.33
5348,2019-10-24,123.33
5349,2019-10-24,123.33
5350,2019-10-24,123.33
5351,2019-10-24,123.33
5352,2019-10-24,123.33
5353,2019-10-24,123.33
5354,2019-10-24,123.33
5355,2019-10-24,123.33
5356,2019-10-24,123.33
5357,2019-10-24,123.33
5358,2019-10-24,123.33
5359,2019-10-24,123.33
5360,2019-10-27,123.26
5361,2019-10-28,123.29
5362,2019-10-29,123.22
5363,2019-10-30,123.14
5364,2019-10-31,123.14
5365,2019-11-01,123.23
5366,2019-11-02,123.29
5367,2019-11-03,123.39
5368,2019-11-04,123.43
5369,2019-11-05,123.44
5370,2019-11-06,123.44
5371,2019-11-07,123.46
5372,2019-11-08,123.46
5373,2019-11-09,123.47
5374,2019-11-10,123.47
5375,2019-11-11,123.43
5376,2019-11-12,123.45
5377,2019-11-13,123.46
5378,2019-11-14,123.46
5379,2019-11-15,123.45
5380,2019-11-16,123.43
5381,2019-11-17,123.46
5382,2019-11-18,123.47
5383,2019-11-19,123.47
5384,2019-11-20,123.47
5385,2019-11-21,123.49
5386,2019-11-22,123.39
5387,2019-11-23,123.41
5388,2019-11-24,123.43
5389,2019-11-25,123.44
5390,2019-11-26,123.44
5391,2019-11-27,123.43
5392,2019-11-27,123.43
5393,2019-11-27,123.43
5394,2019-11-27,123.43
5395,2019-11-27,123.43
5396,2019-11-27,123.43
5397,2019-11-27,123.43
5398,2019-11-27,123.43
5399,2019-11-27,123.43
5400,2019-11-27,123.43
5401,2019-11-27,123.43
5402,2019-11-27,123.43
5403,2019-11-27,123.43
5404,2019-11-27,123.43
5405,2019-11-27,123.43
5406,2019-11-27,123.43
5407,2019-11-27,123.43
5408,2019-11-27,123.43
5409,2019-11-27,123.43
5410,2019-11-27,123.43
5411,2019-11-27,123.43
5412,2019-11-27,123.43
5413,2019-11-27,123.43
5414,2019-11-27,123.43
5415,2019-11-27,123.43
5416,2019-11-27,123.43
5417,2019-11-27,123.43
5418,2019-11-27,123.43
5419,2019-11-27,123.43
5420,2019-11-27,123.43
5421,2019-11-27,123.43
5422,2019-11-27,123.43
5423,2019-11-27,123.43
5424,2019-11-27,123.43
5425,2019-11-27,123.43
5426,2019-11-27,123.43
5427,2019-11-27,123.43
5428,2019-11-27,123.43
5429,2019-11-27,123.43
5430,2019-11-27,123.43
5431,2019-11-27,123.43
5432,2019-11-27,123.43
5433,2019-11-27,123.43
5434,2019-11-27,123.43
5435,2019-11-27,123.43
5436,2019-11-27,123.43
5437,2019-11-27,123.43
5438,2019-11-27,123.43
5439,2019-11-27,123.43
5440,2019-11-27,123.43
5441,2019-11-27,123.43
5442,2019-11-27,123.43
5443,2019-11-27,123.43
5444,2019-11-27,123.43
5445,2019-11-27,123.43
5446,2019-11-27,123.43
5447,2019-11-27,123.43
5448,2019-11-27,123.43
5449,2019-11-27,123.43
5450,2019-11-27,123.43
5451,2019-11-27,123.43
5452,2019-11-27,123.43
5453,2019-11-27,123.43
5454,2019-11-27,123.43
5455,2019-11-28,123.46
5456,2019-11-29,123.46
5457,2019-11-30,123.46
5458,2019-12-01,123.47
5459,2019-12-02,123.47
5460,2019-12-03,123.41
5461,2019-12-04,123.43
5462,2019-12-05,123.42
5463,2019-12-06,123.44
5464,2019-12-07,123.45
5465,2019-12-08,121.28
5466,2019-12-09,121.31
5467,2019-12-10,121.29
5468,2019-12-11,123.5
5469,2019-12-12,123.52
5470,2019-12-13,123.54
5471,2019-12-14,123.55
5472,2019-12-15,123.57
5473,2019-12-16,123.57
5474,2019-12-16,123.57
5475,2019-12-16,123.57
5476,2019-12-16,123.57
5477,2019-12-16,123.57
5478,2019-12-16,123.57
5479,2019-12-16,123.57
5480,2019-12-16,123.57
5481,2019-12-16,123.57
5482,2019-12-16,123.57
5483,2019-12-16,123.57
5484,2019-12-16,123.57
5485,2019-12-16,123.57
5486,2019-12-16,123.57
5487,2019-12-16,123.57
5488,2019-12-16,123.57
5489,2019-12-16,123.57
5490,2019-12-16,123.57
5491,2019-12-16,123.57
5492,2019-12-16,123.57
5493,2019-12-16,123.57
5494,2019-12-16,123.57
5495,2019-12-16,123.57
5496,2019-12-16,123.57
5497,2019-12-16,123.57
5498,2019-12-16,123.57
5499,2019-12-16,123.57
5500,2019-12-16,123.57
5501,2019-12-16,123.57
5502,2019-12-16,123.57
5503,2019-12-16,123.57
5504,2019-12-16,123.57
5505,2019-12-16,123.57
5506,2019-12-16,123.57
5507,2019-12-16,123.57
5508,2019-12-16,123.57
5509,2019-12-16,123.57
5510,2019-12-16,123.57
5511,2019-12-16,123.57
5512,2019-12-16,123.57
5513,2019-12-16,123.57
5514,2019-12-16,123.57
5515,2019-12-16,123.57
5516,2019-12-16,123.57
5517,2019-12-16,123.57
5518,2019-12-16,123.57
5519,2019-12-16,123.57
5520,2019-12-16,123.57
5521,2019-12-16,123.59
5522,2019-12-17,123.6
5523,2019-12-18,123.62
5524,2019-12-19,123.65
5525,2019-12-20,123.67
5526,2019-12-21,123.68
5527,2019-12-22,123.69
5528,2019-12-23,123.68
5529,2019-12-24,123.66
5530,2019-12-25,123.66
5531,2019-12-26,123.67
5532,2019-12-27,123.7
5533,2019-12-28,123.71
5534,2019-12-29,123.71
5535,2019-12-30,123.71
5536,2019-12-31,123.71
5537,2020-01-01,123.71
5538,2020-01-02,123.71
5539,2020-01-02,123.71
5540,2020-01-02,123.71
5541,2020-01-02,123.71
5542,2020-01-02,123.71
5543,2020-01-02,123.71
5544,2020-01-02,123.71
5545,2020-01-02,123.71
5546,2020-01-02,123.71
5547,2020-01-02,123.71
5548,2020-01-02,123.71
5549,2020-01-02,123.71
5550,2020-01-02,123.71
5551,2020-01-02,123.71
5552,2020-01-02,123.71
5553,2020-01-02,123.71
5554,2020-01-02,123.71
5555,2020-01-02,123.71
5556,2020-01-02,123.71
5557,2020-01-02,123.71
5558,2020-01-02,123.71
5559,2020-01-02,123.71
5560,2020-01-02,123.71
5561,2020-01-02,123.71
5562,2020-01-02,123.71
5563,2020-01-02,123.71
5564,2020-01-02,123.71
5565,2020-01-02,123.71
5566,2020-01-02,123.71
5567,2020-01-02,123.71
5568,2020-01-02,123.71
5569,2020-01-02,123.71
5570,2020-01-02,123.71
5571,2020-01-02,123.71
5572,2020-01-02,123.71
5573,2020-01-02,123.71
5574,2020-01-02,123.71
5575,2020-01-02,123.71
5576,2020-01-02,123.71
5577,2020-01-02,123.71
5578,2020-01-02,123.71
5579,2020-01-02,123.71
5580,2020-01-02,123.71
5581,2020-01-02,123.71
5582,2020-01-02,123.71
5583,2020-01-02,123.71
5584,2020-01-02,123.71
5585,2020-01-02,123.71
5586,2020-01-02,123.71
5587,2020-01-02,123.71
5588,2020-01-02,123.71
5589,2020-01-02,123.71
5590,2020-01-02,123.71
5591,2020-01-02,123.71
5592,2020-01-02,123.71
5593,2020-01-02,123.71
5594,2020-01-02,123.71
5595,2020-01-02,123.71
5596,2020-01-02,123.71
5597,2020-01-02,123.71
5598,2020-01-02,123.71
5599,2020-01-02,123.71
5600,2020-01-02,123.71
5601,2020-01-02,123.71
5602,2020-01-02,123.71
5603,2020-01-02,123.71
5604,2020-01-02,123.71
5605,2020-01-02,123.71
5606,2020-01-02,123.71
5607,2020-01-02,123.71
5608,2020-01-02,123.71
5609,2020-01-02,123.71
5610,2020-01-02,123.71
5611,2020-01-02,123.71
5612,2020-01-02,123.71
5613,2020-01-02,123.71
5614,2020-01-03,123.72
5615,2020-01-04,123.72
5616,2020-01-05,123.71
5617,2020-01-06,123.73
5618,2020-01-07,123.73
5619,2020-01-08,123.74
5620,2020-01-09,123.75
5621,2020-01-10,123.75
5622,2020-01-11,123.76
5623,2020-01-12,123.77
5624,2020-01-13,123.79
5625,2020-01-14,123.8
5626,2020-01-15,123.8
5627,2020-01-16,123.79
5628,2020-01-17,123.8
5629,2020-01-18,123.79
5630,2020-01-19,123.79
5631,2020-01-20,123.77
5632,2020-01-21,123.77
5633,2020-01-22,123.78
5634,2020-01-23,123.79
5635,2020-01-24,123.8
5636,2020-01-25,123.81
5637,2020-01-26,123.79
5638,2020-01-27,123.84
5639,2020-01-28,123.87
5640,2020-01-29,123.87
5641,2020-01-30,123.89
5642,2020-01-31,123.89
5643,2020-01-31,123.89
5644,2020-01-31,123.89
5645,2020-01-31,123.89
5646,2020-01-31,123.89
5647,2020-01-31,123.89
5648,2020-01-31,123.89
5649,2020-01-31,123.89
5650,2020-01-31,123.89
5651,2020-01-31,123.89
5652,2020-01-31,123.89
5653,2020-01-31,123.89
5654,2020-01-31,123.89
5655,2020-01-31,123.89
5656,2020-01-31,123.89
5657,2020-01-31,123.89
5658,2020-01-31,123.89
5659,2020-01-31,123.89
5660,2020-01-31,123.89
5661,2020-01-31,123.89
5662,2020-01-31,123.89
5663,2020-01-31,123.89
5664,2020-01-31,123.89
5665,2020-01-31,123.89
5666,2020-01-31,123.89
5667,2020-01-31,123.89
5668,2020-01-31,123.89
5669,2020-01-31,123.89
5670,2020-01-31,123.89
5671,2020-01-31,123.89
5672,2020-01-31,123.89
5673,2020-02-01,123.85
5674,2020-02-02,123.89
5675,2020-02-03,123.95
5676,2020-02-04,123.98
5677,2020-02-05,123.99
5678,2020-02-06,124.0
5679,2020-02-07,124.0
5680,2020-02-08,123.92
5681,2020-02-09,123.97
5682,2020-02-10,124.01
5683,2020-02-10,124.01
5684,2020-02-10,124.01
5685,2020-02-10,124.01
5686,2020-02-10,124.01
5687,2020-02-10,124.01
5688,2020-02-10,124.01
5689,2020-02-10,124.01
5690,2020-02-10,124.01
5691,2020-02-10,124.01
5692,2020-02-10,124.01
5693,2020-02-10,124.01
5694,2020-02-10,124.01
5695,2020-02-10,124.01
5696,2020-02-10,124.01
5697,2020-02-10,124.01
5698,2020-02-10,124.01
5699,2020-02-10,124.01
5700,2020-02-10,124.01
5701,2020-02-10,124.01
5702,2020-02-10,124.01
5703,2020-02-10,124.01
5704,2020-02-11,124.02
5705,2020-02-12,124.04
5706,2020-02-13,124.05
5707,2020-02-14,123.98
5708,2020-02-15,124.01
5709,2020-02-16,124.04
5710,2020-02-17,124.03
5711,2020-02-17,124.03
5712,2020-02-17,124.03
5713,2020-02-17,124.03
5714,2020-02-17,124.03
5715,2020-02-17,124.03
5716,2020-02-17,124.03
5717,2020-02-17,124.03
5718,2020-02-17,124.03
5719,2020-02-17,124.03
5720,2020-02-17,124.03
5721,2020-02-17,124.03
5722,2020-02-17,124.03
5723,2020-02-17,124.03
5724,2020-02-17,124.03
5725,2020-02-17,124.03
5726,2020-02-17,124.03
5727,2020-02-17,124.03
5728,2020-02-17,124.03
5729,2020-02-17,124.03
5730,2020-02-17,124.03
5731,2020-02-17,124.03
5732,2020-02-17,124.03
5733,2020-02-17,124.03
5734,2020-02-17,124.03
5735,2020-02-17,124.03
5736,2020-02-17,124.03
5737,2020-02-17,124.03
5738,2020-02-17,124.03
5739,2020-02-17,124.03
5740,2020-02-17,124.03
5741,2020-02-17,124.03
5742,2020-02-17,124.03
5743,2020-02-17,124.03
5744,2020-02-17,124.03
5745,2020-02-17,124.03
5746,2020-02-17,124.03
5747,2020-02-17,124.03
5748,2020-02-17,124.03
5749,2020-02-17,124.03
5750,2020-02-18,124.08
5751,2020-02-19,124.08
5752,2020-02-20,124.08
5753,2020-02-21,124.07
5754,2020-02-22,124.06
5755,2020-02-23,124.06
5756,2020-02-24,124.08
5757,2020-02-25,124.11
5758,2020-02-26,124.13
5759,2020-02-27,124.16
5760,2020-02-28,124.17
5761,2020-02-29,124.2
5762,2020-03-01,124.21
5763,2020-03-02,124.21
5764,2020-03-02,124.21
5765,2020-03-02,124.21
5766,2020-03-02,124.21
5767,2020-03-02,124.21
5768,2020-03-02,124.21
5769,2020-03-02,124.21
5770,2020-03-02,124.21
5771,2020-03-02,124.21
5772,2020-03-02,124.21
5773,2020-03-02,124.21
5774,2020-03-02,124.21
5775,2020-03-02,124.21
5776,2020-03-02,124.21
5777,2020-03-02,124.21
5778,2020-03-02,124.21
5779,2020-03-02,124.21
5780,2020-03-02,124.21
5781,2020-03-02,124.21
5782,2020-03-02,124.21
5783,2020-03-02,124.21
5784,2020-03-02,124.21
5785,2020-03-02,124.21
5786,2020-03-02,124.21
5787,2020-03-02,124.21
5788,2020-03-02,124.21
5789,2020-03-02,124.21
5790,2020-03-02,124.21
5791,2020-03-02,124.21
5792,2020-03-02,124.21
5793,2020-03-02,124.21
5794,2020-03-02,124.21
5795,2020-03-02,124.21
5796,2020-03-02,124.21
5797,2020-03-02,124.21
5798,2020-03-02,124.21
5799,2020-03-02,124.21
5800,2020-03-02,124.21
5801,2020-03-02,124.21
5802,2020-03-02,124.21
5803,2020-03-02,124.21
5804,2020-03-02,124.21
5805,2020-03-02,124.21
5806,2020-03-02,124.21
5807,2020-03-02,124.21
5808,2020-03-02,124.21
5809,2020-03-03,124.24
5810,2020-03-04,124.19
5811,2020-03-05,124.26
5812,2020-03-06,124.28
5813,2020-03-07,124.26
5814,2020-03-08,124.29
5815,2020-03-09,124.3
5816,2020-03-10,124.3
5817,2020-03-11,124.31
5818,2020-03-12,124.3
5819,2020-03-13,124.31
5820,2020-03-14,124.29
5821,2020-03-15,124.32
5822,2020-03-16,124.32
5823,2020-03-17,124.28
5824,2020-03-18,124.26
5825,2020-03-19,124.26
5826,2020-03-20,124.28
5827,2020-03-21,124.3
5828,2020-03-22,124.32
5829,2020-03-22,124.32
5830,2020-03-22,124.32
5831,2020-03-22,124.32
5832,2020-03-22,124.32
5833,2020-03-22,124.32
5834,2020-03-22,124.32
5835,2020-03-22,124.32
5836,2020-03-22,124.32
5837,2020-03-22,124.32
5838,2020-03-22,124.32
5839,2020-03-22,124.32
5840,2020-03-22,124.32
5841,2020-03-22,124.32
5842,2020-03-22,124.32
5843,2020-03-22,124.32
5844,2020-03-22,124.32
5845,2020-03-22,124.32
5846,2020-03-22,124.32
5847,2020-03-22,124.32
5848,2020-03-22,124.32
5849,2020-03-22,124.32
5850,2020-03-22,124.32
5851,2020-03-22,124.32
5852,2020-03-22,124.32
5853,2020-03-22,124.32
5854,2020-03-22,124.32
5855,2020-03-22,124.32
5856,2020-03-22,124.32
5857,2020-03-22,124.32
5858,2020-03-22,124.32
5859,2020-03-23,124.33
5860,2020-03-24,124.33
5861,2020-03-25,124.34
5862,2020-03-26,124.35
5863,2020-03-27,124.35
5864,2020-03-28,124.31
5865,2020-03-29,124.28
5866,2020-03-30,124.29
5867,2020-03-31,124.29
5868,2020-04-01,124.3
5869,2020-04-02,124.3
5870,2020-04-03,124.29
5871,2020-04-03,124.29
5872,2020-04-03,124.29
5873,2020-04-03,124.29
5874,2020-04-03,124.29
5875,2020-04-03,124.29
5876,2020-04-03,124.29
5877,2020-04-03,124.29
5878,2020-04-03,124.29
5879,2020-04-03,124.29
5880,2020-04-03,124.29
5881,2020-04-03,124.29
5882,2020-04-03,124.29
5883,2020-04-03,124.29
5884,2020-04-03,124.29
5885,2020-04-03,124.29
5886,2020-04-03,124.29
5887,2020-04-03,124.29
5888,2020-04-03,124.29
5889,2020-04-03,124.29
5890,2020-04-03,124.29
5891,2020-04-03,124.29
5892,2020-04-03,124.29
5893,2020-04-03,124.29
5894,2020-04-03,124.29
5895,2020-04-03,124.29
5896,2020-04-03,124.29
5897,2020-04-03,124.29
5898,2020-04-03,124.29
5899,2020-04-03,124.29
5900,2020-04-03,124.29
5901,2020-04-03,124.29
5902,2020-04-03,124.29
5903,2020-04-03,124.29
5904,2020-04-03,124.29
5905,2020-04-03,124.29
5906,2020-04-03,124.29
5907,2020-04-03,124.29
5908,2020-04-03,124.29
5909,2020-04-03,124.29
5910,2020-04-03,124.29
5911,2020-04-03,124.29
5912,2020-04-03,124.29
5913,2020-04-03,124.29
5914,2020-04-03,124.29
5915,2020-04-03,124.29
5916,2020-04-03,124.29
5917,2020-04-03,124.29
5918,2020-04-03,124.29
5919,2020-04-03,124.29
5920,2020-04-03,124.29
5921,2020-04-03,124.29
5922,2020-04-03,124.29
5923,2020-04-04,124.27
5924,2020-04-05,124.25
5925,2020-04-06,124.23
5926,2020-04-07,124.11
5927,2020-04-08,124.11
5928,2020-04-09,124.09
5929,2020-04-10,124.05
5930,2020-04-11,123.99
5931,2020-04-12,124.02
5932,2020-04-13,124.03
5933,2020-04-14,124.03
5934,2020-04-15,124.03
5935,2020-04-16,124.01
5936,2020-04-17,123.98
5937,2020-04-18,123.95
5938,2020-04-19,123.93
5939,2020-04-20,123.93
5940,2020-04-20,123.93
5941,2020-04-20,123.93
5942,2020-04-20,123.93
5943,2020-04-20,123.93
5944,2020-04-20,123.93
5945,2020-04-20,123.93
5946,2020-04-20,123.93
5947,2020-04-20,123.93
5948,2020-04-20,123.93
5949,2020-04-20,123.93
5950,2020-04-20,123.93
5951,2020-04-20,123.93
5952,2020-04-20,123.93
5953,2020-04-20,123.93
5954,2020-04-20,123.93
5955,2020-04-20,123.93
5956,2020-04-20,123.93
5957,2020-04-20,123.93
5958,2020-04-20,123.93
5959,2020-04-20,123.93
5960,2020-04-20,123.93
5961,2020-04-20,123.93
5962,2020-04-20,123.93
5963,2020-04-20,123.93
5964,2020-04-20,123.93
5965,2020-04-20,123.93
5966,2020-04-21,123.97
5967,2020-04-22,123.97
5968,2020-04-23,123.91
5969,2020-04-24,123.87
5970,2020-04-25,123.88
5971,2020-04-26,123.89
5972,2020-04-27,123.9
5973,2020-04-28,123.87
5974,2020-04-29,123.88
5975,2020-04-30,123.88
5976,2020-05-01,123.88
5977,2020-05-02,123.88
5978,2020-05-03,123.84
5979,2020-05-04,123.85
5980,2020-05-05,123.84
5981,2020-05-06,123.85
5982,2020-05-07,123.82
5983,2020-05-08,123.8
5984,2020-05-09,123.81
5985,2020-05-10,123.79
5986,2020-05-11,124.02
5987,2020-05-12,124.03
5988,2020-05-13,124.03
5989,2020-05-14,124.0
5990,2020-05-15,123.99
5991,2020-05-16,123.97
5992,2020-05-17,123.97
5993,2020-05-18,123.96
5994,2020-05-19,123.95
5995,2020-05-20,123.94
5996,2020-05-21,123.94
5997,2020-05-22,123.94
5998,2020-05-23,123.94
5999,2020-05-24,123.9
6000,2020-05-25,123.88
6001,2020-05-26,123.85
6002,2020-05-27,123.85
6003,2020-05-28,123.86
6004,2020-05-29,123.86
6005,2020-05-30,123.86
6006,2020-05-31,123.87
6007,2020-06-01,123.87
6008,2020-06-02,123.87
6009,2020-06-03,123.86
6010,2020-06-04,123.85
6011,2020-06-05,123.86
6012,2020-06-06,123.88
6013,2020-06-07,123.87
6014,2020-06-08,123.86
6015,2020-06-09,123.85
6016,2020-06-10,123.84
6017,2020-06-11,123.84
6018,2020-06-12,123.88
6019,2020-06-13,123.9
6020,2020-06-14,123.88
6021,2020-06-15,123.86
6022,2020-06-16,123.85
6023,2020-06-17,123.85
6024,2020-06-18,123.87
6025,2020-06-19,123.87
6026,2020-06-20,123.85
6027,2020-06-21,123.84
6028,2020-06-22,123.83
6029,2020-06-23,123.81
6030,2020-06-24,123.81
6031,2020-06-25,123.81
6032,2020-06-26,123.78
6033,2020-06-27,123.85
6034,2020-06-28,123.9
6035,2020-06-29,123.89
6036,2020-06-30,123.88
6037,2020-07-01,123.87
6038,2020-07-02,123.86
6039,2020-07-03,123.85
6040,2020-07-04,123.84
6041,2020-07-05,123.83
6042,2020-07-06,123.83
6043,2020-07-07,123.81
6044,2020-07-08,123.81
6045,2020-07-09,123.8
6046,2020-07-10,123.8
6047,2020-07-11,123.78
6048,2020-07-12,123.77
6049,2020-07-13,123.77
6050,2020-07-14,123.77
6051,2020-07-15,123.76
6052,2020-07-16,123.76
6053,2020-07-17,123.75
6054,2020-07-18,123.73
6055,2020-07-19,123.73
6056,2020-07-20,123.73
6057,2020-07-21,123.71
6058,2020-07-22,123.7
6059,2020-07-23,123.69
6060,2020-07-24,123.68
6061,2020-07-25,123.66
6062,2020-07-26,123.64
6063,2020-07-27,123.63
6064,2020-07-28,123.63
6065,2020-07-29,123.6
6066,2020-07-30,123.59
6067,2020-07-31,123.54
6068,2020-08-01,123.5
6069,2020-08-02,123.52
6070,2020-08-03,123.53
6071,2020-08-04,123.54
6072,2020-08-05,123.52
6073,2020-08-06,123.52
6074,2020-08-07,123.52
6075,2020-08-08,123.51
6076,2020-08-09,123.52
6077,2020-08-10,123.52
6078,2020-08-11,123.52
6079,2020-08-12,123.51
6080,2020-08-13,123.54
6081,2020-08-14,123.53
6082,2020-08-15,123.51
6083,2020-08-16,123.51
6084,2020-08-17,123.5
6085,2020-08-18,123.47
6086,2020-08-19,123.48
6087,2020-08-20,123.48
6088,2020-08-21,123.48
6089,2020-08-22,123.43
6090,2020-08-23,123.43
6091,2020-08-24,123.43
6092,2020-08-25,123.36
6093,2020-08-26,123.38
6094,2020-08-27,123.4
6095,2020-08-28,123.42
6096,2020-08-29,123.43
6097,2020-08-30,123.43
6098,2020-08-31,123.43
6099,2020-09-01,123.42
6100,2020-09-02,123.4
6101,2020-09-03,123.37
6102,2020-09-04,123.32
6103,2020-09-05,123.32
6104,2020-09-06,123.34
6105,2020-09-07,123.35
6106,2020-09-08,123.35
6107,2020-09-09,123.36
6108,2020-09-10,123.36
6109,2020-09-11,123.37
6110,2020-09-12,123.36
6111,2020-09-13,123.36
6112,2020-09-14,123.35
6113,2020-09-15,123.36
6114,2020-09-16,123.33
6115,2020-09-17,123.34
6116,2020-09-18,123.34
6117,2020-09-19,123.34
6118,2020-09-20,123.34
6119,2020-09-21,123.34
6120,2020-09-22,123.33
6121,2020-09-23,123.33
6122,2020-09-24,123.34
6123,2020-09-25,123.33
6124,2020-09-26,123.32
6125,2020-09-27,123.33
6126,2020-09-28,123.37
6127,2020-09-29,123.38
6128,2020-09-30,123.38
6129,2020-10-01,123.38
6130,2020-10-02,123.42
6131,2020-10-03,123.46
6132,2020-10-04,123.46
6133,2020-10-05,123.46
6134,2020-10-06,123.43
6135,2020-10-07,123.42
6136,2020-10-08,123.42
6137,2020-10-09,123.42
6138,2020-10-10,123.4
6139,2020-10-11,123.4
6140,2020-10-12,123.38
6141,2020-10-13,123.36
6142,2020-10-14,123.37
6143,2020-10-15,123.36
6144,2020-10-16,123.36
6145,2020-10-17,123.3
6146,2020-10-18,123.31
6147,2020-10-19,123.31
6148,2020-10-20,123.31
6149,2020-10-21,123.25
6150,2020-10-22,123.3
6151,2020-10-23,123.25
6152,2020-10-24,123.3
6153,2020-10-25,123.34
6154,2020-10-26,123.38
6155,2020-10-27,123.38
6156,2020-10-28,123.39
6157,2020-10-29,123.4
6158,2020-10-30,123.39
6159,2020-10-31,123.37
6160,2020-11-01,123.28
6161,2020-11-02,123.32
6162,2020-11-03,123.34
6163,2020-11-04,123.35
6164,2020-11-05,123.25
6165,2020-11-06,123.25
6166,2020-11-07,123.27
6167,2020-11-08,123.31
6168,2020-11-09,123.24
6169,2020-11-10,123.19
6170,2020-11-11,123.19
6171,2020-11-12,123.25
6172,2020-11-13,123.25
6173,2020-11-14,123.29
6174,2020-11-15,123.31
6175,2020-11-16,123.32
6176,2020-11-17,123.33
6177,2020-11-18,123.29
6178,2020-11-19,123.28
6179,2020-11-20,123.21
6180,2020-11-21,123.24
6181,2020-11-22,123.28
6182,2020-11-23,123.3
6183,2020-11-24,123.31
6184,2020-11-25,123.32
6185,2020-11-26,123.2
6186,2020-11-27,123.17
6187,2020-11-28,123.22
6188,2020-11-29,123.25
6189,2020-11-30,123.27
6190,2020-12-01,123.28
6191,2020-12-02,123.3
6192,2020-12-03,123.31
6193,2020-12-04,123.35
6194,2020-12-05,123.37
6195,2020-12-06,123.31
6196,2020-12-07,123.32
6197,2020-12-08,123.31
6198,2020-12-09,123.29
6199,2020-12-10,123.29
6200,2020-12-11,123.3
6201,2020-12-12,123.32
6202,2020-12-13,123.33
6203,2020-12-14,123.32
6204,2020-12-15,123.32
6205,2020-12-16,123.33
6206,2020-12-17,123.33
6207,2020-12-18,123.32
6208,2020-12-19,123.33
6209,2020-12-20,123.32
6210,2020-12-21,123.32
6211,2020-12-22,123.35
6212,2020-12-23,123.37
6213,2020-12-24,123.4
6214,2020-12-25,123.4
6215,2020-12-26,123.4
6216,2020-12-27,123.41
6217,2020-12-28,123.45
6218,2020-12-29,123.51
6219,2020-12-30,123.53
6220,2020-12-31,123.52
6221,2021-01-01,123.52
6222,2021-01-02,123.51
6223,2021-01-03,123.5
6224,2021-01-04,123.49
6225,2021-01-05,123.49
6226,2021-01-06,123.49
6227,2021-01-07,123.48
6228,2021-01-08,123.45
6229,2021-01-09,123.46
6230,2021-01-10,123.44
6231,2021-01-11,123.45
6232,2021-01-12,123.46
6233,2021-01-13,123.41
6234,2021-01-14,123.45
6235,2021-01-15,123.48
6236,2021-01-16,123.5
6237,2021-01-17,123.51
6238,2021-01-18,123.52
6239,2021-01-19,123.53
6240,2021-01-20,123.49
6241,2021-01-21,123.53
6242,2021-01-22,123.51
6243,2021-01-23,123.61
6244,2021-01-24,123.64
6245,2021-01-25,123.65
6246,2021-01-26,123.64
6247,2021-01-27,123.65
6248,2021-01-28,123.65
6249,2021-01-29,123.72
6250,2021-01-30,123.75
6251,2021-01-31,123.83
6252,2021-02-01,123.88
6253,2021-02-02,123.9
6254,2021-02-03,123.94
6255,2021-02-04,123.99
6256,2021-02-05,123.93
6257,2021-02-06,124.0
6258,2021-02-07,124.07
6259,2021-02-08,124.12
6260,2021-02-09,124.15
6261,2021-02-10,124.17
6262,2021-02-11,124.16
6263,2021-02-12,124.17
6264,2021-02-13,124.18
6265,2021-02-14,124.18
6266,2021-02-15,124.2
6267,2021-02-16,124.22
6268,2021-02-17,124.22
6269,2021-02-18,124.25
6270,2021-02-19,124.21
6271,2021-02-20,124.16
6272,2021-02-21,124.2
6273,2021-02-22,124.22
6274,2021-02-23,124.21
6275,2021-02-24,124.2
6276,2021-02-25,124.2
6277,2021-02-26,124.2
6278,2021-02-27,124.2
6279,2021-02-28,124.22
6280,2021-03-01,124.23
6281,2021-03-02,124.16
6282,2021-03-03,124.18
6283,2021-03-04,124.17
6284,2021-03-05,124.21
6285,2021-03-06,124.21
6286,2021-03-07,124.21
6287,2021-03-08,124.21
6288,2021-03-09,124.2
6289,2021-03-10,124.16
6290,2021-03-11,124.12
6291,2021-03-12,124.09
6292,2021-03-13,124.05
6293,2021-03-14,124.07
6294,2021-03-15,124.07
6295,2021-03-16,124.07
6296,2021-03-17,124.06
6297,2021-03-18,124.04
6298,2021-03-19,124.04
6299,2021-03-20,124.0
6300,2021-03-21,124.0
6301,2021-03-22,124.0
6302,2021-03-23,123.88
6303,2021-03-24,123.92
6304,2021-03-25,123.89
6305,2021-03-26,123.85
6306,2021-03-27,123.84
6307,2021-03-28,123.85
6308,2021-03-29,123.83
6309,2021-03-30,123.84
6310,2021-03-31,123.86
6311,2021-04-01,123.87
6312,2021-04-02,123.87
6313,2021-04-03,123.82
6314,2021-04-04,123.81
6315,2021-04-05,123.81
6316,2021-04-06,123.82
6317,2021-04-07,123.83
6318,2021-04-08,123.78
6319,2021-04-09,123.77
6320,2021-04-10,123.73
6321,2021-04-11,123.76
6322,2021-04-12,123.78
6323,2021-04-13,123.79
6324,2021-04-14,123.79
6325,2021-04-15,123.8
6326,2021-04-16,123.8
6327,2021-04-17,123.8
6328,2021-04-18,123.8
6329,2021-04-19,123.8
6330,2021-04-20,123.71
6331,2021-04-21,123.67
6332,2021-04-22,123.68
6333,2021-04-23,123.66
6334,2021-04-24,123.64
6335,2021-04-25,123.68
6336,2021-04-26,123.7
6337,2021-04-27,123.72
6338,2021-04-28,123.67
6339,2021-04-29,123.62
6340,2021-04-30,123.6
6341,2021-05-01,123.62
6342,2021-05-02,123.64
6343,2021-05-03,123.65
6344,2021-05-04,123.67
6345,2021-05-05,123.69
6346,2021-05-06,123.64
6347,2021-05-07,123.67
6348,2021-05-08,123.7
6349,2021-05-09,123.72
6350,2021-05-10,123.73
6351,2021-05-11,123.68
6352,2021-05-12,123.69
6353,2021-05-13,123.67
6354,2021-05-14,123.67
6355,2021-05-15,123.67
6356,2021-05-16,123.68
6357,2021-05-17,123.71
6358,2021-05-18,123.72
6359,2021-05-19,123.72
6360,2021-05-20,123.72
6361,2021-05-21,123.72
6362,2021-05-22,123.71
6363,2021-05-23,123.71
6364,2021-05-24,123.71
6365,2021-05-25,123.71
6366,2021-05-26,123.71
6367,2021-05-27,123.73
6368,2021-05-28,123.72
6369,2021-05-29,123.72
6370,2021-05-30,123.71
6371,2021-05-31,123.7
6372,2021-06-01,123.7
6373,2021-06-02,123.71
6374,2021-06-03,123.69
6375,2021-06-04,123.64
6376,2021-06-05,123.63
6377,2021-06-06,123.62
6378,2021-06-07,123.62
6379,2021-06-08,123.57
6380,2021-06-09,123.6
6381,2021-06-10,123.56
6382,2021-06-11,123.58
6383,2021-06-12,123.57
6384,2021-06-13,123.59
6385,2021-06-14,123.6
6386,2021-06-15,123.6
6387,2021-06-16,123.54
6388,2021-06-17,123.57
6389,2021-06-18,123.58
6390,2021-06-19,123.58
6391,2021-06-20,123.59
6392,2021-06-21,123.59
6393,2021-06-22,123.6
6394,2021-06-23,123.59
6395,2021-06-24,123.59
6396,2021-06-25,123.57
6397,2021-06-26,123.57
6398,2021-06-27,123.57
6399,2021-06-28,123.57
6400,2021-06-29,123.58
6401,2021-06-30,123.55
6402,2021-07-01,123.6
6403,2021-07-02,123.57
6404,2021-07-03,123.58
6405,2021-07-04,123.58
6406,2021-07-05,123.58
6407,2021-07-06,123.59
6408,2021-07-07,123.59
6409,2021-07-08,123.57
6410,2021-07-09,123.55
6411,2021-07-10,123.55
6412,2021-07-11,123.55
6413,2021-07-12,123.55
6414,2021-07-13,123.55
6415,2021-07-14,123.56
6416,2021-07-15,123.69
6417,2021-07-16,123.68
6418,2021-07-17,123.66
6419,2021-07-18,123.65
6420,2021-07-19,123.64
6421,2021-07-20,123.63
6422,2021-07-21,123.62
6423,2021-07-22,123.61
6424,2021-07-23,123.61
6425,2021-07-24,123.61
6426,2021-07-25,123.61
6427,2021-07-26,123.61
6428,2021-07-27,123.61
6429,2021-07-28,123.61
6430,2021-07-29,123.6
6431,2021-07-30,123.59
6432,2021-07-31,123.59
6433,2021-08-01,123.56
6434,2021-08-02,123.57
6435,2021-08-03,123.57
6436,2021-08-04,123.63
6437,2021-08-05,123.64
6438,2021-08-06,123.64
6439,2021-08-07,123.63
6440,2021-08-08,123.62
6441,2021-08-09,123.61
6442,2021-08-10,123.6
6443,2021-08-11,123.59
6444,2021-08-12,123.55
6445,2021-08-13,123.55
6446,2021-08-14,123.54
6447,2021-08-15,123.53
6448,2021-08-16,123.52
6449,2021-08-17,123.52
6450,2021-08-18,123.52
6451,2021-08-19,123.5
6452,2021-08-20,123.51
6453,2021-08-21,123.52
6454,2021-08-22,123.52
6455,2021-08-23,123.51
6456,2021-08-24,123.5
6457,2021-08-25,123.5
6458,2021-08-26,123.5
6459,2021-08-27,123.5
6460,2021-08-28,123.5
6461,2021-08-29,123.48
6462,2021-08-30,123.48
6463,2021-08-31,123.47
6464,2021-09-01,123.42
6465,2021-09-02,123.41
6466,2021-09-03,123.41
6467,2021-09-04,123.42
6468,2021-09-05,123.43
6469,2021-09-06,123.43
6470,2021-09-07,123.42
6471,2021-09-08,123.42
6472,2021-09-09,123.43
6473,2021-09-10,123.44
6474,2021-09-11,123.48
6475,2021-09-12,123.49
6476,2021-09-13,123.48
6477,2021-09-14,123.47
6478,2021-09-15,123.43
6479,2021-09-16,123.42
6480,2021-09-17,123.46
6481,2021-09-18,123.46
6482,2021-09-19,123.38
6483,2021-09-20,123.4
6484,2021-09-21,123.43
6485,2021-09-22,123.45
6486,2021-09-23,123.39
6487,2021-09-24,123.42
6488,2021-09-25,123.43
6489,2021-09-26,123.44
6490,2021-09-27,123.45
6491,2021-09-28,123.46
6492,2021-09-29,123.47
6493,2021-09-30,123.46
6494,2021-10-01,123.45
6495,2021-10-02,123.43
6496,2021-10-03,123.42
6497,2021-10-04,123.45
6498,2021-10-05,123.44
6499,2021-10-06,123.45
6500,2021-10-07,123.45
6501,2021-10-08,123.44
6502,2021-10-09,123.4
6503,2021-10-10,123.4
6504,2021-10-11,123.39
6505,2021-10-12,123.38
6506,2021-10-13,123.39
6507,2021-10-14,123.39
6508,2021-10-15,123.33
6509,2021-10-16,123.28
6510,2021-10-17,123.33
6511,2021-10-18,123.35
6512,2021-10-19,123.19
6513,2021-10-20,123.25
6514,2021-10-21,123.29
6515,2021-10-22,123.25
6516,2021-10-23,123.3
6517,2021-10-24,123.31
6518,2021-10-25,123.33
6519,2021-10-26,123.34
6520,2021-10-27,123.33
6521,2021-10-28,123.27
6522,2021-10-29,123.25
6523,2021-10-30,123.27
6524,2021-10-31,123.33
6525,2021-11-01,123.35
6526,2021-11-02,123.37
6527,2021-11-03,123.36
6528,2021-11-04,123.39
6529,2021-11-05,123.41
6530,2021-11-06,123.34
6531,2021-11-07,123.36
6532,2021-11-08,123.38
6533,2021-11-09,123.35
6534,2021-11-10,123.31
6535,2021-11-11,123.31
6536,2021-11-12,123.31
6537,2021-11-13,123.28
6538,2021-11-14,123.31
6539,2021-11-15,123.34
6540,2021-11-16,123.35
6541,2021-11-17,123.36
6542,2021-11-18,123.37
6543,2021-11-19,123.37
6544,2021-11-20,123.33
6545,2021-11-21,123.35
6546,2021-11-22,123.37
6547,2021-11-23,123.37
6548,2021-11-24,123.37
6549,2021-11-25,123.32
6550,2021-11-26,123.33
6551,2021-11-27,123.33
6552,2021-11-28,123.36
6553,2021-11-29,123.38
6554,2021-11-30,123.35
6555,2021-12-01,123.35
6556,2021-12-02,123.37
6557,2021-12-03,123.37
6558,2021-12-04,123.38
6559,2021-12-05,123.42
6560,2021-12-06,123.43
6561,2021-12-07,123.44
6562,2021-12-08,123.45
6563,2021-12-09,123.44
6564,2021-12-10,123.45
6565,2021-12-11,123.44
6566,2021-12-12,123.43
6567,2021-12-13,123.43
6568,2021-12-14,123.42
6569,2021-12-15,123.4
6570,2021-12-16,123.41
6571,2021-12-17,123.41
6572,2021-12-18,123.41
6573,2021-12-19,123.42
6574,2021-12-20,123.43
6575,2021-12-21,123.44
6576,2021-12-22,123.45
6577,2021-12-23,123.45
6578,2021-12-24,123.46
6579,2021-12-25,123.49
6580,2021-12-26,123.5
6581,2021-12-27,123.52
6582,2021-12-28,123.54
6583,2021-12-29,123.54
6584,2021-12-30,123.56
6585,2021-12-31,123.55
6586,2022-01-01,123.54
6587,2022-01-02,123.54
6588,2022-01-03,123.54
6589,2022-01-04,123.57
6590,2022-01-05,123.61
6591,2022-01-06,123.61
6592,2022-01-07,123.61
6593,2022-01-08,123.62
6594,2022-01-09,123.67
6595,2022-01-10,123.68
6596,2022-01-11,123.66
6597,2022-01-12,123.66
6598,2022-01-13,123.66
6599,2022-01-14,123.67
6600,2022-01-15,123.7
6601,2022-01-16,123.72
6602,2022-01-17,123.73
6603,2022-01-18,123.74
6604,2022-01-19,123.76
6605,2022-01-20,123.77
6606,2022-01-21,123.76
6607,2022-01-22,123.79
6608,2022-01-23,123.8
6609,2022-01-24,123.82
6610,2022-01-25,123.82
6611,2022-01-26,123.83
6612,2022-01-27,123.83
6613,2022-01-28,123.83
6614,2022-01-29,123.83
6615,2022-01-30,123.83
6616,2022-01-31,123.83
6617,2022-02-01,123.83
6618,2022-02-02,123.84
6619,2022-02-03,123.84
6620,2022-02-04,123.82
6621,2022-02-05,123.78
6622,2022-02-06,123.8
6623,2022-02-07,123.8
6624,2022-02-08,123.78
6625,2022-02-09,123.77
6626,2022-02-10,123.77
6627,2022-02-11,123.72
6628,2022-02-12,123.73
6629,2022-02-13,123.74
6630,2022-02-14,123.75
6631,2022-02-15,123.72
6632,2022-02-16,123.75
6633,2022-02-17,123.75
6634,2022-02-18,123.76
6635,2022-02-19,123.75
6636,2022-02-20,123.75
6637,2022-02-21,123.75
6638,2022-02-22,123.74
6639,2022-02-23,123.73
6640,2022-02-24,123.68
6641,2022-02-25,123.69
6642,2022-02-26,123.63
6643,2022-02-27,123.66
6644,2022-02-28,123.67
6645,2022-03-01,123.68
6646,2022-03-02,123.67
6647,2022-03-03,123.66
6648,2022-03-04,123.65
6649,2022-03-05,123.64
6650,2022-03-06,123.59
6651,2022-03-07,123.63
6652,2022-03-08,123.65
6653,2022-03-09,123.65
6654,2022-03-10,123.66
6655,2022-03-11,123.66
6656,2022-03-12,123.61
6657,2022-03-13,123.63
6658,2022-03-14,123.63
6659,2022-03-15,123.55
6660,2022-03-16,123.57
6661,2022-03-17,123.57
6662,2022-03-18,123.57
6663,2022-03-19,123.58
6664,2022-03-20,123.6
6665,2022-03-21,123.6
6666,2022-03-22,123.6
6667,2022-03-23,123.55
6668,2022-03-24,123.53
6669,2022-03-25,123.54
6670,2022-03-26,123.56
6671,2022-03-27,123.57
6672,2022-03-28,123.58
6673,2022-03-29,123.54
6674,2022-03-30,123.55
6675,2022-03-31,123.57
6676,2022-04-01,123.56
6677,2022-04-02,123.57
6678,2022-04-03,123.57
6679,2022-04-04,123.57
6680,2022-04-05,123.51
6681,2022-04-06,123.54
6682,2022-04-07,123.56
6683,2022-04-08,123.58
6684,2022-04-09,123.62
6685,2022-04-10,123.63
6686,2022-04-11,123.63
6687,2022-04-12,123.53
6688,2022-04-13,123.46
6689,2022-04-14,123.46
6690,2022-04-15,123.42
6691,2022-04-16,123.45
6692,2022-04-17,123.5
6693,2022-04-18,123.51
6694,2022-04-19,123.47
6695,2022-04-20,123.49
6696,2022-04-21,123.5
6697,2022-04-22,123.52
6698,2022-04-23,123.54
6699,2022-04-24,123.55
6700,2022-04-25,123.55
6701,2022-04-26,123.51
6702,2022-04-27,123.5
6703,2022-04-28,123.49
6704,2022-04-29,123.49
6705,2022-04-30,123.49
6706,2022-05-01,123.5
6707,2022-05-02,123.5
6708,2022-05-03,123.49
6709,2022-05-04,123.49
6710,2022-05-05,123.45
6711,2022-05-06,123.45
6712,2022-05-07,123.45
6713,2022-05-08,123.44
6714,2022-05-09,123.44
6715,2022-05-10,123.43
6716,2022-05-11,123.42
6717,2022-05-12,123.41
6718,2022-05-13,123.42
6719,2022-05-14,123.43
6720,2022-05-15,123.43
6721,2022-05-16,123.43
6722,2022-05-17,123.43
6723,2022-05-18,123.39
6724,2022-05-19,123.38
6725,2022-05-20,123.35
6726,2022-05-21,123.35
6727,2022-05-22,123.36
6728,2022-05-23,123.37
6729,2022-05-24,123.38
6730,2022-05-25,123.38
6731,2022-05-26,123.35
6732,2022-05-27,123.34
6733,2022-05-28,123.35
6734,2022-05-29,123.36
6735,2022-05-30,123.37
6736,2022-05-31,123.37
6737,2022-06-01,123.37
6738,2022-06-02,123.36
6739,2022-06-03,123.35
6740,2022-06-04,123.36
6741,2022-06-05,123.41
6742,2022-06-06,123.42
6743,2022-06-07,123.42
6744,2022-06-08,123.41
6745,2022-06-09,123.42
6746,2022-06-10,123.42
6747,2022-06-11,123.4
6748,2022-06-12,123.39
6749,2022-06-13,123.38
6750,2022-06-14,123.38
6751,2022-06-15,123.38
6752,2022-06-16,123.38
6753,2022-06-17,123.37
6754,2022-06-18,123.38
6755,2022-06-19,123.38
6756,2022-06-20,123.46
6757,2022-06-21,123.56
6758,2022-06-22,123.56
6759,2022-06-23,123.55
6760,2022-06-24,123.54
6761,2022-06-25,123.54
6762,2022-06-26,123.52
6763,2022-06-27,123.51
6764,2022-06-28,123.48
6765,2022-06-29,123.48
6766,2022-06-30,123.56
6767,2022-07-01,123.58
6768,2022-07-02,123.57
6769,2022-07-03,123.56
6770,2022-07-04,123.54
6771,2022-07-05,123.53
6772,2022-07-06,123.52
6773,2022-07-07,123.49
6774,2022-07-08,123.48
6775,2022-07-09,123.47
6776,2022-07-10,123.47
6777,2022-07-11,123.46
6778,2022-07-12,123.46
6779,2022-07-13,123.46
6780,2022-07-14,123.45
6781,2022-07-15,123.45
6782,2022-07-16,123.44
6783,2022-07-17,123.44
6784,2022-07-18,123.43
6785,2022-07-19,123.44
6786,2022-07-20,123.44
6787,2022-07-21,123.43
6788,2022-07-22,123.42
6789,2022-07-23,123.4
6790,2022-07-24,123.38
6791,2022-07-25,123.39
6792,2022-07-26,123.39
6793,2022-07-27,123.38
6794,2022-07-28,123.38
6795,2022-07-29,123.38
6796,2022-07-30,123.38
6797,2022-07-31,123.37
6798,2022-08-01,123.37
6799,2022-08-02,123.37
6800,2022-08-03,123.36
6801,2022-08-04,123.34
6802,2022-08-05,123.33
6803,2022-08-06,123.4
6804,2022-08-07,123.4
6805,2022-08-08,123.39
6806,2022-08-09,123.38
6807,2022-08-10,123.37
6808,2022-08-11,123.36
6809,2022-08-12,123.35
6810,2022-08-13,123.32
6811,2022-08-14,123.31
6812,2022-08-15,123.31
6813,2022-08-16,123.3
6814,2022-08-17,123.29
6815,2022-08-18,123.3
6816,2022-08-19,123.3
6817,2022-08-20,123.28
6818,2022-08-21,123.29
6819,2022-08-22,123.29
6820,2022-08-23,123.29
6821,2022-08-24,123.28
6822,2022-08-25,123.28
6823,2022-08-26,123.26
6824,2022-08-27,123.26
6825,2022-08-28,123.26
6826,2022-08-29,123.23
6827,2022-08-30,123.23
6828,2022-08-31,123.23
6829,2022-09-01,123.12
6830,2022-09-02,123.16
6831,2022-09-03,123.19
6832,2022-09-04,123.2
6833,2022-09-05,123.21
6834,2022-09-06,123.22
6835,2022-09-07,123.23
6836,2022-09-08,123.17
6837,2022-09-09,123.21
6838,2022-09-10,123.23
6839,2022-09-11,123.24
6840,2022-09-12,123.24
6841,2022-09-13,123.25
6842,2022-09-14,123.25
6843,2022-09-15,123.23
6844,2022-09-16,123.21
6845,2022-09-17,123.15
6846,2022-09-18,123.17
6847,2022-09-19,123.19
6848,2022-09-20,123.19
6849,2022-09-21,123.19
6850,2022-09-22,123.17
6851,2022-11-30,123.2
6852,2022-12-01,123.2
6853,2022-12-02,123.2
6854,2022-12-03,123.22
6855,2022-12-04,123.23
6856,2022-12-05,123.23
6857,2022-12-06,123.2
6858,2022-12-07,123.11
6859,2022-12-08,123.14
6860,2022-12-09,123.18
6861,2022-12-10,123.18
6862,2022-12-11,123.2
6863,2022-12-12,123.21
6864,2022-12-13,123.22
6865,2022-12-14,123.23
6866,2022-12-15,123.23
6867,2022-12-16,123.22
6868,2022-12-17,123.21
6869,2022-12-18,123.2
6870,2022-12-19,123.2
6871,2022-12-20,123.18
6872,2022-12-21,123.19
6873,2022-12-22,123.2
6874,2022-12-23,123.2
6875,2022-12-24,123.23
6876,2022-12-25,123.23
6877,2022-12-26,123.23
6878,2022-12-27,123.22
6879,2022-12-28,123.21
6880,2022-12-29,123.23
6881,2022-12-30,123.13
6882,2022-12-31,123.18
6883,2023-01-01,123.21
6884,2023-01-02,123.22
6885,2023-01-03,123.22
6886,2023-01-04,123.18
6887,2023-01-05,123.2
6888,2023-01-06,123.22
6889,2023-01-07,123.21
6890,2023-01-08,123.24
6891,2023-01-09,123.28
6892,2023-01-10,123.28
6893,2023-01-11,123.29
6894,2023-01-12,123.24
6895,2023-01-13,123.26
6896,2023-01-14,123.27
6897,2023-01-15,123.3
6898,2023-01-16,123.36
6899,2023-01-17,123.42
6900,2023-01-18,123.44
6901,2023-01-19,123.43
6902,2023-01-20,123.41
6903,2023-01-21,123.4
6904,2023-01-22,123.38
6905,2023-01-23,123.38
6906,2023-01-24,123.38
6907,2023-01-25,123.37
6908,2023-01-26,123.38
6909,2023-01-27,123.39
6910,2023-01-28,123.39
6911,2023-01-29,123.39
6912,2023-01-30,123.4
6913,2023-01-31,123.4
6914,2023-02-01,123.4
6915,2023-02-02,123.36
6916,2023-02-03,123.36
6917,2023-02-04,123.37
6918,2023-02-05,123.38
6919,2023-02-06,123.38
6920,2023-02-07,123.39
6921,2023-02-08,123.39
6922,2023-02-09,123.32
6923,2023-02-10,123.35
6924,2023-02-11,123.37
6925,2023-02-12,123.38
6926,2023-02-13,123.39
6927,2023-02-14,123.38
6928,2023-02-15,123.39
6929,2023-02-16,123.38
6930,2023-02-17,123.38
6931,2023-02-18,123.38
6932,2023-02-19,123.39
6933,2023-02-20,123.38
6934,2023-02-21,123.31
6935,2023-02-22,123.28
6936,2023-02-23,123.27
6937,2023-02-24,123.31
6938,2023-02-25,123.34
6939,2023-02-26,123.35
6940,2023-02-27,123.35
6941,2023-02-28,123.34
6942,2023-03-01,123.34
6943,2023-03-02,123.32
6944,2023-03-03,123.33
6945,2023-03-04,123.33
6946,2023-03-05,123.33
6947,2023-03-06,123.28
6948,2023-03-07,123.29
6949,2023-03-08,123.21
6950,2023-03-09,123.25
6951,2023-03-10,123.25
6952,2023-03-11,123.26
6953,2023-03-12,123.27
6954,2023-03-13,123.29
6955,2023-03-14,123.32
6956,2023-03-15,123.33
6957,2023-03-16,123.3
6958,2023-03-17,123.28
6959,2023-03-18,123.26
6960,2023-03-19,123.27
6961,2023-03-20,123.28
6962,2023-03-21,123.22
6963,2023-03-22,123.25
6964,2023-03-23,123.28
6965,2023-03-24,123.29
6966,2023-03-25,123.31
6967,2023-03-26,123.33
6968,2023-03-27,123.34
6969,2023-03-28,123.31
6970,2023-03-29,123.3
6971,2023-03-30,123.29
6972,2023-03-31,123.29
6973,2023-04-01,123.32
6974,2023-04-02,123.34
6975,2023-04-03,123.36
6976,2023-04-04,123.35
6977,2023-04-05,123.35
6978,2023-04-06,123.26
6979,2023-04-07,123.28
6980,2023-04-08,123.26
6981,2023-04-09,123.25
6982,2023-04-10,123.19
6983,2023-04-11,123.23
6984,2023-04-12,123.27
6985,2023-04-13,123.31
6986,2023-04-14,123.33
6987,2023-04-15,123.28
6988,2023-04-16,123.32
6989,2023-04-17,123.34
6990,2023-04-18,123.35
6991,2023-04-19,123.36
6992,2023-04-20,123.36
6993,2023-04-21,123.17
6994,2023-04-22,123.17
6995,2023-04-23,123.22
6996,2023-04-24,123.27
6997,2023-04-25,123.24
6998,2023-04-26,123.27
6999,2023-04-27,123.23
7000,2023-04-28,123.26
7001,2023-04-29,123.25
7002,2023-04-30,123.23
7003,2023-05-01,123.28
7004,2023-05-02,123.3
7005,2023-05-03,123.28
7006,2023-05-04,123.29
7007,2023-05-05,123.3
7008,2023-05-06,123.31
7009,2023-05-07,123.33
7010,2023-05-08,123.3
7011,2023-05-09,123.23
7012,2023-05-10,123.29
7013,2023-05-11,123.35
7014,2023-05-12,123.35
7015,2023-05-13,123.35
7016,2023-05-14,123.36
7017,2023-05-15,123.36
7018,2023-05-16,123.33
7019,2023-05-17,123.32
7020,2023-05-18,123.32
7021,2023-05-19,123.24
7022,2023-05-20,123.29
7023,2023-05-21,123.31
7024,2023-05-22,123.33
7025,2023-05-23,123.34
7026,2023-05-24,123.34
7027,2023-05-25,123.34
7028,2023-05-26,123.32
7029,2023-05-27,123.32
7030,2023-05-28,123.33
7031,2023-05-29,123.33
7032,2023-05-30,123.32
7033,2023-05-31,123.33
7034,2023-06-01,123.33
7035,2023-06-02,123.13
7036,2023-06-03,123.19
7037,2023-06-04,123.23
7038,2023-06-05,123.25
7039,2023-06-06,123.26
7040,2023-06-07,123.27
7041,2023-06-08,123.28
7042,2023-06-09,123.29
7043,2023-06-10,123.27
7044,2023-06-11,123.26
7045,2023-06-12,123.26
7046,2023-06-13,123.24
7047,2023-06-14,123.18
7048,2023-06-15,123.19
7049,2023-06-16,123.21
7050,2023-06-17,123.22
7051,2023-06-18,123.23
7052,2023-06-19,123.24
7053,2023-06-20,123.24
7054,2023-06-21,123.25
7055,2023-06-22,123.26
7056,2023-06-23,123.38
7057,2023-06-24,123.36
7058,2023-06-25,123.35
7059,2023-06-26,123.34
7060,2023-06-27,123.32
7061,2023-06-28,123.3
7062,2023-06-29,123.3
7063,2023-06-30,123.29
7064,2023-07-01,123.29
7065,2023-07-02,123.29
7066,2023-07-03,123.28
7067,2023-07-04,123.28
7068,2023-07-05,123.28
7069,2023-07-06,123.3
7070,2023-07-07,123.28
7071,2023-07-08,123.27
7072,2023-07-09,123.24
7073,2023-07-10,123.22
7074,2023-07-11,123.2
7075,2023-07-12,123.19
7076,2023-07-13,123.16
7077,2023-07-14,123.15
7078,2023-07-15,123.14
7079,2023-07-16,123.13
7080,2023-07-17,123.12
7081,2023-07-18,123.1
7082,2023-07-19,123.09
7083,2023-07-20,123.08
7084,2023-07-21,123.07
7085,2023-07-22,123.06
7086,2023-07-23,123.06
7087,2023-07-24,123.05
7088,2023-07-25,123.05
7089,2023-07-26,123.08
7090,2023-07-27,123.07
7091,2023-07-28,123.07
7092,2023-07-29,123.17
7093,2023-07-30,123.18
7094,2023-07-31,123.16
7095,2023-08-01,123.15
7096,2023-08-02,123.14
7097,2023-08-03,123.27
7098,2023-08-04,123.26
7099,2023-08-05,123.24
7100,2023-08-06,123.24
7101,2023-08-07,123.21
7102,2023-08-08,123.17
7103,2023-08-09,123.15
7104,2023-08-10,123.12
7105,2023-08-11,123.06
7106,2023-08-12,123.07
7107,2023-08-13,123.11
7108,2023-08-14,123.13
7109,2023-08-15,123.11
7110,2023-08-16,123.08
7111,2023-08-17,123.09
7112,2023-08-18,123.1
7113,2023-08-19,123.07
7114,2023-08-20,123.07
7115,2023-08-21,123.07
7116,2023-08-22,123.08
7117,2023-08-23,123.08
7118,2023-08-24,123.09
7119,2023-08-25,123.09
7120,2023-08-26,123.09
7121,2023-08-27,123.05
7122,2023-08-28,123.06
7123,2023-08-29,123.06
7124,2023-08-30,123.06
7125,2023-08-31,123.06
7126,2023-09-01,123.05
7127,2023-09-02,123.04
7128,2023-09-03,123.04
7129,2023-09-04,123.03
7130,2023-09-05,123.03
7131,2023-09-06,123.02
7132,2023-09-07,123.02
7133,2023-09-08,123.02
7134,2023-09-09,123.01
7135,2023-09-10,122.99
7136,2023-09-11,123.0
7137,2023-09-12,123.0
7138,2023-09-13,123.0
7139,2023-09-14,122.99
7140,2023-09-15,122.98
7141,2023-09-16,122.98
7142,2023-09-17,122.97
7143,2023-09-18,122.98
7144,2023-09-19,122.98
7145,2023-09-20,122.91
7146,2023-09-21,122.93
7147,2023-09-22,122.96
7148,2023-09-23,122.98
7149,2023-09-24,122.95
7150,2023-09-25,122.95
7151,2023-09-26,122.94
7152,2023-09-27,122.94
7153,2023-09-28,122.94
7154,2023-09-29,122.94
7155,2023-09-30,122.91
7156,2023-10-01,122.9
7157,2023-10-02,122.91
7158,2023-10-03,122.91
7159,2023-10-04,122.87
7160,2023-10-05,122.88
7161,2023-10-06,122.86
7162,2023-10-07,122.86
7163,2023-10-08,122.85
7164,2023-10-09,122.84
7165,2023-10-10,122.85
7166,2023-10-11,122.82
7167,2023-10-12,122.78
7168,2023-10-13,122.75
7169,2023-10-14,122.78
7170,2023-10-15,122.74
7171,2023-10-16,122.73
7172,2023-10-17,122.74
7173,2023-10-18,122.7
7174,2023-10-19,122.72
7175,2023-10-20,122.77
7176,2023-10-21,122.78
7177,2023-10-22,122.8
7178,2023-10-23,122.81
7179,2023-10-24,122.81
7180,2023-10-25,122.83
7181,2023-10-26,122.87
7182,2023-10-27,122.93
7183,2023-10-28,122.98
7184,2023-10-29,122.99
7185,2023-10-30,123.0
7186,2023-10-31,123.01
7187,2023-11-01,122.98
7188,2023-11-02,122.99
7189,2023-11-03,123.03
7190,2023-11-04,122.91
7191,2023-11-05,122.99
7192,2023-11-06,123.02
7193,2023-11-07,123.01
7194,2023-11-08,122.98
7195,2023-11-09,122.96
7196,2023-11-10,123.01
7197,2023-11-11,123.03
7198,2023-11-12,123.01
7199,2023-11-13,123.04
7200,2023-11-14,123.04
7201,2023-11-15,123.02
7202,2023-11-16,123.04
7203,2023-11-17,123.08
7204,2023-11-18,123.1
7205,2023-11-19,123.12
7206,2023-11-20,123.14
7207,2023-11-21,123.13
7208,2023-11-22,123.13
7209,2023-11-23,123.12
7210,2023-11-24,123.11
7211,2023-11-25,123.11
7212,2023-11-26,123.12
7213,2023-11-27,123.11
7214,2023-11-28,123.12
7215,2023-11-29,123.11
7216,2023-11-30,123.08
7217,2023-12-01,123.08
0,2023-12-02,123.11
1,2023-12-03,123.12
