,date,value
0,1970-01-01,0.2
1,1970-01-02,0.9
2,1970-01-03,3.6
3,1970-01-04,1.1
4,1970-01-05,1.0
5,1970-01-06,0.7
6,1970-01-07,0.0
7,1970-01-08,3.9
8,1970-01-09,8.1
9,1970-01-10,7.5
10,1970-01-11,5.1
11,1970-01-12,0.0
12,1970-01-13,0.6
13,1970-01-14,2.8
14,1970-01-15,0.6
15,1970-01-16,0.6
16,1970-01-17,0.2
17,1970-01-18,1.8
18,1970-01-19,0.1
19,1970-01-20,2.5
20,1970-01-21,0.5
21,1970-01-22,2.4
22,1970-01-23,3.9
23,1970-01-24,9.2
24,1970-01-25,10.2
25,1970-01-26,1.8
26,1970-01-27,0.1
27,1970-01-28,0.0
28,1970-01-29,5.4
29,1970-01-30,1.7
30,1970-01-31,0.1
31,1970-02-01,0.1
32,1970-02-02,8.4
33,1970-02-03,2.1
34,1970-02-04,8.2
35,1970-02-05,12.5
36,1970-02-06,0.1
37,1970-02-07,2.5
38,1970-02-08,5.7
39,1970-02-09,7.4
40,1970-02-10,5.0
41,1970-02-11,0.0
42,1970-02-12,10.1
43,1970-02-13,1.6
44,1970-02-14,15.8
45,1970-02-15,0.0
46,1970-02-16,1.7
47,1970-02-17,5.6
48,1970-02-18,0.6
49,1970-02-19,6.9
50,1970-02-20,3.9
51,1970-02-21,9.5
52,1970-02-22,8.5
53,1970-02-23,2.2
54,1970-02-24,6.4
55,1970-02-25,1.5
56,1970-02-26,0.9
57,1970-02-27,0.3
58,1970-02-28,0.1
59,1970-03-01,0.8
60,1970-03-02,5.1
61,1970-03-03,2.6
62,1970-03-04,9.5
63,1970-03-05,2.5
64,1970-03-06,2.8
65,1970-03-07,2.7
66,1970-03-08,0.2
67,1970-03-09,1.5
68,1970-03-10,0.1
69,1970-03-11,1.1
70,1970-03-12,5.5
71,1970-03-13,0.0
72,1970-03-14,0.0
73,1970-03-15,0.2
74,1970-03-16,0.7
75,1970-03-17,1.8
76,1970-03-18,9.7
77,1970-03-19,1.2
78,1970-03-20,0.1
79,1970-03-21,0.3
80,1970-03-22,0.4
81,1970-03-23,5.1
82,1970-03-24,3.8
83,1970-03-25,0.0
84,1970-03-26,0.0
85,1970-03-27,1.2
86,1970-03-28,1.4
87,1970-03-29,0.6
88,1970-03-30,1.2
89,1970-03-31,5.9
90,1970-04-01,5.2
91,1970-04-02,0.9
92,1970-04-03,3.6
93,1970-04-04,2.4
94,1970-04-05,2.9
95,1970-04-06,8.9
96,1970-04-07,2.0
97,1970-04-08,3.8
98,1970-04-09,4.6
99,1970-04-10,2.3
100,1970-04-11,1.6
101,1970-04-12,6.4
102,1970-04-13,3.3
103,1970-04-14,0.1
104,1970-04-15,0.1
105,1970-04-16,0.0
106,1970-04-17,0.0
107,1970-04-18,0.9
108,1970-04-19,1.0
109,1970-04-20,1.5
110,1970-04-21,2.4
111,1970-04-22,0.1
112,1970-04-23,3.0
113,1970-04-24,0.9
114,1970-04-25,8.3
115,1970-04-26,7.1
116,1970-04-27,2.0
117,1970-04-28,0.1
118,1970-04-29,4.7
119,1970-04-30,0.5
120,1970-05-01,0.3
121,1970-05-02,1.7
122,1970-05-03,0.2
123,1970-05-04,0.0
124,1970-05-05,0.0
125,1970-05-06,1.5
126,1970-05-07,1.8
127,1970-05-08,9.6
128,1970-05-09,0.3
129,1970-05-10,6.1
130,1970-05-11,12.2
131,1970-05-12,8.9
132,1970-05-13,0.5
133,1970-05-14,1.8
134,1970-05-15,8.8
135,1970-05-16,0.4
136,1970-05-17,1.1
137,1970-05-18,0.0
138,1970-05-19,0.3
139,1970-05-20,0.3
140,1970-05-21,0.6
141,1970-05-22,0.8
142,1970-05-23,0.3
143,1970-05-24,0.0
144,1970-05-25,0.1
145,1970-05-26,0.0
146,1970-05-27,0.0
147,1970-05-28,0.0
148,1970-05-29,4.0
149,1970-05-30,0.4
150,1970-05-31,0.3
151,1970-06-01,0.0
152,1970-06-02,0.0
153,1970-06-03,0.0
154,1970-06-04,0.0
155,1970-06-05,0.0
156,1970-06-06,0.0
157,1970-06-07,5.6
158,1970-06-08,1.0
159,1970-06-09,8.3
160,1970-06-10,6.1
161,1970-06-11,0.1
162,1970-06-12,0.0
163,1970-06-13,0.0
164,1970-06-14,0.0
165,1970-06-15,0.0
166,1970-06-16,8.4
167,1970-06-17,9.0
168,1970-06-18,4.3
169,1970-06-19,1.1
170,1970-06-20,0.0
171,1970-06-21,5.6
172,1970-06-22,2.1
173,1970-06-23,2.4
174,1970-06-24,7.5
175,1970-06-25,0.8
176,1970-06-26,0.2
177,1970-06-27,8.1
178,1970-06-28,2.4
179,1970-06-29,1.5
180,1970-06-30,1.0
181,1970-07-01,9.1
182,1970-07-02,0.6
183,1970-07-03,0.8
184,1970-07-04,0.5
185,1970-07-05,0.4
186,1970-07-06,0.0
187,1970-07-07,0.0
188,1970-07-08,2.4
189,1970-07-09,7.4
190,1970-07-10,0.0
191,1970-07-11,0.2
192,1970-07-12,0.0
193,1970-07-13,0.0
194,1970-07-14,3.9
195,1970-07-15,1.2
196,1970-07-16,0.7
197,1970-07-17,0.4
198,1970-07-18,0.8
199,1970-07-19,2.6
200,1970-07-20,5.6
201,1970-07-21,0.2
202,1970-07-22,0.0
203,1970-07-23,0.2
204,1970-07-24,6.5
205,1970-07-25,0.9
206,1970-07-26,1.1
207,1970-07-27,0.4
208,1970-07-28,8.0
209,1970-07-29,1.1
210,1970-07-30,0.1
211,1970-07-31,0.0
212,1970-08-01,0.0
213,1970-08-02,0.0
214,1970-08-03,0.4
215,1970-08-04,0.2
216,1970-08-05,5.0
217,1970-08-06,4.2
218,1970-08-07,0.8
219,1970-08-08,20.5
220,1970-08-09,1.0
221,1970-08-10,0.8
222,1970-08-11,1.3
223,1970-08-12,0.0
224,1970-08-13,1.4
225,1970-08-14,0.6
226,1970-08-15,0.0
227,1970-08-16,7.9
228,1970-08-17,0.3
229,1970-08-18,2.6
230,1970-08-19,3.8
231,1970-08-20,0.9
232,1970-08-21,1.0
233,1970-08-22,1.6
234,1970-08-23,0.5
235,1970-08-24,0.5
236,1970-08-25,0.4
237,1970-08-26,0.0
238,1970-08-27,0.0
239,1970-08-28,0.2
240,1970-08-29,3.0
241,1970-08-30,0.4
242,1970-08-31,0.0
243,1970-09-01,0.1
244,1970-09-02,0.2
245,1970-09-03,0.6
246,1970-09-04,0.6
247,1970-09-05,3.1
248,1970-09-06,0.0
249,1970-09-07,0.0
250,1970-09-08,6.7
251,1970-09-09,3.1
252,1970-09-10,2.9
253,1970-09-11,1.1
254,1970-09-12,8.7
255,1970-09-13,1.3
256,1970-09-14,5.6
257,1970-09-15,8.4
258,1970-09-16,1.5
259,1970-09-17,0.0
260,1970-09-18,0.0
261,1970-09-19,0.0
262,1970-09-20,0.0
263,1970-09-21,0.1
264,1970-09-22,0.8
265,1970-09-23,0.0
266,1970-09-24,0.0
267,1970-09-25,0.0
268,1970-09-26,0.0
269,1970-09-27,0.0
270,1970-09-28,0.0
271,1970-09-29,3.9
272,1970-09-30,12.6
273,1970-10-01,0.3
274,1970-10-02,3.2
275,1970-10-03,0.3
276,1970-10-04,0.6
277,1970-10-05,0.5
278,1970-10-06,7.0
279,1970-10-07,1.3
280,1970-10-08,0.1
281,1970-10-09,0.0
282,1970-10-10,0.7
283,1970-10-11,0.0
284,1970-10-12,0.0
285,1970-10-13,0.0
286,1970-10-14,0.3
287,1970-10-15,0.0
288,1970-10-16,0.0
289,1970-10-17,0.0
290,1970-10-18,0.0
291,1970-10-19,2.3
292,1970-10-20,3.0
293,1970-10-21,1.1
294,1970-10-22,1.3
295,1970-10-23,1.0
296,1970-10-24,0.0
297,1970-10-25,0.0
298,1970-10-26,1.1
299,1970-10-27,0.1
300,1970-10-28,0.3
301,1970-10-29,0.1
302,1970-10-30,0.0
303,1970-10-31,0.0
304,1970-11-01,0.8
305,1970-11-02,1.9
306,1970-11-03,0.9
307,1970-11-04,0.5
308,1970-11-05,1.8
309,1970-11-06,0.4
310,1970-11-07,5.1
311,1970-11-08,0.0
312,1970-11-09,0.8
313,1970-11-10,0.5
314,1970-11-11,0.5
315,1970-11-12,6.8
316,1970-11-13,0.0
317,1970-11-14,3.7
318,1970-11-15,3.6
319,1970-11-16,6.0
320,1970-11-17,3.2
321,1970-11-18,16.2
322,1970-11-19,2.6
323,1970-11-20,8.4
324,1970-11-21,0.2
325,1970-11-22,0.0
326,1970-11-23,0.2
327,1970-11-24,0.0
328,1970-11-25,0.0
329,1970-11-26,0.0
330,1970-11-27,0.0
331,1970-11-28,0.0
332,1970-11-29,3.4
333,1970-11-30,8.3
334,1970-12-01,2.6
335,1970-12-02,2.0
336,1970-12-03,6.4
337,1970-12-04,4.1
338,1970-12-05,0.4
339,1970-12-06,1.6
340,1970-12-07,1.5
341,1970-12-08,0.0
342,1970-12-09,0.0
343,1970-12-10,0.1
344,1970-12-11,0.0
345,1970-12-12,0.0
346,1970-12-13,2.4
347,1970-12-14,0.2
348,1970-12-15,0.0
349,1970-12-16,0.0
350,1970-12-17,0.2
351,1970-12-18,2.7
352,1970-12-19,0.1
353,1970-12-20,0.1
354,1970-12-21,0.3
355,1970-12-22,0.5
356,1970-12-23,1.1
357,1970-12-24,0.0
358,1970-12-25,0.1
359,1970-12-26,0.2
360,1970-12-27,0.0
361,1970-12-28,4.1
362,1970-12-29,0.3
363,1970-12-30,5.9
364,1970-12-31,0.4
365,1971-01-01,0.4
366,1971-01-02,0.1
367,1971-01-03,0.1
368,1971-01-04,0.7
369,1971-01-05,0.1
370,1971-01-06,0.1
371,1971-01-07,0.1
372,1971-01-08,0.0
373,1971-01-09,0.0
374,1971-01-10,0.0
375,1971-01-11,0.0
376,1971-01-12,0.0
377,1971-01-13,0.0
378,1971-01-14,0.0
379,1971-01-15,0.0
380,1971-01-16,1.1
381,1971-01-17,2.5
382,1971-01-18,0.8
383,1971-01-19,3.2
384,1971-01-20,1.1
385,1971-01-21,1.8
386,1971-01-22,3.4
387,1971-01-23,16.5
388,1971-01-24,2.7
389,1971-01-25,6.6
390,1971-01-26,9.0
391,1971-01-27,2.9
392,1971-01-28,0.4
393,1971-01-29,0.0
394,1971-01-30,4.0
395,1971-01-31,1.0
396,1971-02-01,1.0
397,1971-02-02,0.0
398,1971-02-03,0.7
399,1971-02-04,0.2
400,1971-02-05,0.0
401,1971-02-06,0.1
402,1971-02-07,0.6
403,1971-02-08,0.3
404,1971-02-09,0.0
405,1971-02-10,0.0
406,1971-02-11,0.0
407,1971-02-12,0.0
408,1971-02-13,1.2
409,1971-02-14,0.9
410,1971-02-15,9.6
411,1971-02-16,6.5
412,1971-02-17,2.8
413,1971-02-18,4.3
414,1971-02-19,0.1
415,1971-02-20,2.8
416,1971-02-21,2.7
417,1971-02-22,0.2
418,1971-02-23,0.1
419,1971-02-24,0.0
420,1971-02-25,1.4
421,1971-02-26,0.1
422,1971-02-27,0.0
423,1971-02-28,0.0
424,1971-03-01,0.2
425,1971-03-02,4.3
426,1971-03-03,0.6
427,1971-03-04,0.0
428,1971-03-05,0.5
429,1971-03-06,2.3
430,1971-03-07,0.0
431,1971-03-08,0.0
432,1971-03-09,0.9
433,1971-03-10,0.5
434,1971-03-11,1.3
435,1971-03-12,0.1
436,1971-03-13,0.0
437,1971-03-14,2.9
438,1971-03-15,0.8
439,1971-03-16,1.0
440,1971-03-17,3.9
441,1971-03-18,3.7
442,1971-03-19,0.9
443,1971-03-20,1.6
444,1971-03-21,4.3
445,1971-03-22,0.2
446,1971-03-23,0.0
447,1971-03-24,0.4
448,1971-03-25,1.7
449,1971-03-26,3.2
450,1971-03-27,1.7
451,1971-03-28,0.0
452,1971-03-29,0.0
453,1971-03-30,0.0
454,1971-03-31,0.0
455,1971-04-01,0.1
456,1971-04-02,0.0
457,1971-04-03,0.1
458,1971-04-04,3.4
459,1971-04-05,3.6
460,1971-04-06,1.3
461,1971-04-07,0.0
462,1971-04-08,2.5
463,1971-04-09,0.1
464,1971-04-10,0.0
465,1971-04-11,0.0
466,1971-04-12,0.0
467,1971-04-13,0.0
468,1971-04-14,0.0
469,1971-04-15,0.0
470,1971-04-16,0.1
471,1971-04-17,0.1
472,1971-04-18,0.0
473,1971-04-19,0.0
474,1971-04-20,0.0
475,1971-04-21,0.0
476,1971-04-22,1.0
477,1971-04-23,13.3
478,1971-04-24,0.7
479,1971-04-25,1.8
480,1971-04-26,13.4
481,1971-04-27,1.2
482,1971-04-28,0.0
483,1971-04-29,0.0
484,1971-04-30,0.0
485,1971-05-01,0.0
486,1971-05-02,0.0
487,1971-05-03,0.1
488,1971-05-04,0.2
489,1971-05-05,0.1
490,1971-05-06,0.0
491,1971-05-07,0.0
492,1971-05-08,0.2
493,1971-05-09,0.8
494,1971-05-10,0.0
495,1971-05-11,0.0
496,1971-05-12,1.1
497,1971-05-13,1.5
498,1971-05-14,3.3
499,1971-05-15,4.6
500,1971-05-16,15.7
501,1971-05-17,18.1
502,1971-05-18,10.7
503,1971-05-19,0.4
504,1971-05-20,0.9
505,1971-05-21,6.6
506,1971-05-22,1.4
507,1971-05-23,2.5
508,1971-05-24,0.6
509,1971-05-25,0.6
510,1971-05-26,0.3
511,1971-05-27,4.2
512,1971-05-28,5.3
513,1971-05-29,1.4
514,1971-05-30,0.7
515,1971-05-31,3.6
516,1971-06-01,0.0
517,1971-06-02,2.9
518,1971-06-03,7.1
519,1971-06-04,7.8
520,1971-06-05,3.7
521,1971-06-06,0.1
522,1971-06-07,0.4
523,1971-06-08,0.5
524,1971-06-09,9.1
525,1971-06-10,8.8
526,1971-06-11,0.2
527,1971-06-12,1.2
528,1971-06-13,0.2
529,1971-06-14,19.7
530,1971-06-15,4.6
531,1971-06-16,3.9
532,1971-06-17,4.6
533,1971-06-18,6.6
534,1971-06-19,15.2
535,1971-06-20,1.7
536,1971-06-21,0.0
537,1971-06-22,0.4
538,1971-06-23,0.0
539,1971-06-24,0.0
540,1971-06-25,0.8
541,1971-06-26,2.6
542,1971-06-27,2.6
543,1971-06-28,6.5
544,1971-06-29,0.9
545,1971-06-30,2.0
546,1971-07-01,0.0
547,1971-07-02,0.0
548,1971-07-03,0.0
549,1971-07-04,0.0
550,1971-07-05,1.1
551,1971-07-06,0.0
552,1971-07-07,0.0
553,1971-07-08,0.0
554,1971-07-09,0.0
555,1971-07-10,0.0
556,1971-07-11,0.0
557,1971-07-12,0.0
558,1971-07-13,0.0
559,1971-07-14,0.0
560,1971-07-15,0.3
561,1971-07-16,0.0
562,1971-07-17,0.0
563,1971-07-18,0.0
564,1971-07-19,0.1
565,1971-07-20,0.4
566,1971-07-21,0.2
567,1971-07-22,1.7
568,1971-07-23,4.2
569,1971-07-24,1.1
570,1971-07-25,2.7
571,1971-07-26,0.6
572,1971-07-27,22.2
573,1971-07-28,0.7
574,1971-07-29,0.0
575,1971-07-30,0.0
576,1971-07-31,0.1
577,1971-08-01,0.1
578,1971-08-02,1.1
579,1971-08-03,6.3
580,1971-08-04,1.2
581,1971-08-05,2.6
582,1971-08-06,4.1
583,1971-08-07,0.4
584,1971-08-08,0.3
585,1971-08-09,0.0
586,1971-08-10,8.8
587,1971-08-11,0.5
588,1971-08-12,1.6
589,1971-08-13,0.6
590,1971-08-14,2.8
591,1971-08-15,0.6
592,1971-08-16,0.2
593,1971-08-17,0.0
594,1971-08-18,13.9
595,1971-08-19,13.2
596,1971-08-20,15.2
597,1971-08-21,4.1
598,1971-08-22,2.4
599,1971-08-23,1.5
600,1971-08-24,0.6
601,1971-08-25,0.0
602,1971-08-26,4.5
603,1971-08-27,2.3
604,1971-08-28,0.0
605,1971-08-29,0.3
606,1971-08-30,1.3
607,1971-08-31,0.8
608,1971-09-01,0.2
609,1971-09-02,0.5
610,1971-09-03,0.0
611,1971-09-04,0.0
612,1971-09-05,0.0
613,1971-09-06,0.0
614,1971-09-07,0.0
615,1971-09-08,0.0
616,1971-09-09,0.0
617,1971-09-10,0.0
618,1971-09-11,0.7
619,1971-09-12,0.0
620,1971-09-13,0.3
621,1971-09-14,2.0
622,1971-09-15,0.0
623,1971-09-16,0.0
624,1971-09-17,0.0
625,1971-09-18,0.0
626,1971-09-19,0.0
627,1971-09-20,0.0
628,1971-09-21,0.0
629,1971-09-22,0.1
630,1971-09-23,11.9
631,1971-09-24,1.4
632,1971-09-25,2.7
633,1971-09-26,0.7
634,1971-09-27,1.3
635,1971-09-28,1.7
636,1971-09-29,0.3
637,1971-09-30,0.2
638,1971-10-01,0.0
639,1971-10-02,0.0
640,1971-10-03,3.3
641,1971-10-04,0.3
642,1971-10-05,0.0
643,1971-10-06,0.0
644,1971-10-07,0.0
645,1971-10-08,0.0
646,1971-10-09,0.0
647,1971-10-10,0.1
648,1971-10-11,0.1
649,1971-10-12,1.4
650,1971-10-13,3.4
651,1971-10-14,5.6
652,1971-10-15,0.0
653,1971-10-16,0.3
654,1971-10-17,4.4
655,1971-10-18,0.4
656,1971-10-19,3.2
657,1971-10-20,0.3
658,1971-10-21,0.0
659,1971-10-22,0.0
660,1971-10-23,0.0
661,1971-10-24,0.0
662,1971-10-25,0.3
663,1971-10-26,0.2
664,1971-10-27,0.0
665,1971-10-28,0.0
666,1971-10-29,0.0
667,1971-10-30,0.2
668,1971-10-31,0.2
669,1971-11-01,0.4
670,1971-11-02,0.0
671,1971-11-03,0.0
672,1971-11-04,0.0
673,1971-11-05,6.0
674,1971-11-06,3.8
675,1971-11-07,0.0
676,1971-11-08,12.2
677,1971-11-09,0.5
678,1971-11-10,0.0
679,1971-11-11,0.0
680,1971-11-12,0.0
681,1971-11-13,6.7
682,1971-11-14,0.6
683,1971-11-15,0.0
684,1971-11-16,0.5
685,1971-11-17,0.7
686,1971-11-18,9.8
687,1971-11-19,2.1
688,1971-11-20,0.4
689,1971-11-21,22.8
690,1971-11-22,1.8
691,1971-11-23,1.2
692,1971-11-24,0.3
693,1971-11-25,0.8
694,1971-11-26,7.0
695,1971-11-27,0.7
696,1971-11-28,3.4
697,1971-11-29,0.9
698,1971-11-30,0.6
699,1971-12-01,1.4
700,1971-12-02,0.2
701,1971-12-03,0.0
702,1971-12-04,0.0
703,1971-12-05,0.1
704,1971-12-06,0.1
705,1971-12-07,0.1
706,1971-12-08,0.1
707,1971-12-09,0.4
708,1971-12-10,0.2
709,1971-12-11,0.1
710,1971-12-12,0.3
711,1971-12-13,0.0
712,1971-12-14,0.0
713,1971-12-15,0.0
714,1971-12-16,0.0
715,1971-12-17,0.1
716,1971-12-18,0.5
717,1971-12-19,5.4
718,1971-12-20,2.5
719,1971-12-21,0.6
720,1971-12-22,2.2
721,1971-12-23,0.8
722,1971-12-24,0.4
723,1971-12-25,0.1
724,1971-12-26,0.0
725,1971-12-27,0.1
726,1971-12-28,0.1
727,1971-12-29,0.0
728,1971-12-30,0.6
729,1971-12-31,0.0
730,1972-01-01,0.3
731,1972-01-02,3.3
732,1972-01-03,9.7
733,1972-01-04,5.2
734,1972-01-05,1.5
735,1972-01-06,0.1
736,1972-01-07,1.9
737,1972-01-08,3.1
738,1972-01-09,1.2
739,1972-01-10,1.1
740,1972-01-11,4.6
741,1972-01-12,4.9
742,1972-01-13,0.0
743,1972-01-14,0.4
744,1972-01-15,1.0
745,1972-01-16,3.3
746,1972-01-17,3.2
747,1972-01-18,0.0
748,1972-01-19,2.0
749,1972-01-20,19.8
750,1972-01-21,0.1
751,1972-01-22,0.0
752,1972-01-23,1.3
753,1972-01-24,5.8
754,1972-01-25,1.0
755,1972-01-26,9.5
756,1972-01-27,8.3
757,1972-01-28,1.5
758,1972-01-29,0.1
759,1972-01-30,0.1
760,1972-01-31,0.0
761,1972-02-01,1.4
762,1972-02-02,2.7
763,1972-02-03,4.0
764,1972-02-04,0.8
765,1972-02-05,0.2
766,1972-02-06,4.5
767,1972-02-07,14.1
768,1972-02-08,0.1
769,1972-02-09,0.1
770,1972-02-10,1.6
771,1972-02-11,9.4
772,1972-02-12,2.3
773,1972-02-13,12.2
774,1972-02-14,0.1
775,1972-02-15,0.7
776,1972-02-16,0.2
777,1972-02-17,3.2
778,1972-02-18,3.0
779,1972-02-19,0.1
780,1972-02-20,2.0
781,1972-02-21,0.3
782,1972-02-22,3.6
783,1972-02-23,0.1
784,1972-02-24,0.0
785,1972-02-25,0.0
786,1972-02-26,0.0
787,1972-02-27,0.6
788,1972-02-28,0.2
789,1972-02-29,0.2
790,1972-03-01,2.8
791,1972-03-02,1.3
792,1972-03-03,4.7
793,1972-03-04,3.4
794,1972-03-05,8.8
795,1972-03-06,6.2
796,1972-03-07,0.0
797,1972-03-08,0.1
798,1972-03-09,0.2
799,1972-03-10,0.6
800,1972-03-11,1.1
801,1972-03-12,0.5
802,1972-03-13,0.8
803,1972-03-14,0.0
804,1972-03-15,0.0
805,1972-03-16,0.0
806,1972-03-17,0.0
807,1972-03-18,0.1
808,1972-03-19,0.1
809,1972-03-20,0.3
810,1972-03-21,0.3
811,1972-03-22,0.0
812,1972-03-23,0.0
813,1972-03-24,0.0
814,1972-03-25,0.0
815,1972-03-26,5.8
816,1972-03-27,8.7
817,1972-03-28,3.9
818,1972-03-29,0.8
819,1972-03-30,0.0
820,1972-03-31,0.3
821,1972-04-01,5.6
822,1972-04-02,0.3
823,1972-04-03,3.4
824,1972-04-04,8.2
825,1972-04-05,1.0
826,1972-04-06,6.0
827,1972-04-07,2.7
828,1972-04-08,2.7
829,1972-04-09,0.3
830,1972-04-10,8.3
831,1972-04-11,5.5
832,1972-04-12,4.0
833,1972-04-13,0.9
834,1972-04-14,7.5
835,1972-04-15,2.4
836,1972-04-16,0.2
837,1972-04-17,0.0
838,1972-04-18,1.1
839,1972-04-19,3.0
840,1972-04-20,0.2
841,1972-04-21,0.0
842,1972-04-22,0.9
843,1972-04-23,0.1
844,1972-04-24,0.0
845,1972-04-25,0.0
846,1972-04-26,0.0
847,1972-04-27,6.2
848,1972-04-28,1.6
849,1972-04-29,8.8
850,1972-04-30,5.8
851,1972-05-01,2.2
852,1972-05-02,0.4
853,1972-05-03,0.0
854,1972-05-04,3.0
855,1972-05-05,4.6
856,1972-05-06,2.1
857,1972-05-07,1.9
858,1972-05-08,0.5
859,1972-05-09,2.6
860,1972-05-10,8.3
861,1972-05-11,1.8
862,1972-05-12,12.9
863,1972-05-13,1.1
864,1972-05-14,3.9
865,1972-05-15,1.0
866,1972-05-16,3.5
867,1972-05-17,12.0
868,1972-05-18,5.9
869,1972-05-19,0.4
870,1972-05-20,5.2
871,1972-05-21,0.5
872,1972-05-22,0.1
873,1972-05-23,2.4
874,1972-05-24,1.6
875,1972-05-25,1.0
876,1972-05-26,5.7
877,1972-05-27,7.4
878,1972-05-28,1.2
879,1972-05-29,0.5
880,1972-05-30,0.8
881,1972-05-31,1.0
882,1972-06-01,2.4
883,1972-06-02,0.3
884,1972-06-03,0.3
885,1972-06-04,3.9
886,1972-06-05,11.2
887,1972-06-06,0.3
888,1972-06-07,4.4
889,1972-06-08,0.8
890,1972-06-09,4.0
891,1972-06-10,5.3
892,1972-06-11,2.8
893,1972-06-12,0.9
894,1972-06-13,0.4
895,1972-06-14,4.3
896,1972-06-15,0.1
897,1972-06-16,3.5
898,1972-06-17,0.0
899,1972-06-18,0.1
900,1972-06-19,3.2
901,1972-06-20,0.0
902,1972-06-21,0.1
903,1972-06-22,1.8
904,1972-06-23,0.6
905,1972-06-24,0.1
906,1972-06-25,0.4
907,1972-06-26,5.4
908,1972-06-27,2.4
909,1972-06-28,0.0
910,1972-06-29,0.1
911,1972-06-30,9.7
912,1972-07-01,3.8
913,1972-07-02,3.2
914,1972-07-03,2.3
915,1972-07-04,0.4
916,1972-07-05,10.2
917,1972-07-06,0.7
918,1972-07-07,0.0
919,1972-07-08,0.0
920,1972-07-09,14.1
921,1972-07-10,0.5
922,1972-07-11,0.3
923,1972-07-12,0.2
924,1972-07-13,0.0
925,1972-07-14,0.0
926,1972-07-15,0.0
927,1972-07-16,12.3
928,1972-07-17,4.7
929,1972-07-18,11.2
930,1972-07-19,12.0
931,1972-07-20,11.9
932,1972-07-21,7.1
933,1972-07-22,5.3
934,1972-07-23,4.0
935,1972-07-24,6.5
936,1972-07-25,1.5
937,1972-07-26,0.1
938,1972-07-27,0.9
939,1972-07-28,0.8
940,1972-07-29,0.8
941,1972-07-30,1.2
942,1972-07-31,6.2
943,1972-08-01,7.3
944,1972-08-02,11.6
945,1972-08-03,0.6
946,1972-08-04,0.1
947,1972-08-05,0.7
948,1972-08-06,0.0
949,1972-08-07,11.7
950,1972-08-08,7.0
951,1972-08-09,0.1
952,1972-08-10,0.3
953,1972-08-11,0.3
954,1972-08-12,4.7
955,1972-08-13,0.1
956,1972-08-14,6.2
957,1972-08-15,11.8
958,1972-08-16,0.1
959,1972-08-17,0.7
960,1972-08-18,0.8
961,1972-08-19,0.7
962,1972-08-20,0.0
963,1972-08-21,0.9
964,1972-08-22,0.9
965,1972-08-23,0.0
966,1972-08-24,0.0
967,1972-08-25,0.1
968,1972-08-26,0.0
969,1972-08-27,0.0
970,1972-08-28,1.2
971,1972-08-29,0.1
972,1972-08-30,0.1
973,1972-08-31,0.0
974,1972-09-01,0.3
975,1972-09-02,0.0
976,1972-09-03,3.0
977,1972-09-04,0.0
978,1972-09-05,0.0
979,1972-09-06,4.0
980,1972-09-07,1.0
981,1972-09-08,0.0
982,1972-09-09,2.8
983,1972-09-10,16.8
984,1972-09-11,1.5
985,1972-09-12,2.9
986,1972-09-13,9.0
987,1972-09-14,1.1
988,1972-09-15,0.2
989,1972-09-16,0.8
990,1972-09-17,0.9
991,1972-09-18,2.1
992,1972-09-19,12.9
993,1972-09-20,0.1
994,1972-09-21,0.0
995,1972-09-22,0.0
996,1972-09-23,0.0
997,1972-09-24,0.0
998,1972-09-25,0.2
999,1972-09-26,0.0
1000,1972-09-27,0.1
1001,1972-09-28,0.0
1002,1972-09-29,0.0
1003,1972-09-30,0.0
1004,1972-10-01,0.0
1005,1972-10-02,0.0
1006,1972-10-03,0.0
1007,1972-10-04,0.0
1008,1972-10-05,0.0
1009,1972-10-06,0.0
1010,1972-10-07,0.0
1011,1972-10-08,0.0
1012,1972-10-09,0.1
1013,1972-10-10,11.2
1014,1972-10-11,4.2
1015,1972-10-12,5.5
1016,1972-10-13,0.0
1017,1972-10-14,0.0
1018,1972-10-15,0.0
1019,1972-10-16,0.0
1020,1972-10-17,0.0
1021,1972-10-18,0.0
1022,1972-10-19,0.0
1023,1972-10-20,0.2
1024,1972-10-21,1.0
1025,1972-10-22,2.9
1026,1972-10-23,0.5
1027,1972-10-24,0.7
1028,1972-10-25,0.0
1029,1972-10-26,3.8
1030,1972-10-27,10.6
1031,1972-10-28,1.0
1032,1972-10-29,0.0
1033,1972-10-30,0.0
1034,1972-10-31,2.0
1035,1972-11-01,0.0
1036,1972-11-02,0.1
1037,1972-11-03,0.3
1038,1972-11-04,0.2
1039,1972-11-05,0.1
1040,1972-11-06,2.4
1041,1972-11-07,0.2
1042,1972-11-08,1.3
1043,1972-11-09,0.5
1044,1972-11-10,10.9
1045,1972-11-11,3.5
1046,1972-11-12,10.6
1047,1972-11-13,3.3
1048,1972-11-14,6.7
1049,1972-11-15,0.0
1050,1972-11-16,11.7
1051,1972-11-17,33.9
1052,1972-11-18,0.0
1053,1972-11-19,6.5
1054,1972-11-20,9.5
1055,1972-11-21,0.4
1056,1972-11-22,0.1
1057,1972-11-23,0.0
1058,1972-11-24,0.7
1059,1972-11-25,1.2
1060,1972-11-26,1.6
1061,1972-11-27,0.2
1062,1972-11-28,1.0
1063,1972-11-29,0.0
1064,1972-11-30,0.8
1065,1972-12-01,0.0
1066,1972-12-02,0.0
1067,1972-12-03,3.6
1068,1972-12-04,2.2
1069,1972-12-05,0.0
1070,1972-12-06,2.4
1071,1972-12-07,3.6
1072,1972-12-08,0.0
1073,1972-12-09,0.1
1074,1972-12-10,3.6
1075,1972-12-11,0.2
1076,1972-12-12,0.0
1077,1972-12-13,5.9
1078,1972-12-14,0.5
1079,1972-12-15,0.0
1080,1972-12-16,0.0
1081,1972-12-17,0.0
1082,1972-12-18,0.0
1083,1972-12-19,0.0
1084,1972-12-20,0.0
1085,1972-12-21,0.0
1086,1972-12-22,0.2
1087,1972-12-23,0.2
1088,1972-12-24,0.4
1089,1972-12-25,0.0
1090,1972-12-26,0.3
1091,1972-12-27,2.8
1092,1972-12-28,0.2
1093,1972-12-29,0.0
1094,1972-12-30,0.0
1095,1972-12-31,0.0
1096,1973-01-01,0.0
1097,1973-01-02,0.2
1098,1973-01-03,0.4
1099,1973-01-04,0.4
1100,1973-01-05,0.0
1101,1973-01-06,0.0
1102,1973-01-07,0.0
1103,1973-01-08,0.2
1104,1973-01-09,0.1
1105,1973-01-10,0.0
1106,1973-01-11,0.0
1107,1973-01-12,0.0
1108,1973-01-13,0.2
1109,1973-01-14,0.9
1110,1973-01-15,3.1
1111,1973-01-16,0.3
1112,1973-01-17,0.2
1113,1973-01-18,0.9
1114,1973-01-19,0.3
1115,1973-01-20,1.1
1116,1973-01-21,7.8
1117,1973-01-22,0.0
1118,1973-01-23,4.5
1119,1973-01-24,0.4
1120,1973-01-25,0.1
1121,1973-01-26,2.7
1122,1973-01-27,3.3
1123,1973-01-28,0.0
1124,1973-01-29,0.2
1125,1973-01-30,1.9
1126,1973-01-31,0.8
1127,1973-02-01,0.8
1128,1973-02-02,0.0
1129,1973-02-03,0.0
1130,1973-02-04,0.0
1131,1973-02-05,0.2
1132,1973-02-06,0.0
1133,1973-02-07,0.3
1134,1973-02-08,0.4
1135,1973-02-09,6.4
1136,1973-02-10,2.2
1137,1973-02-11,0.1
1138,1973-02-12,12.5
1139,1973-02-13,1.5
1140,1973-02-14,3.5
1141,1973-02-15,2.0
1142,1973-02-16,2.4
1143,1973-02-17,0.2
1144,1973-02-18,1.9
1145,1973-02-19,3.0
1146,1973-02-20,0.0
1147,1973-02-21,3.4
1148,1973-02-22,2.2
1149,1973-02-23,3.3
1150,1973-02-24,0.4
1151,1973-02-25,1.2
1152,1973-02-26,0.1
1153,1973-02-27,0.0
1154,1973-02-28,0.0
1155,1973-03-01,0.0
1156,1973-03-02,1.0
1157,1973-03-03,0.0
1158,1973-03-04,0.0
1159,1973-03-05,0.0
1160,1973-03-06,2.9
1161,1973-03-07,1.1
1162,1973-03-08,0.0
1163,1973-03-09,0.0
1164,1973-03-10,0.0
1165,1973-03-11,0.0
1166,1973-03-12,0.3
1167,1973-03-13,0.2
1168,1973-03-14,0.0
1169,1973-03-15,0.0
1170,1973-03-16,0.0
1171,1973-03-17,0.0
1172,1973-03-18,0.4
1173,1973-03-19,0.4
1174,1973-03-20,0.0
1175,1973-03-21,0.0
1176,1973-03-22,0.0
1177,1973-03-23,0.0
1178,1973-03-24,1.3
1179,1973-03-25,3.3
1180,1973-03-26,0.0
1181,1973-03-27,0.3
1182,1973-03-28,0.0
1183,1973-03-29,0.7
1184,1973-03-30,0.0
1185,1973-03-31,0.1
1186,1973-04-01,0.3
1187,1973-04-02,9.2
1188,1973-04-03,1.6
1189,1973-04-04,0.0
1190,1973-04-05,0.1
1191,1973-04-06,0.1
1192,1973-04-07,0.6
1193,1973-04-08,1.8
1194,1973-04-09,0.0
1195,1973-04-10,0.4
1196,1973-04-11,3.6
1197,1973-04-12,1.6
1198,1973-04-13,1.5
1199,1973-04-14,0.6
1200,1973-04-15,1.6
1201,1973-04-16,0.8
1202,1973-04-17,1.5
1203,1973-04-18,1.9
1204,1973-04-19,3.5
1205,1973-04-20,3.1
1206,1973-04-21,2.9
1207,1973-04-22,7.9
1208,1973-04-23,1.7
1209,1973-04-24,0.5
1210,1973-04-25,1.8
1211,1973-04-26,0.1
1212,1973-04-27,1.9
1213,1973-04-28,7.5
1214,1973-04-29,1.7
1215,1973-04-30,3.1
1216,1973-05-01,17.6
1217,1973-05-02,0.0
1218,1973-05-03,8.0
1219,1973-05-04,2.7
1220,1973-05-05,2.9
1221,1973-05-06,3.3
1222,1973-05-07,16.8
1223,1973-05-08,3.1
1224,1973-05-09,0.9
1225,1973-05-10,2.5
1226,1973-05-11,0.6
1227,1973-05-12,0.0
1228,1973-05-13,0.0
1229,1973-05-14,0.2
1230,1973-05-15,0.0
1231,1973-05-16,0.0
1232,1973-05-17,1.1
1233,1973-05-18,0.4
1234,1973-05-19,1.1
1235,1973-05-20,0.9
1236,1973-05-21,9.7
1237,1973-05-22,12.8
1238,1973-05-23,3.0
1239,1973-05-24,0.3
1240,1973-05-25,0.0
1241,1973-05-26,0.0
1242,1973-05-27,0.0
1243,1973-05-28,1.6
1244,1973-05-29,0.9
1245,1973-05-30,10.5
1246,1973-05-31,4.4
1247,1973-06-01,12.2
1248,1973-06-02,32.3
1249,1973-06-03,0.2
1250,1973-06-04,0.2
1251,1973-06-05,0.0
1252,1973-06-06,0.0
1253,1973-06-07,0.0
1254,1973-06-08,0.1
1255,1973-06-09,2.4
1256,1973-06-10,0.2
1257,1973-06-11,0.3
1258,1973-06-12,0.4
1259,1973-06-13,0.1
1260,1973-06-14,0.0
1261,1973-06-15,0.0
1262,1973-06-16,0.0
1263,1973-06-17,0.0
1264,1973-06-18,0.2
1265,1973-06-19,0.0
1266,1973-06-20,6.6
1267,1973-06-21,1.3
1268,1973-06-22,0.0
1269,1973-06-23,0.2
1270,1973-06-24,0.2
1271,1973-06-25,0.5
1272,1973-06-26,0.0
1273,1973-06-27,1.2
1274,1973-06-28,5.5
1275,1973-06-29,0.6
1276,1973-06-30,0.0
1277,1973-07-01,0.0
1278,1973-07-02,0.0
1279,1973-07-03,0.0
1280,1973-07-04,0.9
1281,1973-07-05,11.2
1282,1973-07-06,5.0
1283,1973-07-07,2.1
1284,1973-07-08,0.0
1285,1973-07-09,0.0
1286,1973-07-10,0.0
1287,1973-07-11,0.0
1288,1973-07-12,1.8
1289,1973-07-13,0.1
1290,1973-07-14,0.1
1291,1973-07-15,5.4
1292,1973-07-16,4.2
1293,1973-07-17,4.7
1294,1973-07-18,0.5
1295,1973-07-19,0.7
1296,1973-07-20,1.2
1297,1973-07-21,1.4
1298,1973-07-22,1.6
1299,1973-07-23,3.4
1300,1973-07-24,0.9
1301,1973-07-25,3.6
1302,1973-07-26,0.4
1303,1973-07-27,0.6
1304,1973-07-28,3.8
1305,1973-07-29,0.2
1306,1973-07-30,0.0
1307,1973-07-31,0.0
1308,1973-08-01,2.7
1309,1973-08-02,6.9
1310,1973-08-03,0.6
1311,1973-08-04,1.5
1312,1973-08-05,0.0
1313,1973-08-06,1.4
1314,1973-08-07,1.4
1315,1973-08-08,0.0
1316,1973-08-09,0.0
1317,1973-08-10,0.4
1318,1973-08-11,0.1
1319,1973-08-12,0.0
1320,1973-08-13,0.0
1321,1973-08-14,0.0
1322,1973-08-15,0.0
1323,1973-08-16,0.0
1324,1973-08-17,0.1
1325,1973-08-18,2.8
1326,1973-08-19,0.2
1327,1973-08-20,0.0
1328,1973-08-21,0.2
1329,1973-08-22,0.0
1330,1973-08-23,0.0
1331,1973-08-24,0.0
1332,1973-08-25,0.0
1333,1973-08-26,0.0
1334,1973-08-27,1.6
1335,1973-08-28,1.5
1336,1973-08-29,1.6
1337,1973-08-30,2.5
1338,1973-08-31,0.0
1339,1973-09-01,0.0
1340,1973-09-02,0.0
1341,1973-09-03,0.0
1342,1973-09-04,0.0
1343,1973-09-05,0.7
1344,1973-09-06,0.0
1345,1973-09-07,0.0
1346,1973-09-08,0.3
1347,1973-09-09,5.6
1348,1973-09-10,0.5
1349,1973-09-11,0.0
1350,1973-09-12,0.0
1351,1973-09-13,0.0
1352,1973-09-14,0.0
1353,1973-09-15,0.9
1354,1973-09-16,2.7
1355,1973-09-17,8.7
1356,1973-09-18,8.5
1357,1973-09-19,3.2
1358,1973-09-20,12.8
1359,1973-09-21,0.2
1360,1973-09-22,14.0
1361,1973-09-23,9.1
1362,1973-09-24,1.6
1363,1973-09-25,0.4
1364,1973-09-26,2.4
1365,1973-09-27,1.0
1366,1973-09-28,7.2
1367,1973-09-29,5.3
1368,1973-09-30,1.2
1369,1973-10-01,1.4
1370,1973-10-02,0.0
1371,1973-10-03,0.0
1372,1973-10-04,0.0
1373,1973-10-05,0.0
1374,1973-10-06,8.9
1375,1973-10-07,0.7
1376,1973-10-08,0.3
1377,1973-10-09,0.1
1378,1973-10-10,0.5
1379,1973-10-11,1.8
1380,1973-10-12,0.0
1381,1973-10-13,0.6
1382,1973-10-14,0.5
1383,1973-10-15,7.8
1384,1973-10-16,20.3
1385,1973-10-17,2.8
1386,1973-10-18,0.1
1387,1973-10-19,2.9
1388,1973-10-20,1.8
1389,1973-10-21,1.7
1390,1973-10-22,0.0
1391,1973-10-23,1.9
1392,1973-10-24,0.0
1393,1973-10-25,0.0
1394,1973-10-26,0.0
1395,1973-10-27,0.0
1396,1973-10-28,0.0
1397,1973-10-29,0.3
1398,1973-10-30,0.0
1399,1973-10-31,0.0
1400,1973-11-01,0.0
1401,1973-11-02,0.1
1402,1973-11-03,0.0
1403,1973-11-04,4.4
1404,1973-11-05,4.3
1405,1973-11-06,0.4
1406,1973-11-07,0.0
1407,1973-11-08,0.1
1408,1973-11-09,0.0
1409,1973-11-10,0.1
1410,1973-11-11,0.2
1411,1973-11-12,0.0
1412,1973-11-13,4.1
1413,1973-11-14,6.7
1414,1973-11-15,10.3
1415,1973-11-16,4.9
1416,1973-11-17,0.0
1417,1973-11-18,0.0
1418,1973-11-19,0.2
1419,1973-11-20,0.0
1420,1973-11-21,0.0
1421,1973-11-22,0.0
1422,1973-11-23,0.3
1423,1973-11-24,0.4
1424,1973-11-25,1.2
1425,1973-11-26,0.1
1426,1973-11-27,0.0
1427,1973-11-28,2.0
1428,1973-11-29,6.2
1429,1973-11-30,2.8
1430,1973-12-01,0.1
1431,1973-12-02,0.1
1432,1973-12-03,4.0
1433,1973-12-04,0.3
1434,1973-12-05,0.4
1435,1973-12-06,0.8
1436,1973-12-07,5.6
1437,1973-12-08,3.7
1438,1973-12-09,0.0
1439,1973-12-10,0.0
1440,1973-12-11,3.4
1441,1973-12-12,1.0
1442,1973-12-13,4.2
1443,1973-12-14,1.5
1444,1973-12-15,0.0
1445,1973-12-16,5.8
1446,1973-12-17,0.5
1447,1973-12-18,0.3
1448,1973-12-19,0.0
1449,1973-12-20,0.6
1450,1973-12-21,4.3
1451,1973-12-22,7.9
1452,1973-12-23,0.4
1453,1973-12-24,2.0
1454,1973-12-25,0.0
1455,1973-12-26,1.1
1456,1973-12-27,0.2
1457,1973-12-28,0.3
1458,1973-12-29,0.0
1459,1973-12-30,0.2
1460,1973-12-31,0.6
1461,1974-01-01,0.0
1462,1974-01-02,0.0
1463,1974-01-03,0.0
1464,1974-01-04,0.8
1465,1974-01-05,1.1
1466,1974-01-06,1.8
1467,1974-01-07,5.9
1468,1974-01-08,3.8
1469,1974-01-09,11.6
1470,1974-01-10,2.2
1471,1974-01-11,2.3
1472,1974-01-12,0.0
1473,1974-01-13,4.2
1474,1974-01-14,4.1
1475,1974-01-15,1.6
1476,1974-01-16,4.6
1477,1974-01-17,0.5
1478,1974-01-18,0.3
1479,1974-01-19,0.1
1480,1974-01-20,0.1
1481,1974-01-21,0.4
1482,1974-01-22,0.5
1483,1974-01-23,0.2
1484,1974-01-24,2.2
1485,1974-01-25,0.0
1486,1974-01-26,2.3
1487,1974-01-27,4.4
1488,1974-01-28,11.6
1489,1974-01-29,8.4
1490,1974-01-30,0.0
1491,1974-01-31,4.2
1492,1974-02-01,1.1
1493,1974-02-02,0.0
1494,1974-02-03,0.0
1495,1974-02-04,1.9
1496,1974-02-05,10.6
1497,1974-02-06,8.7
1498,1974-02-07,1.0
1499,1974-02-08,3.7
1500,1974-02-09,3.4
1501,1974-02-10,0.4
1502,1974-02-11,2.8
1503,1974-02-12,1.4
1504,1974-02-13,2.2
1505,1974-02-14,0.1
1506,1974-02-15,6.4
1507,1974-02-16,0.0
1508,1974-02-17,0.0
1509,1974-02-18,0.2
1510,1974-02-19,0.5
1511,1974-02-20,0.4
1512,1974-02-21,0.1
1513,1974-02-22,1.2
1514,1974-02-23,0.5
1515,1974-02-24,0.0
1516,1974-02-25,0.0
1517,1974-02-26,0.0
1518,1974-02-27,0.0
1519,1974-02-28,0.3
1520,1974-03-01,9.2
1521,1974-03-02,0.8
1522,1974-03-03,0.1
1523,1974-03-04,0.5
1524,1974-03-05,0.7
1525,1974-03-06,0.0
1526,1974-03-07,0.0
1527,1974-03-08,0.0
1528,1974-03-09,2.0
1529,1974-03-10,3.2
1530,1974-03-11,5.5
1531,1974-03-12,3.3
1532,1974-03-13,2.4
1533,1974-03-14,2.8
1534,1974-03-15,7.4
1535,1974-03-16,1.3
1536,1974-03-17,4.5
1537,1974-03-18,12.2
1538,1974-03-19,0.2
1539,1974-03-20,2.5
1540,1974-03-21,0.9
1541,1974-03-22,0.0
1542,1974-03-23,0.0
1543,1974-03-24,2.8
1544,1974-03-25,0.9
1545,1974-03-26,1.0
1546,1974-03-27,2.8
1547,1974-03-28,11.6
1548,1974-03-29,2.2
1549,1974-03-30,0.1
1550,1974-03-31,0.0
1551,1974-04-01,0.9
1552,1974-04-02,4.0
1553,1974-04-03,0.9
1554,1974-04-04,0.0
1555,1974-04-05,1.2
1556,1974-04-06,0.9
1557,1974-04-07,0.0
1558,1974-04-08,0.0
1559,1974-04-09,0.0
1560,1974-04-10,0.0
1561,1974-04-11,1.0
1562,1974-04-12,5.2
1563,1974-04-13,0.0
1564,1974-04-14,0.0
1565,1974-04-15,0.0
1566,1974-04-16,0.1
1567,1974-04-17,0.2
1568,1974-04-18,1.0
1569,1974-04-19,0.1
1570,1974-04-20,0.0
1571,1974-04-21,0.0
1572,1974-04-22,0.5
1573,1974-04-23,0.1
1574,1974-04-24,3.3
1575,1974-04-25,5.2
1576,1974-04-26,5.7
1577,1974-04-27,4.5
1578,1974-04-28,0.1
1579,1974-04-29,0.0
1580,1974-04-30,0.1
1581,1974-05-01,2.4
1582,1974-05-02,0.5
1583,1974-05-03,2.9
1584,1974-05-04,4.8
1585,1974-05-05,1.0
1586,1974-05-06,1.4
1587,1974-05-07,2.8
1588,1974-05-08,0.0
1589,1974-05-09,0.0
1590,1974-05-10,8.4
1591,1974-05-11,0.3
1592,1974-05-12,0.0
1593,1974-05-13,12.3
1594,1974-05-14,0.0
1595,1974-05-15,0.0
1596,1974-05-16,0.0
1597,1974-05-17,0.1
1598,1974-05-18,0.0
1599,1974-05-19,0.1
1600,1974-05-20,0.0
1601,1974-05-21,0.0
1602,1974-05-22,0.7
1603,1974-05-23,7.4
1604,1974-05-24,5.5
1605,1974-05-25,0.3
1606,1974-05-26,0.0
1607,1974-05-27,2.9
1608,1974-05-28,0.6
1609,1974-05-29,0.6
1610,1974-05-30,4.2
1611,1974-05-31,5.5
1612,1974-06-01,0.1
1613,1974-06-02,0.0
1614,1974-06-03,0.2
1615,1974-06-04,0.0
1616,1974-06-05,0.3
1617,1974-06-06,0.6
1618,1974-06-07,1.2
1619,1974-06-08,3.9
1620,1974-06-09,2.4
1621,1974-06-10,3.2
1622,1974-06-11,0.4
1623,1974-06-12,0.6
1624,1974-06-13,0.0
1625,1974-06-14,0.3
1626,1974-06-15,5.0
1627,1974-06-16,0.0
1628,1974-06-17,9.7
1629,1974-06-18,0.1
1630,1974-06-19,0.0
1631,1974-06-20,0.0
1632,1974-06-21,0.0
1633,1974-06-22,0.0
1634,1974-06-23,5.6
1635,1974-06-24,12.6
1636,1974-06-25,0.9
1637,1974-06-26,6.9
1638,1974-06-27,10.5
1639,1974-06-28,2.9
1640,1974-06-29,13.4
1641,1974-06-30,3.9
1642,1974-07-01,0.6
1643,1974-07-02,0.0
1644,1974-07-03,8.2
1645,1974-07-04,0.3
1646,1974-07-05,0.1
1647,1974-07-06,0.6
1648,1974-07-07,0.0
1649,1974-07-08,0.0
1650,1974-07-09,0.1
1651,1974-07-10,0.0
1652,1974-07-11,5.4
1653,1974-07-12,0.3
1654,1974-07-13,5.8
1655,1974-07-14,1.6
1656,1974-07-15,0.1
1657,1974-07-16,2.6
1658,1974-07-17,8.6
1659,1974-07-18,3.4
1660,1974-07-19,0.2
1661,1974-07-20,2.3
1662,1974-07-21,1.0
1663,1974-07-22,0.0
1664,1974-07-23,1.4
1665,1974-07-24,8.5
1666,1974-07-25,0.2
1667,1974-07-26,0.0
1668,1974-07-27,0.3
1669,1974-07-28,0.0
1670,1974-07-29,0.0
1671,1974-07-30,0.0
1672,1974-07-31,0.0
1673,1974-08-01,1.4
1674,1974-08-02,0.0
1675,1974-08-03,7.6
1676,1974-08-04,2.7
1677,1974-08-05,2.7
1678,1974-08-06,0.1
1679,1974-08-07,2.3
1680,1974-08-08,3.7
1681,1974-08-09,2.1
1682,1974-08-10,6.0
1683,1974-08-11,0.8
1684,1974-08-12,8.9
1685,1974-08-13,0.0
1686,1974-08-14,0.0
1687,1974-08-15,0.0
1688,1974-08-16,1.8
1689,1974-08-17,4.9
1690,1974-08-18,0.4
1691,1974-08-19,0.5
1692,1974-08-20,0.0
1693,1974-08-21,0.0
1694,1974-08-22,0.0
1695,1974-08-23,0.0
1696,1974-08-24,0.0
1697,1974-08-25,0.0
1698,1974-08-26,2.3
1699,1974-08-27,0.6
1700,1974-08-28,0.0
1701,1974-08-29,0.0
1702,1974-08-30,8.3
1703,1974-08-31,20.3
1704,1974-09-01,2.1
1705,1974-09-02,3.8
1706,1974-09-03,0.5
1707,1974-09-04,1.5
1708,1974-09-05,6.5
1709,1974-09-06,7.0
1710,1974-09-07,1.9
1711,1974-09-08,0.2
1712,1974-09-09,11.4
1713,1974-09-10,0.0
1714,1974-09-11,0.0
1715,1974-09-12,0.6
1716,1974-09-13,0.2
1717,1974-09-14,0.1
1718,1974-09-15,1.2
1719,1974-09-16,5.7
1720,1974-09-17,2.2
1721,1974-09-18,9.2
1722,1974-09-19,0.0
1723,1974-09-20,0.1
1724,1974-09-21,2.2
1725,1974-09-22,0.5
1726,1974-09-23,9.6
1727,1974-09-24,3.9
1728,1974-09-25,11.0
1729,1974-09-26,1.2
1730,1974-09-27,4.6
1731,1974-09-28,6.0
1732,1974-09-29,3.8
1733,1974-09-30,2.5
1734,1974-10-01,2.5
1735,1974-10-02,5.2
1736,1974-10-03,4.2
1737,1974-10-04,2.4
1738,1974-10-05,1.9
1739,1974-10-06,1.6
1740,1974-10-07,12.8
1741,1974-10-08,10.8
1742,1974-10-09,7.3
1743,1974-10-10,4.0
1744,1974-10-11,1.8
1745,1974-10-12,2.1
1746,1974-10-13,0.1
1747,1974-10-14,0.0
1748,1974-10-15,3.9
1749,1974-10-16,4.3
1750,1974-10-17,1.2
1751,1974-10-18,7.6
1752,1974-10-19,13.6
1753,1974-10-20,13.3
1754,1974-10-21,0.8
1755,1974-10-22,0.8
1756,1974-10-23,11.6
1757,1974-10-24,0.5
1758,1974-10-25,0.4
1759,1974-10-26,0.5
1760,1974-10-27,2.3
1761,1974-10-28,0.5
1762,1974-10-29,1.2
1763,1974-10-30,1.4
1764,1974-10-31,0.4
1765,1974-11-01,2.8
1766,1974-11-02,0.4
1767,1974-11-03,6.0
1768,1974-11-04,0.7
1769,1974-11-05,0.1
1770,1974-11-06,0.0
1771,1974-11-07,0.0
1772,1974-11-08,0.5
1773,1974-11-09,1.8
1774,1974-11-10,2.7
1775,1974-11-11,1.8
1776,1974-11-12,3.0
1777,1974-11-13,0.2
1778,1974-11-14,3.7
1779,1974-11-15,18.0
1780,1974-11-16,14.5
1781,1974-11-17,0.8
1782,1974-11-18,3.1
1783,1974-11-19,0.5
1784,1974-11-20,2.0
1785,1974-11-21,2.3
1786,1974-11-22,12.0
1787,1974-11-23,3.5
1788,1974-11-24,1.6
1789,1974-11-25,2.2
1790,1974-11-26,2.0
1791,1974-11-27,3.5
1792,1974-11-28,2.4
1793,1974-11-29,0.2
1794,1974-11-30,9.4
1795,1974-12-01,0.9
1796,1974-12-02,0.6
1797,1974-12-03,0.3
1798,1974-12-04,0.7
1799,1974-12-05,0.2
1800,1974-12-06,0.3
1801,1974-12-07,0.4
1802,1974-12-08,0.2
1803,1974-12-09,1.7
1804,1974-12-10,0.9
1805,1974-12-11,6.5
1806,1974-12-12,5.7
1807,1974-12-13,0.7
1808,1974-12-14,1.1
1809,1974-12-15,2.5
1810,1974-12-16,4.4
1811,1974-12-17,7.1
1812,1974-12-18,0.3
1813,1974-12-19,1.6
1814,1974-12-20,0.0
1815,1974-12-21,0.1
1816,1974-12-22,0.1
1817,1974-12-23,0.0
1818,1974-12-24,6.4
1819,1974-12-25,4.6
1820,1974-12-26,3.4
1821,1974-12-27,6.3
1822,1974-12-28,1.9
1823,1974-12-29,2.4
1824,1974-12-30,0.0
1825,1974-12-31,0.1
1826,1975-01-01,0.4
1827,1975-01-02,0.9
1828,1975-01-03,0.3
1829,1975-01-04,0.2
1830,1975-01-05,0.1
1831,1975-01-06,0.4
1832,1975-01-07,5.0
1833,1975-01-08,1.5
1834,1975-01-09,0.0
1835,1975-01-10,0.0
1836,1975-01-11,0.2
1837,1975-01-12,0.1
1838,1975-01-13,0.0
1839,1975-01-14,0.1
1840,1975-01-15,0.3
1841,1975-01-16,9.6
1842,1975-01-17,3.9
1843,1975-01-18,3.5
1844,1975-01-19,0.2
1845,1975-01-20,2.7
1846,1975-01-21,0.2
1847,1975-01-22,6.2
1848,1975-01-23,0.4
1849,1975-01-24,0.7
1850,1975-01-25,5.6
1851,1975-01-26,0.0
1852,1975-01-27,10.8
1853,1975-01-28,9.1
1854,1975-01-29,1.3
1855,1975-01-30,1.1
1856,1975-01-31,3.2
1857,1975-02-01,0.0
1858,1975-02-02,0.0
1859,1975-02-03,0.1
1860,1975-02-04,0.0
1861,1975-02-05,0.0
1862,1975-02-06,0.2
1863,1975-02-07,0.0
1864,1975-02-08,0.0
1865,1975-02-09,0.0
1866,1975-02-10,0.0
1867,1975-02-11,2.1
1868,1975-02-12,0.2
1869,1975-02-13,2.3
1870,1975-02-14,0.5
1871,1975-02-15,1.2
1872,1975-02-16,0.0
1873,1975-02-17,0.1
1874,1975-02-18,2.0
1875,1975-02-19,3.7
1876,1975-02-20,0.0
1877,1975-02-21,0.0
1878,1975-02-22,0.0
1879,1975-02-23,0.0
1880,1975-02-24,0.0
1881,1975-02-25,0.0
1882,1975-02-26,0.0
1883,1975-02-27,0.0
1884,1975-02-28,0.0
1885,1975-03-01,0.0
1886,1975-03-02,2.2
1887,1975-03-03,2.5
1888,1975-03-04,0.3
1889,1975-03-05,4.5
1890,1975-03-06,3.1
1891,1975-03-07,15.3
1892,1975-03-08,2.4
1893,1975-03-09,1.6
1894,1975-03-10,0.9
1895,1975-03-11,0.3
1896,1975-03-12,0.1
1897,1975-03-13,0.1
1898,1975-03-14,0.7
1899,1975-03-15,3.1
1900,1975-03-16,1.5
1901,1975-03-17,0.9
1902,1975-03-18,2.0
1903,1975-03-19,14.0
1904,1975-03-20,2.6
1905,1975-03-21,0.0
1906,1975-03-22,8.0
1907,1975-03-23,1.2
1908,1975-03-24,1.3
1909,1975-03-25,0.4
1910,1975-03-26,1.3
1911,1975-03-27,9.9
1912,1975-03-28,4.8
1913,1975-03-29,1.2
1914,1975-03-30,6.0
1915,1975-03-31,1.2
1916,1975-04-01,1.5
1917,1975-04-02,10.0
1918,1975-04-03,3.4
1919,1975-04-04,2.1
1920,1975-04-05,0.6
1921,1975-04-06,1.5
1922,1975-04-07,2.8
1923,1975-04-08,3.2
1924,1975-04-09,3.1
1925,1975-04-10,0.9
1926,1975-04-11,3.8
1927,1975-04-12,0.9
1928,1975-04-13,1.0
1929,1975-04-14,1.9
1930,1975-04-15,7.7
1931,1975-04-16,0.3
1932,1975-04-17,3.4
1933,1975-04-18,1.5
1934,1975-04-19,1.4
1935,1975-04-20,0.0
1936,1975-04-21,0.0
1937,1975-04-22,0.0
1938,1975-04-23,0.0
1939,1975-04-24,0.0
1940,1975-04-25,0.0
1941,1975-04-26,0.0
1942,1975-04-27,0.0
1943,1975-04-28,0.0
1944,1975-04-29,11.0
1945,1975-04-30,3.2
1946,1975-05-01,0.0
1947,1975-05-02,0.0
1948,1975-05-03,1.9
1949,1975-05-04,0.7
1950,1975-05-05,1.8
1951,1975-05-06,12.0
1952,1975-05-07,18.6
1953,1975-05-08,0.7
1954,1975-05-09,3.8
1955,1975-05-10,3.2
1956,1975-05-11,1.0
1957,1975-05-12,0.0
1958,1975-05-13,5.5
1959,1975-05-14,0.6
1960,1975-05-15,1.1
1961,1975-05-16,8.7
1962,1975-05-17,0.2
1963,1975-05-18,0.0
1964,1975-05-19,0.0
1965,1975-05-20,0.0
1966,1975-05-21,0.0
1967,1975-05-22,0.0
1968,1975-05-23,0.3
1969,1975-05-24,0.8
1970,1975-05-25,5.3
1971,1975-05-26,2.5
1972,1975-05-27,1.4
1973,1975-05-28,0.3
1974,1975-05-29,7.5
1975,1975-05-30,3.3
1976,1975-05-31,0.0
1977,1975-06-01,0.1
1978,1975-06-02,4.9
1979,1975-06-03,1.0
1980,1975-06-04,1.0
1981,1975-06-05,0.0
1982,1975-06-06,0.0
1983,1975-06-07,0.0
1984,1975-06-08,0.0
1985,1975-06-09,0.0
1986,1975-06-10,0.1
1987,1975-06-11,0.7
1988,1975-06-12,0.0
1989,1975-06-13,0.0
1990,1975-06-14,0.0
1991,1975-06-15,0.1
1992,1975-06-16,1.2
1993,1975-06-17,23.4
1994,1975-06-18,1.3
1995,1975-06-19,0.0
1996,1975-06-20,0.8
1997,1975-06-21,8.1
1998,1975-06-22,15.8
1999,1975-06-23,6.1
2000,1975-06-24,1.0
2001,1975-06-25,0.0
2002,1975-06-26,0.0
2003,1975-06-27,0.0
2004,1975-06-28,0.0
2005,1975-06-29,1.0
2006,1975-06-30,1.3
2007,1975-07-01,0.0
2008,1975-07-02,0.0
2009,1975-07-03,0.3
2010,1975-07-04,15.3
2011,1975-07-05,12.1
2012,1975-07-06,0.1
2013,1975-07-07,0.1
2014,1975-07-08,24.1
2015,1975-07-09,0.4
2016,1975-07-10,0.0
2017,1975-07-11,2.7
2018,1975-07-12,0.0
2019,1975-07-13,0.0
2020,1975-07-14,1.2
2021,1975-07-15,0.2
2022,1975-07-16,1.5
2023,1975-07-17,3.4
2024,1975-07-18,5.1
2025,1975-07-19,1.0
2026,1975-07-20,5.2
2027,1975-07-21,2.3
2028,1975-07-22,0.0
2029,1975-07-23,2.4
2030,1975-07-24,0.4
2031,1975-07-25,0.3
2032,1975-07-26,0.0
2033,1975-07-27,0.0
2034,1975-07-28,0.0
2035,1975-07-29,0.0
2036,1975-07-30,0.0
2037,1975-07-31,0.2
2038,1975-08-01,0.2
2039,1975-08-02,0.0
2040,1975-08-03,0.0
2041,1975-08-04,0.0
2042,1975-08-05,0.3
2043,1975-08-06,0.0
2044,1975-08-07,0.0
2045,1975-08-08,0.0
2046,1975-08-09,2.9
2047,1975-08-10,10.6
2048,1975-08-11,0.2
2049,1975-08-12,0.0
2050,1975-08-13,0.1
2051,1975-08-14,0.4
2052,1975-08-15,0.6
2053,1975-08-16,11.4
2054,1975-08-17,7.5
2055,1975-08-18,5.5
2056,1975-08-19,1.4
2057,1975-08-20,0.1
2058,1975-08-21,6.7
2059,1975-08-22,0.6
2060,1975-08-23,0.5
2061,1975-08-24,1.0
2062,1975-08-25,3.9
2063,1975-08-26,0.1
2064,1975-08-27,0.0
2065,1975-08-28,0.0
2066,1975-08-29,0.0
2067,1975-08-30,0.4
2068,1975-08-31,0.0
2069,1975-09-01,0.0
2070,1975-09-02,0.8
2071,1975-09-03,0.7
2072,1975-09-04,0.0
2073,1975-09-05,1.1
2074,1975-09-06,0.1
2075,1975-09-07,0.2
2076,1975-09-08,0.2
2077,1975-09-09,0.0
2078,1975-09-10,0.6
2079,1975-09-11,0.8
2080,1975-09-12,8.1
2081,1975-09-13,10.9
2082,1975-09-14,3.3
2083,1975-09-15,1.1
2084,1975-09-16,4.9
2085,1975-09-17,21.9
2086,1975-09-18,0.0
2087,1975-09-19,0.2
2088,1975-09-20,0.3
2089,1975-09-21,0.8
2090,1975-09-22,0.0
2091,1975-09-23,0.0
2092,1975-09-24,0.4
2093,1975-09-25,4.0
2094,1975-09-26,8.0
2095,1975-09-27,7.3
2096,1975-09-28,0.2
2097,1975-09-29,3.2
2098,1975-09-30,17.8
2099,1975-10-01,0.0
2100,1975-10-02,1.5
2101,1975-10-03,1.5
2102,1975-10-04,0.3
2103,1975-10-05,0.1
2104,1975-10-06,0.2
2105,1975-10-07,0.2
2106,1975-10-08,0.0
2107,1975-10-09,0.0
2108,1975-10-10,3.1
2109,1975-10-11,0.1
2110,1975-10-12,0.1
2111,1975-10-13,4.5
2112,1975-10-14,0.7
2113,1975-10-15,1.3
2114,1975-10-16,4.7
2115,1975-10-17,1.7
2116,1975-10-18,0.4
2117,1975-10-19,0.1
2118,1975-10-20,0.3
2119,1975-10-21,0.0
2120,1975-10-22,0.0
2121,1975-10-23,0.0
2122,1975-10-24,0.1
2123,1975-10-25,0.3
2124,1975-10-26,0.0
2125,1975-10-27,0.0
2126,1975-10-28,0.0
2127,1975-10-29,0.0
2128,1975-10-30,0.4
2129,1975-10-31,0.2
2130,1975-11-01,2.8
2131,1975-11-02,0.4
2132,1975-11-03,0.3
2133,1975-11-04,0.2
2134,1975-11-05,0.4
2135,1975-11-06,0.9
2136,1975-11-07,6.7
2137,1975-11-08,0.8
2138,1975-11-09,0.0
2139,1975-11-10,0.1
2140,1975-11-11,0.0
2141,1975-11-12,0.0
2142,1975-11-13,0.0
2143,1975-11-14,0.2
2144,1975-11-15,5.0
2145,1975-11-16,20.9
2146,1975-11-17,4.5
2147,1975-11-18,6.3
2148,1975-11-19,4.5
2149,1975-11-20,3.0
2150,1975-11-21,0.2
2151,1975-11-22,0.0
2152,1975-11-23,0.0
2153,1975-11-24,0.0
2154,1975-11-25,3.0
2155,1975-11-26,8.9
2156,1975-11-27,6.7
2157,1975-11-28,9.4
2158,1975-11-29,3.6
2159,1975-11-30,0.0
2160,1975-12-01,0.8
2161,1975-12-02,11.1
2162,1975-12-03,1.0
2163,1975-12-04,0.0
2164,1975-12-05,0.1
2165,1975-12-06,0.3
2166,1975-12-07,0.1
2167,1975-12-08,0.3
2168,1975-12-09,0.0
2169,1975-12-10,0.0
2170,1975-12-11,0.0
2171,1975-12-12,0.4
2172,1975-12-13,0.7
2173,1975-12-14,0.0
2174,1975-12-15,0.0
2175,1975-12-16,0.0
2176,1975-12-17,0.2
2177,1975-12-18,0.0
2178,1975-12-19,0.0
2179,1975-12-20,0.0
2180,1975-12-21,0.2
2181,1975-12-22,0.2
2182,1975-12-23,0.5
2183,1975-12-24,1.3
2184,1975-12-25,4.2
2185,1975-12-26,0.2
2186,1975-12-27,0.3
2187,1975-12-28,0.2
2188,1975-12-29,0.8
2189,1975-12-30,0.2
2190,1975-12-31,0.0
2191,1976-01-01,7.3
2192,1976-01-02,2.9
2193,1976-01-03,0.9
2194,1976-01-04,1.3
2195,1976-01-05,0.9
2196,1976-01-06,0.5
2197,1976-01-07,0.2
2198,1976-01-08,0.1
2199,1976-01-09,0.2
2200,1976-01-10,2.0
2201,1976-01-11,0.3
2202,1976-01-12,0.4
2203,1976-01-13,0.1
2204,1976-01-14,0.3
2205,1976-01-15,0.0
2206,1976-01-16,0.0
2207,1976-01-17,0.6
2208,1976-01-18,0.1
2209,1976-01-19,1.0
2210,1976-01-20,2.4
2211,1976-01-21,0.3
2212,1976-01-22,0.8
2213,1976-01-23,2.7
2214,1976-01-24,0.2
2215,1976-01-25,1.6
2216,1976-01-26,0.2
2217,1976-01-27,3.9
2218,1976-01-28,0.0
2219,1976-01-29,0.0
2220,1976-01-30,0.3
2221,1976-01-31,1.5
2222,1976-02-01,0.4
2223,1976-02-02,0.0
2224,1976-02-03,0.3
2225,1976-02-04,0.5
2226,1976-02-05,0.1
2227,1976-02-06,0.0
2228,1976-02-07,0.0
2229,1976-02-08,3.7
2230,1976-02-09,0.0
2231,1976-02-10,6.8
2232,1976-02-11,2.7
2233,1976-02-12,13.3
2234,1976-02-13,9.2
2235,1976-02-14,0.2
2236,1976-02-15,0.0
2237,1976-02-16,0.0
2238,1976-02-17,0.0
2239,1976-02-18,0.0
2240,1976-02-19,0.1
2241,1976-02-20,1.7
2242,1976-02-21,1.1
2243,1976-02-22,1.6
2244,1976-02-23,0.2
2245,1976-02-24,0.5
2246,1976-02-25,0.2
2247,1976-02-26,0.4
2248,1976-02-27,0.2
2249,1976-02-28,0.0
2250,1976-02-29,0.0
2251,1976-03-01,0.0
2252,1976-03-02,0.0
2253,1976-03-03,0.0
2254,1976-03-04,0.0
2255,1976-03-05,0.0
2256,1976-03-06,0.0
2257,1976-03-07,0.1
2258,1976-03-08,0.0
2259,1976-03-09,0.1
2260,1976-03-10,0.0
2261,1976-03-11,0.0
2262,1976-03-12,6.4
2263,1976-03-13,2.2
2264,1976-03-14,0.2
2265,1976-03-15,2.6
2266,1976-03-16,0.6
2267,1976-03-17,2.9
2268,1976-03-18,0.5
2269,1976-03-19,0.0
2270,1976-03-20,0.0
2271,1976-03-21,0.0
2272,1976-03-22,0.6
2273,1976-03-23,1.3
2274,1976-03-24,0.0
2275,1976-03-25,2.7
2276,1976-03-26,3.6
2277,1976-03-27,0.4
2278,1976-03-28,0.0
2279,1976-03-29,0.0
2280,1976-03-30,0.0
2281,1976-03-31,0.0
2282,1976-04-01,0.0
2283,1976-04-02,8.1
2284,1976-04-03,0.1
2285,1976-04-04,4.5
2286,1976-04-05,0.0
2287,1976-04-06,0.5
2288,1976-04-07,1.0
2289,1976-04-08,0.6
2290,1976-04-09,0.0
2291,1976-04-10,0.0
2292,1976-04-11,0.0
2293,1976-04-12,0.1
2294,1976-04-13,0.0
2295,1976-04-14,7.0
2296,1976-04-15,0.2
2297,1976-04-16,0.0
2298,1976-04-17,0.0
2299,1976-04-18,0.0
2300,1976-04-19,0.0
2301,1976-04-20,0.2
2302,1976-04-21,0.0
2303,1976-04-22,0.0
2304,1976-04-23,1.0
2305,1976-04-24,3.8
2306,1976-04-25,2.5
2307,1976-04-26,0.0
2308,1976-04-27,0.0
2309,1976-04-28,0.0
2310,1976-04-29,0.0
2311,1976-04-30,0.4
2312,1976-05-01,0.0
2313,1976-05-02,0.0
2314,1976-05-03,5.9
2315,1976-05-04,0.0
2316,1976-05-05,0.0
2317,1976-05-06,0.0
2318,1976-05-07,0.0
2319,1976-05-08,0.2
2320,1976-05-09,0.4
2321,1976-05-10,0.3
2322,1976-05-11,0.3
2323,1976-05-12,3.4
2324,1976-05-13,0.6
2325,1976-05-14,0.0
2326,1976-05-15,0.1
2327,1976-05-16,0.1
2328,1976-05-17,0.0
2329,1976-05-18,2.5
2330,1976-05-19,0.3
2331,1976-05-20,6.0
2332,1976-05-21,1.2
2333,1976-05-22,0.0
2334,1976-05-23,0.0
2335,1976-05-24,0.0
2336,1976-05-25,0.0
2337,1976-05-26,1.3
2338,1976-05-27,0.3
2339,1976-05-28,0.1
2340,1976-05-29,2.4
2341,1976-05-30,0.0
2342,1976-05-31,0.7
2343,1976-06-01,11.2
2344,1976-06-02,1.0
2345,1976-06-03,0.4
2346,1976-06-04,0.9
2347,1976-06-05,0.0
2348,1976-06-06,0.0
2349,1976-06-07,0.0
2350,1976-06-08,0.0
2351,1976-06-09,0.0
2352,1976-06-10,0.0
2353,1976-06-11,0.0
2354,1976-06-12,0.0
2355,1976-06-13,0.0
2356,1976-06-14,0.0
2357,1976-06-15,0.0
2358,1976-06-16,0.0
2359,1976-06-17,0.0
2360,1976-06-18,0.0
2361,1976-06-19,0.3
2362,1976-06-20,0.0
2363,1976-06-21,0.2
2364,1976-06-22,0.0
2365,1976-06-23,0.0
2366,1976-06-24,0.0
2367,1976-06-25,0.0
2368,1976-06-26,0.0
2369,1976-06-27,0.0
2370,1976-06-28,0.0
2371,1976-06-29,0.0
2372,1976-06-30,0.0
2373,1976-07-01,0.0
2374,1976-07-02,0.0
2375,1976-07-03,0.1
2376,1976-07-04,1.9
2377,1976-07-05,0.1
2378,1976-07-06,0.0
2379,1976-07-07,0.0
2380,1976-07-08,0.1
2381,1976-07-09,0.4
2382,1976-07-10,0.0
2383,1976-07-11,0.0
2384,1976-07-12,1.5
2385,1976-07-13,0.8
2386,1976-07-14,1.4
2387,1976-07-15,0.0
2388,1976-07-16,0.6
2389,1976-07-17,14.1
2390,1976-07-18,1.0
2391,1976-07-19,0.0
2392,1976-07-20,13.5
2393,1976-07-21,7.7
2394,1976-07-22,0.5
2395,1976-07-23,0.0
2396,1976-07-24,1.2
2397,1976-07-25,0.4
2398,1976-07-26,0.2
2399,1976-07-27,0.0
2400,1976-07-28,0.4
2401,1976-07-29,0.0
2402,1976-07-30,0.0
2403,1976-07-31,0.5
2404,1976-08-01,0.1
2405,1976-08-02,0.6
2406,1976-08-03,0.0
2407,1976-08-04,0.3
2408,1976-08-05,0.0
2409,1976-08-06,0.0
2410,1976-08-07,0.0
2411,1976-08-08,1.4
2412,1976-08-09,0.0
2413,1976-08-10,0.0
2414,1976-08-11,0.2
2415,1976-08-12,0.4
2416,1976-08-13,1.7
2417,1976-08-14,0.0
2418,1976-08-15,0.4
2419,1976-08-16,0.0
2420,1976-08-17,0.0
2421,1976-08-18,0.4
2422,1976-08-19,0.0
2423,1976-08-20,0.0
2424,1976-08-21,0.0
2425,1976-08-22,0.0
2426,1976-08-23,0.0
2427,1976-08-24,0.0
2428,1976-08-25,0.0
2429,1976-08-26,0.0
2430,1976-08-27,2.3
2431,1976-08-28,1.0
2432,1976-08-29,1.5
2433,1976-08-30,3.8
2434,1976-08-31,0.3
2435,1976-09-01,0.2
2436,1976-09-02,9.3
2437,1976-09-03,0.8
2438,1976-09-04,0.2
2439,1976-09-05,0.1
2440,1976-09-06,0.0
2441,1976-09-07,0.0
2442,1976-09-08,0.0
2443,1976-09-09,3.9
2444,1976-09-10,1.2
2445,1976-09-11,11.7
2446,1976-09-12,3.8
2447,1976-09-13,6.1
2448,1976-09-14,1.2
2449,1976-09-15,5.6
2450,1976-09-16,0.1
2451,1976-09-17,0.1
2452,1976-09-18,1.2
2453,1976-09-19,0.3
2454,1976-09-20,0.0
2455,1976-09-21,0.1
2456,1976-09-22,1.1
2457,1976-09-23,1.8
2458,1976-09-24,4.0
2459,1976-09-25,5.6
2460,1976-09-26,2.7
2461,1976-09-27,9.4
2462,1976-09-28,0.5
2463,1976-09-29,0.3
2464,1976-09-30,2.9
2465,1976-10-01,7.0
2466,1976-10-02,0.3
2467,1976-10-03,0.1
2468,1976-10-04,5.2
2469,1976-10-05,0.2
2470,1976-10-06,2.5
2471,1976-10-07,0.3
2472,1976-10-08,0.0
2473,1976-10-09,0.0
2474,1976-10-10,0.2
2475,1976-10-11,8.4
2476,1976-10-12,0.8
2477,1976-10-13,0.1
2478,1976-10-14,3.4
2479,1976-10-15,6.5
2480,1976-10-16,0.1
2481,1976-10-17,0.0
2482,1976-10-18,6.5
2483,1976-10-19,4.0
2484,1976-10-20,1.9
2485,1976-10-21,0.6
2486,1976-10-22,3.4
2487,1976-10-23,0.6
2488,1976-10-24,0.7
2489,1976-10-25,0.8
2490,1976-10-26,0.6
2491,1976-10-27,4.7
2492,1976-10-28,7.2
2493,1976-10-29,4.4
2494,1976-10-30,0.4
2495,1976-10-31,0.1
2496,1976-11-01,3.5
2497,1976-11-02,4.1
2498,1976-11-03,1.7
2499,1976-11-04,0.0
2500,1976-11-05,1.0
2501,1976-11-06,3.8
2502,1976-11-07,0.3
2503,1976-11-08,4.1
2504,1976-11-09,6.6
2505,1976-11-10,2.7
2506,1976-11-11,1.1
2507,1976-11-12,2.7
2508,1976-11-13,4.2
2509,1976-11-14,0.3
2510,1976-11-15,0.0
2511,1976-11-16,2.0
2512,1976-11-17,0.0
2513,1976-11-18,0.0
2514,1976-11-19,0.0
2515,1976-11-20,0.0
2516,1976-11-21,0.0
2517,1976-11-22,1.0
2518,1976-11-23,0.2
2519,1976-11-24,1.4
2520,1976-11-25,0.0
2521,1976-11-26,0.2
2522,1976-11-27,2.2
2523,1976-11-28,1.2
2524,1976-11-29,8.6
2525,1976-11-30,19.8
2526,1976-12-01,2.3
2527,1976-12-02,13.1
2528,1976-12-03,1.6
2529,1976-12-04,1.5
2530,1976-12-05,2.7
2531,1976-12-06,8.5
2532,1976-12-07,5.2
2533,1976-12-08,2.1
2534,1976-12-09,1.1
2535,1976-12-10,0.0
2536,1976-12-11,0.4
2537,1976-12-12,0.0
2538,1976-12-13,0.1
2539,1976-12-14,0.1
2540,1976-12-15,0.1
2541,1976-12-16,0.0
2542,1976-12-17,0.3
2543,1976-12-18,0.3
2544,1976-12-19,2.2
2545,1976-12-20,8.8
2546,1976-12-21,7.9
2547,1976-12-22,0.0
2548,1976-12-23,0.0
2549,1976-12-24,0.0
2550,1976-12-25,0.0
2551,1976-12-26,0.0
2552,1976-12-27,0.1
2553,1976-12-28,2.7
2554,1976-12-29,0.0
2555,1976-12-30,0.0
2556,1976-12-31,6.0
2557,1977-01-01,1.5
2558,1977-01-02,3.0
2559,1977-01-03,0.3
2560,1977-01-04,0.0
2561,1977-01-05,0.1
2562,1977-01-06,3.8
2563,1977-01-07,0.3
2564,1977-01-08,0.4
2565,1977-01-09,6.9
2566,1977-01-10,9.4
2567,1977-01-11,0.2
2568,1977-01-12,0.1
2569,1977-01-13,3.9
2570,1977-01-14,0.7
2571,1977-01-15,6.5
2572,1977-01-16,1.1
2573,1977-01-17,0.2
2574,1977-01-18,0.2
2575,1977-01-19,1.4
2576,1977-01-20,0.0
2577,1977-01-21,0.8
2578,1977-01-22,2.5
2579,1977-01-23,2.3
2580,1977-01-24,0.0
2581,1977-01-25,10.7
2582,1977-01-26,2.0
2583,1977-01-27,0.9
2584,1977-01-28,0.5
2585,1977-01-29,0.2
2586,1977-01-30,0.0
2587,1977-01-31,0.0
2588,1977-02-01,0.1
2589,1977-02-02,0.0
2590,1977-02-03,5.7
2591,1977-02-04,4.1
2592,1977-02-05,2.5
2593,1977-02-06,3.9
2594,1977-02-07,5.2
2595,1977-02-08,2.3
2596,1977-02-09,1.4
2597,1977-02-10,10.5
2598,1977-02-11,0.3
2599,1977-02-12,5.5
2600,1977-02-13,0.4
2601,1977-02-14,0.2
2602,1977-02-15,0.2
2603,1977-02-16,6.3
2604,1977-02-17,7.2
2605,1977-02-18,3.1
2606,1977-02-19,3.1
2607,1977-02-20,17.0
2608,1977-02-21,2.1
2609,1977-02-22,0.9
2610,1977-02-23,1.2
2611,1977-02-24,4.5
2612,1977-02-25,1.0
2613,1977-02-26,1.2
2614,1977-02-27,0.0
2615,1977-02-28,0.0
2616,1977-03-01,4.9
2617,1977-03-02,0.5
2618,1977-03-03,0.2
2619,1977-03-04,0.2
2620,1977-03-05,0.0
2621,1977-03-06,0.0
2622,1977-03-07,3.0
2623,1977-03-08,0.0
2624,1977-03-09,0.0
2625,1977-03-10,0.8
2626,1977-03-11,8.4
2627,1977-03-12,0.7
2628,1977-03-13,3.3
2629,1977-03-14,3.1
2630,1977-03-15,1.4
2631,1977-03-16,0.3
2632,1977-03-17,3.6
2633,1977-03-18,1.3
2634,1977-03-19,0.9
2635,1977-03-20,5.1
2636,1977-03-21,0.3
2637,1977-03-22,3.4
2638,1977-03-23,4.6
2639,1977-03-24,0.7
2640,1977-03-25,0.0
2641,1977-03-26,1.1
2642,1977-03-27,3.8
2643,1977-03-28,3.2
2644,1977-03-29,0.0
2645,1977-03-30,0.0
2646,1977-03-31,1.9
2647,1977-04-01,10.0
2648,1977-04-02,1.8
2649,1977-04-03,16.6
2650,1977-04-04,8.3
2651,1977-04-05,0.0
2652,1977-04-06,0.9
2653,1977-04-07,2.6
2654,1977-04-08,1.3
2655,1977-04-09,1.0
2656,1977-04-10,0.5
2657,1977-04-11,6.9
2658,1977-04-12,1.4
2659,1977-04-13,2.3
2660,1977-04-14,0.9
2661,1977-04-15,1.0
2662,1977-04-16,0.0
2663,1977-04-17,0.0
2664,1977-04-18,0.0
2665,1977-04-19,0.0
2666,1977-04-20,0.1
2667,1977-04-21,0.7
2668,1977-04-22,0.1
2669,1977-04-23,7.7
2670,1977-04-24,3.3
2671,1977-04-25,0.5
2672,1977-04-26,0.3
2673,1977-04-27,0.9
2674,1977-04-28,1.5
2675,1977-04-29,0.6
2676,1977-04-30,0.7
2677,1977-05-01,4.4
2678,1977-05-02,3.2
2679,1977-05-03,4.8
2680,1977-05-04,13.7
2681,1977-05-05,4.3
2682,1977-05-06,1.3
2683,1977-05-07,3.1
2684,1977-05-08,7.2
2685,1977-05-09,1.1
2686,1977-05-10,6.8
2687,1977-05-11,2.5
2688,1977-05-12,9.9
2689,1977-05-13,3.0
2690,1977-05-14,1.7
2691,1977-05-15,0.8
2692,1977-05-16,5.1
2693,1977-05-17,3.8
2694,1977-05-18,0.3
2695,1977-05-19,0.0
2696,1977-05-20,4.6
2697,1977-05-21,0.1
2698,1977-05-22,0.1
2699,1977-05-23,0.0
2700,1977-05-24,0.4
2701,1977-05-25,2.9
2702,1977-05-26,0.0
2703,1977-05-27,0.0
2704,1977-05-28,0.0
2705,1977-05-29,0.4
2706,1977-05-30,0.0
2707,1977-05-31,0.0
2708,1977-06-01,0.0
2709,1977-06-02,0.0
2710,1977-06-03,0.0
2711,1977-06-04,0.1
2712,1977-06-05,5.6
2713,1977-06-06,2.1
2714,1977-06-07,3.8
2715,1977-06-08,5.3
2716,1977-06-09,6.8
2717,1977-06-10,26.9
2718,1977-06-11,0.8
2719,1977-06-12,0.1
2720,1977-06-13,4.8
2721,1977-06-14,0.1
2722,1977-06-15,0.8
2723,1977-06-16,0.5
2724,1977-06-17,0.3
2725,1977-06-18,0.7
2726,1977-06-19,8.8
2727,1977-06-20,0.3
2728,1977-06-21,0.1
2729,1977-06-22,0.3
2730,1977-06-23,0.1
2731,1977-06-24,0.3
2732,1977-06-25,3.0
2733,1977-06-26,2.1
2734,1977-06-27,0.0
2735,1977-06-28,1.3
2736,1977-06-29,7.5
2737,1977-06-30,0.6
2738,1977-07-01,0.0
2739,1977-07-02,0.0
2740,1977-07-03,0.0
2741,1977-07-04,0.4
2742,1977-07-05,0.0
2743,1977-07-06,0.6
2744,1977-07-07,0.0
2745,1977-07-08,1.3
2746,1977-07-09,1.3
2747,1977-07-10,0.0
2748,1977-07-11,0.2
2749,1977-07-12,3.2
2750,1977-07-13,7.3
2751,1977-07-14,0.1
2752,1977-07-15,0.2
2753,1977-07-16,0.0
2754,1977-07-17,0.3
2755,1977-07-18,8.0
2756,1977-07-19,0.6
2757,1977-07-20,1.7
2758,1977-07-21,0.3
2759,1977-07-22,0.0
2760,1977-07-23,0.9
2761,1977-07-24,4.3
2762,1977-07-25,12.1
2763,1977-07-26,2.6
2764,1977-07-27,0.8
2765,1977-07-28,6.2
2766,1977-07-29,7.5
2767,1977-07-30,2.5
2768,1977-07-31,0.1
2769,1977-08-01,0.2
2770,1977-08-02,0.0
2771,1977-08-03,0.0
2772,1977-08-04,0.2
2773,1977-08-05,0.0
2774,1977-08-06,0.8
2775,1977-08-07,5.3
2776,1977-08-08,0.1
2777,1977-08-09,0.7
2778,1977-08-10,0.0
2779,1977-08-11,0.6
2780,1977-08-12,1.1
2781,1977-08-13,1.1
2782,1977-08-14,1.1
2783,1977-08-15,1.1
2784,1977-08-16,4.5
2785,1977-08-17,1.4
2786,1977-08-18,3.8
2787,1977-08-19,1.9
2788,1977-08-20,4.7
2789,1977-08-21,0.3
2790,1977-08-22,3.1
2791,1977-08-23,2.8
2792,1977-08-24,0.0
2793,1977-08-25,1.1
2794,1977-08-26,0.8
2795,1977-08-27,4.4
2796,1977-08-28,0.9
2797,1977-08-29,0.0
2798,1977-08-30,0.0
2799,1977-08-31,0.0
2800,1977-09-01,2.3
2801,1977-09-02,0.0
2802,1977-09-03,1.6
2803,1977-09-04,0.0
2804,1977-09-05,0.0
2805,1977-09-06,0.0
2806,1977-09-07,0.8
2807,1977-09-08,4.3
2808,1977-09-09,0.7
2809,1977-09-10,0.0
2810,1977-09-11,0.0
2811,1977-09-12,0.0
2812,1977-09-13,0.0
2813,1977-09-14,0.0
2814,1977-09-15,0.0
2815,1977-09-16,0.0
2816,1977-09-17,0.3
2817,1977-09-18,0.0
2818,1977-09-19,0.0
2819,1977-09-20,0.3
2820,1977-09-21,4.7
2821,1977-09-22,0.5
2822,1977-09-23,0.1
2823,1977-09-24,2.9
2824,1977-09-25,3.1
2825,1977-09-26,0.1
2826,1977-09-27,0.0
2827,1977-09-28,1.7
2828,1977-09-29,0.0
2829,1977-09-30,0.0
2830,1977-10-01,3.5
2831,1977-10-02,1.3
2832,1977-10-03,0.3
2833,1977-10-04,2.1
2834,1977-10-05,2.5
2835,1977-10-06,13.6
2836,1977-10-07,3.9
2837,1977-10-08,0.2
2838,1977-10-09,0.6
2839,1977-10-10,0.7
2840,1977-10-11,0.0
2841,1977-10-12,0.0
2842,1977-10-13,0.1
2843,1977-10-14,0.0
2844,1977-10-15,0.0
2845,1977-10-16,0.0
2846,1977-10-17,0.0
2847,1977-10-18,0.0
2848,1977-10-19,0.1
2849,1977-10-20,0.1
2850,1977-10-21,1.5
2851,1977-10-22,15.0
2852,1977-10-23,1.3
2853,1977-10-24,0.0
2854,1977-10-25,0.4
2855,1977-10-26,0.2
2856,1977-10-27,0.2
2857,1977-10-28,0.2
2858,1977-10-29,0.4
2859,1977-10-30,0.2
2860,1977-10-31,5.6
2861,1977-11-01,0.2
2862,1977-11-02,8.0
2863,1977-11-03,14.0
2864,1977-11-04,4.6
2865,1977-11-05,0.2
2866,1977-11-06,0.3
2867,1977-11-07,0.0
2868,1977-11-08,5.5
2869,1977-11-09,1.6
2870,1977-11-10,0.0
2871,1977-11-11,0.3
2872,1977-11-12,6.1
2873,1977-11-13,4.1
2874,1977-11-14,7.4
2875,1977-11-15,4.6
2876,1977-11-16,4.1
2877,1977-11-17,2.6
2878,1977-11-18,1.4
2879,1977-11-19,0.1
2880,1977-11-20,0.1
2881,1977-11-21,7.4
2882,1977-11-22,0.9
2883,1977-11-23,0.1
2884,1977-11-24,7.6
2885,1977-11-25,0.3
2886,1977-11-26,0.2
2887,1977-11-27,0.0
2888,1977-11-28,0.0
2889,1977-11-29,0.0
2890,1977-11-30,0.0
2891,1977-12-01,0.0
2892,1977-12-02,0.0
2893,1977-12-03,0.0
2894,1977-12-04,0.0
2895,1977-12-05,0.0
2896,1977-12-06,6.2
2897,1977-12-07,10.4
2898,1977-12-08,5.5
2899,1977-12-09,0.2
2900,1977-12-10,5.3
2901,1977-12-11,14.2
2902,1977-12-12,0.0
2903,1977-12-13,0.1
2904,1977-12-14,0.0
2905,1977-12-15,0.2
2906,1977-12-16,0.0
2907,1977-12-17,0.0
2908,1977-12-18,0.0
2909,1977-12-19,0.0
2910,1977-12-20,0.0
2911,1977-12-21,3.5
2912,1977-12-22,0.2
2913,1977-12-23,5.6
2914,1977-12-24,0.7
2915,1977-12-25,0.5
2916,1977-12-26,1.2
2917,1977-12-27,5.4
2918,1977-12-28,0.8
2919,1977-12-29,0.6
2920,1977-12-30,1.9
2921,1977-12-31,0.1
2922,1978-01-01,0.3
2923,1978-01-02,0.3
2924,1978-01-03,3.1
2925,1978-01-04,1.2
2926,1978-01-05,0.0
2927,1978-01-06,0.1
2928,1978-01-07,0.0
2929,1978-01-08,0.4
2930,1978-01-09,1.2
2931,1978-01-10,2.8
2932,1978-01-11,12.8
2933,1978-01-12,3.5
2934,1978-01-13,0.0
2935,1978-01-14,0.1
2936,1978-01-15,0.1
2937,1978-01-16,0.5
2938,1978-01-17,3.6
2939,1978-01-18,5.7
2940,1978-01-19,5.9
2941,1978-01-20,0.1
2942,1978-01-21,0.0
2943,1978-01-22,2.5
2944,1978-01-23,7.1
2945,1978-01-24,7.5
2946,1978-01-25,0.4
2947,1978-01-26,3.6
2948,1978-01-27,0.4
2949,1978-01-28,4.3
2950,1978-01-29,4.8
2951,1978-01-30,3.2
2952,1978-01-31,10.6
2953,1978-02-01,8.2
2954,1978-02-02,8.9
2955,1978-02-03,0.3
2956,1978-02-04,4.4
2957,1978-02-05,5.2
2958,1978-02-06,1.0
2959,1978-02-07,1.0
2960,1978-02-08,1.0
2961,1978-02-09,0.3
2962,1978-02-10,0.5
2963,1978-02-11,0.2
2964,1978-02-12,1.2
2965,1978-02-13,1.8
2966,1978-02-14,0.4
2967,1978-02-15,0.1
2968,1978-02-16,6.6
2969,1978-02-17,6.1
2970,1978-02-18,0.0
2971,1978-02-19,12.9
2972,1978-02-20,0.0
2973,1978-02-21,0.4
2974,1978-02-22,0.2
2975,1978-02-23,0.4
2976,1978-02-24,0.5
2977,1978-02-25,9.3
2978,1978-02-26,0.7
2979,1978-02-27,4.5
2980,1978-02-28,0.1
2981,1978-03-01,1.8
2982,1978-03-02,8.4
2983,1978-03-03,0.1
2984,1978-03-04,0.4
2985,1978-03-05,0.2
2986,1978-03-06,0.0
2987,1978-03-07,0.0
2988,1978-03-08,0.1
2989,1978-03-09,0.0
2990,1978-03-10,0.0
2991,1978-03-11,0.2
2992,1978-03-12,1.1
2993,1978-03-13,0.5
2994,1978-03-14,4.3
2995,1978-03-15,6.9
2996,1978-03-16,14.3
2997,1978-03-17,1.5
2998,1978-03-18,0.3
2999,1978-03-19,3.3
3000,1978-03-20,17.6
3001,1978-03-21,1.4
3002,1978-03-22,5.4
3003,1978-03-23,5.1
3004,1978-03-24,2.5
3005,1978-03-25,5.8
3006,1978-03-26,6.2
3007,1978-03-27,6.9
3008,1978-03-28,0.9
3009,1978-03-29,0.3
3010,1978-03-30,5.3
3011,1978-03-31,0.5
3012,1978-04-01,1.4
3013,1978-04-02,4.2
3014,1978-04-03,1.0
3015,1978-04-04,0.8
3016,1978-04-05,0.1
3017,1978-04-06,0.0
3018,1978-04-07,0.0
3019,1978-04-08,0.0
3020,1978-04-09,0.0
3021,1978-04-10,5.5
3022,1978-04-11,3.2
3023,1978-04-12,3.5
3024,1978-04-13,2.1
3025,1978-04-14,4.9
3026,1978-04-15,0.6
3027,1978-04-16,0.9
3028,1978-04-17,0.0
3029,1978-04-18,5.3
3030,1978-04-19,0.8
3031,1978-04-20,6.7
3032,1978-04-21,1.3
3033,1978-04-22,0.0
3034,1978-04-23,0.0
3035,1978-04-24,0.0
3036,1978-04-25,4.9
3037,1978-04-26,5.9
3038,1978-04-27,0.5
3039,1978-04-28,3.7
3040,1978-04-29,4.8
3041,1978-04-30,5.1
3042,1978-05-01,5.8
3043,1978-05-02,10.3
3044,1978-05-03,0.1
3045,1978-05-04,1.1
3046,1978-05-05,9.1
3047,1978-05-06,9.0
3048,1978-05-07,6.2
3049,1978-05-08,0.5
3050,1978-05-09,1.2
3051,1978-05-10,0.0
3052,1978-05-11,0.0
3053,1978-05-12,3.4
3054,1978-05-13,6.4
3055,1978-05-14,6.5
3056,1978-05-15,4.9
3057,1978-05-16,0.2
3058,1978-05-17,0.1
3059,1978-05-18,7.8
3060,1978-05-19,8.5
3061,1978-05-20,0.3
3062,1978-05-21,0.0
3063,1978-05-22,0.0
3064,1978-05-23,0.2
3065,1978-05-24,0.7
3066,1978-05-25,0.2
3067,1978-05-26,0.0
3068,1978-05-27,0.2
3069,1978-05-28,0.0
3070,1978-05-29,0.1
3071,1978-05-30,0.0
3072,1978-05-31,0.1
3073,1978-06-01,1.5
3074,1978-06-02,3.5
3075,1978-06-03,4.3
3076,1978-06-04,3.8
3077,1978-06-05,9.5
3078,1978-06-06,9.7
3079,1978-06-07,5.2
3080,1978-06-08,1.7
3081,1978-06-09,0.2
3082,1978-06-10,0.0
3083,1978-06-11,0.0
3084,1978-06-12,0.3
3085,1978-06-13,0.6
3086,1978-06-14,0.0
3087,1978-06-15,6.5
3088,1978-06-16,7.5
3089,1978-06-17,16.2
3090,1978-06-18,1.9
3091,1978-06-19,0.5
3092,1978-06-20,0.1
3093,1978-06-21,0.7
3094,1978-06-22,7.8
3095,1978-06-23,8.1
3096,1978-06-24,7.1
3097,1978-06-25,1.5
3098,1978-06-26,3.1
3099,1978-06-27,1.2
3100,1978-06-28,1.8
3101,1978-06-29,2.7
3102,1978-06-30,0.9
3103,1978-07-01,0.6
3104,1978-07-02,3.4
3105,1978-07-03,4.9
3106,1978-07-04,9.8
3107,1978-07-05,5.8
3108,1978-07-06,2.8
3109,1978-07-07,2.4
3110,1978-07-08,1.5
3111,1978-07-09,2.4
3112,1978-07-10,0.1
3113,1978-07-11,0.7
3114,1978-07-12,0.6
3115,1978-07-13,0.4
3116,1978-07-14,0.0
3117,1978-07-15,0.0
3118,1978-07-16,0.0
3119,1978-07-17,0.3
3120,1978-07-18,8.3
3121,1978-07-19,0.8
3122,1978-07-20,0.8
3123,1978-07-21,1.1
3124,1978-07-22,0.3
3125,1978-07-23,0.0
3126,1978-07-24,0.5
3127,1978-07-25,0.0
3128,1978-07-26,3.0
3129,1978-07-27,0.0
3130,1978-07-28,0.0
3131,1978-07-29,0.4
3132,1978-07-30,14.7
3133,1978-07-31,20.2
3134,1978-08-01,0.1
3135,1978-08-02,3.1
3136,1978-08-03,0.7
3137,1978-08-04,0.4
3138,1978-08-05,0.5
3139,1978-08-06,1.6
3140,1978-08-07,4.8
3141,1978-08-08,3.1
3142,1978-08-09,3.6
3143,1978-08-10,0.8
3144,1978-08-11,0.2
3145,1978-08-12,1.2
3146,1978-08-13,1.7
3147,1978-08-14,0.0
3148,1978-08-15,0.3
3149,1978-08-16,0.5
3150,1978-08-17,0.4
3151,1978-08-18,0.0
3152,1978-08-19,0.0
3153,1978-08-20,0.0
3154,1978-08-21,0.1
3155,1978-08-22,0.0
3156,1978-08-23,1.0
3157,1978-08-24,0.0
3158,1978-08-25,0.0
3159,1978-08-26,0.0
3160,1978-08-27,0.0
3161,1978-08-28,0.0
3162,1978-08-29,0.3
3163,1978-08-30,1.5
3164,1978-08-31,1.4
3165,1978-09-01,1.2
3166,1978-09-02,0.3
3167,1978-09-03,0.0
3168,1978-09-04,0.0
3169,1978-09-05,2.4
3170,1978-09-06,8.5
3171,1978-09-07,0.9
3172,1978-09-08,0.3
3173,1978-09-09,1.8
3174,1978-09-10,0.0
3175,1978-09-11,1.9
3176,1978-09-12,0.0
3177,1978-09-13,0.0
3178,1978-09-14,0.4
3179,1978-09-15,0.0
3180,1978-09-16,0.0
3181,1978-09-17,0.0
3182,1978-09-18,0.0
3183,1978-09-19,0.1
3184,1978-09-20,0.0
3185,1978-09-21,0.1
3186,1978-09-22,0.0
3187,1978-09-23,0.0
3188,1978-09-24,0.0
3189,1978-09-25,0.0
3190,1978-09-26,1.9
3191,1978-09-27,3.1
3192,1978-09-28,8.7
3193,1978-09-29,1.3
3194,1978-09-30,3.1
3195,1978-10-01,5.9
3196,1978-10-02,0.0
3197,1978-10-03,0.0
3198,1978-10-04,0.1
3199,1978-10-05,0.1
3200,1978-10-06,0.1
3201,1978-10-07,0.0
3202,1978-10-08,0.0
3203,1978-10-09,0.0
3204,1978-10-10,0.0
3205,1978-10-11,0.0
3206,1978-10-12,0.0
3207,1978-10-13,0.0
3208,1978-10-14,0.2
3209,1978-10-15,6.3
3210,1978-10-16,0.5
3211,1978-10-17,5.7
3212,1978-10-18,0.0
3213,1978-10-19,0.0
3214,1978-10-20,0.1
3215,1978-10-21,0.2
3216,1978-10-22,0.7
3217,1978-10-23,1.2
3218,1978-10-24,0.1
3219,1978-10-25,0.5
3220,1978-10-26,0.2
3221,1978-10-27,0.0
3222,1978-10-28,0.2
3223,1978-10-29,0.2
3224,1978-10-30,0.0
3225,1978-10-31,0.0
3226,1978-11-01,0.1
3227,1978-11-02,0.1
3228,1978-11-03,1.1
3229,1978-11-04,1.4
3230,1978-11-05,0.1
3231,1978-11-06,0.0
3232,1978-11-07,0.0
3233,1978-11-08,0.0
3234,1978-11-09,0.0
3235,1978-11-10,0.0
3236,1978-11-11,0.0
3237,1978-11-12,0.0
3238,1978-11-13,0.9
3239,1978-11-14,0.0
3240,1978-11-15,0.1
3241,1978-11-16,0.5
3242,1978-11-17,0.0
3243,1978-11-18,0.0
3244,1978-11-19,0.0
3245,1978-11-20,1.8
3246,1978-11-21,0.0
3247,1978-11-22,0.1
3248,1978-11-23,0.0
3249,1978-11-24,0.1
3250,1978-11-25,5.8
3251,1978-11-26,0.0
3252,1978-11-27,0.5
3253,1978-11-28,0.1
3254,1978-11-29,0.1
3255,1978-11-30,0.0
3256,1978-12-01,0.0
3257,1978-12-02,0.4
3258,1978-12-03,2.4
3259,1978-12-04,3.2
3260,1978-12-05,0.3
3261,1978-12-06,0.0
3262,1978-12-07,0.0
3263,1978-12-08,13.1
3264,1978-12-09,0.0
3265,1978-12-10,3.3
3266,1978-12-11,0.9
3267,1978-12-12,3.6
3268,1978-12-13,6.8
3269,1978-12-14,0.9
3270,1978-12-15,2.6
3271,1978-12-16,1.3
3272,1978-12-17,0.0
3273,1978-12-18,0.0
3274,1978-12-19,0.0
3275,1978-12-20,0.1
3276,1978-12-21,3.2
3277,1978-12-22,0.1
3278,1978-12-23,1.3
3279,1978-12-24,16.9
3280,1978-12-25,2.0
3281,1978-12-26,0.9
3282,1978-12-27,5.6
3283,1978-12-28,4.9
3284,1978-12-29,4.6
3285,1978-12-30,10.8
3286,1978-12-31,15.8
3287,1979-01-01,0.0
3288,1979-01-02,1.6
3289,1979-01-03,0.0
3290,1979-01-04,0.0
3291,1979-01-05,0.0
3292,1979-01-06,0.0
3293,1979-01-07,0.0
3294,1979-01-08,1.2
3295,1979-01-09,7.0
3296,1979-01-10,6.4
3297,1979-01-11,1.1
3298,1979-01-12,0.3
3299,1979-01-13,0.0
3300,1979-01-14,0.0
3301,1979-01-15,0.0
3302,1979-01-16,0.0
3303,1979-01-17,0.5
3304,1979-01-18,0.0
3305,1979-01-19,2.6
3306,1979-01-20,3.1
3307,1979-01-21,0.1
3308,1979-01-22,1.2
3309,1979-01-23,1.5
3310,1979-01-24,0.4
3311,1979-01-25,0.0
3312,1979-01-26,0.4
3313,1979-01-27,0.0
3314,1979-01-28,0.0
3315,1979-01-29,2.4
3316,1979-01-30,2.2
3317,1979-01-31,0.1
3318,1979-02-01,6.7
3319,1979-02-02,8.6
3320,1979-02-03,0.0
3321,1979-02-04,8.2
3322,1979-02-05,1.5
3323,1979-02-06,0.3
3324,1979-02-07,8.0
3325,1979-02-08,3.1
3326,1979-02-09,7.4
3327,1979-02-10,11.1
3328,1979-02-11,3.9
3329,1979-02-12,3.2
3330,1979-02-13,3.8
3331,1979-02-14,3.3
3332,1979-02-15,0.0
3333,1979-02-16,0.3
3334,1979-02-17,0.0
3335,1979-02-18,0.2
3336,1979-02-19,0.1
3337,1979-02-20,0.0
3338,1979-02-21,0.0
3339,1979-02-22,1.6
3340,1979-02-23,0.9
3341,1979-02-24,1.3
3342,1979-02-25,0.0
3343,1979-02-26,0.0
3344,1979-02-27,0.0
3345,1979-02-28,1.6
3346,1979-03-01,1.8
3347,1979-03-02,2.1
3348,1979-03-03,0.9
3349,1979-03-04,7.3
3350,1979-03-05,0.0
3351,1979-03-06,2.0
3352,1979-03-07,3.4
3353,1979-03-08,0.1
3354,1979-03-09,14.1
3355,1979-03-10,7.2
3356,1979-03-11,5.3
3357,1979-03-12,1.9
3358,1979-03-13,3.2
3359,1979-03-14,4.1
3360,1979-03-15,12.3
3361,1979-03-16,2.2
3362,1979-03-17,0.4
3363,1979-03-18,11.9
3364,1979-03-19,3.2
3365,1979-03-20,0.4
3366,1979-03-21,4.4
3367,1979-03-22,6.9
3368,1979-03-23,0.0
3369,1979-03-24,0.1
3370,1979-03-25,9.8
3371,1979-03-26,1.0
3372,1979-03-27,9.3
3373,1979-03-28,13.0
3374,1979-03-29,4.6
3375,1979-03-30,0.7
3376,1979-03-31,1.0
3377,1979-04-01,1.9
3378,1979-04-02,6.3
3379,1979-04-03,2.5
3380,1979-04-04,4.8
3381,1979-04-05,0.9
3382,1979-04-06,0.7
3383,1979-04-07,0.1
3384,1979-04-08,0.0
3385,1979-04-09,0.2
3386,1979-04-10,0.7
3387,1979-04-11,2.6
3388,1979-04-12,0.2
3389,1979-04-13,0.1
3390,1979-04-14,0.0
3391,1979-04-15,0.1
3392,1979-04-16,0.1
3393,1979-04-17,1.3
3394,1979-04-18,0.1
3395,1979-04-19,0.0
3396,1979-04-20,4.5
3397,1979-04-21,0.5
3398,1979-04-22,3.3
3399,1979-04-23,7.9
3400,1979-04-24,5.5
3401,1979-04-25,4.5
3402,1979-04-26,4.2
3403,1979-04-27,1.0
3404,1979-04-28,5.5
3405,1979-04-29,0.5
3406,1979-04-30,3.3
3407,1979-05-01,6.3
3408,1979-05-02,4.2
3409,1979-05-03,6.2
3410,1979-05-04,1.7
3411,1979-05-05,2.8
3412,1979-05-06,2.7
3413,1979-05-07,0.0
3414,1979-05-08,0.0
3415,1979-05-09,0.0
3416,1979-05-10,0.0
3417,1979-05-11,1.5
3418,1979-05-12,0.4
3419,1979-05-13,0.0
3420,1979-05-14,0.0
3421,1979-05-15,0.0
3422,1979-05-16,1.1
3423,1979-05-17,4.4
3424,1979-05-18,0.2
3425,1979-05-19,0.3
3426,1979-05-20,5.2
3427,1979-05-21,4.4
3428,1979-05-22,0.7
3429,1979-05-23,4.7
3430,1979-05-24,4.8
3431,1979-05-25,3.1
3432,1979-05-26,10.7
3433,1979-05-27,5.3
3434,1979-05-28,0.9
3435,1979-05-29,9.9
3436,1979-05-30,5.7
3437,1979-05-31,13.9
3438,1979-06-01,1.3
3439,1979-06-02,0.5
3440,1979-06-03,9.3
3441,1979-06-04,2.1
3442,1979-06-05,0.0
3443,1979-06-06,0.6
3444,1979-06-07,1.8
3445,1979-06-08,0.1
3446,1979-06-09,0.2
3447,1979-06-10,5.7
3448,1979-06-11,0.5
3449,1979-06-12,4.5
3450,1979-06-13,4.0
3451,1979-06-14,2.4
3452,1979-06-15,7.0
3453,1979-06-16,2.7
3454,1979-06-17,0.3
3455,1979-06-18,0.0
3456,1979-06-19,0.0
3457,1979-06-20,0.0
3458,1979-06-21,4.5
3459,1979-06-22,6.2
3460,1979-06-23,0.7
3461,1979-06-24,4.7
3462,1979-06-25,0.1
3463,1979-06-26,1.1
3464,1979-06-27,0.5
3465,1979-06-28,0.0
3466,1979-06-29,0.8
3467,1979-06-30,0.6
3468,1979-07-01,0.1
3469,1979-07-02,0.2
3470,1979-07-03,0.0
3471,1979-07-04,0.1
3472,1979-07-05,0.0
3473,1979-07-06,0.2
3474,1979-07-07,0.0
3475,1979-07-08,0.0
3476,1979-07-09,1.8
3477,1979-07-10,0.0
3478,1979-07-11,0.0
3479,1979-07-12,18.1
3480,1979-07-13,2.2
3481,1979-07-14,0.6
3482,1979-07-15,0.1
3483,1979-07-16,0.0
3484,1979-07-17,0.0
3485,1979-07-18,0.1
3486,1979-07-19,0.3
3487,1979-07-20,0.6
3488,1979-07-21,0.7
3489,1979-07-22,0.1
3490,1979-07-23,0.7
3491,1979-07-24,1.7
3492,1979-07-25,0.0
3493,1979-07-26,0.0
3494,1979-07-27,0.0
3495,1979-07-28,0.0
3496,1979-07-29,4.2
3497,1979-07-30,1.5
3498,1979-07-31,2.7
3499,1979-08-01,7.1
3500,1979-08-02,3.2
3501,1979-08-03,0.9
3502,1979-08-04,0.2
3503,1979-08-05,0.1
3504,1979-08-06,0.0
3505,1979-08-07,1.7
3506,1979-08-08,1.2
3507,1979-08-09,13.6
3508,1979-08-10,1.7
3509,1979-08-11,1.7
3510,1979-08-12,0.1
3511,1979-08-13,0.3
3512,1979-08-14,0.5
3513,1979-08-15,3.5
3514,1979-08-16,0.3
3515,1979-08-17,4.4
3516,1979-08-18,0.8
3517,1979-08-19,0.2
3518,1979-08-20,0.6
3519,1979-08-21,0.5
3520,1979-08-22,0.4
3521,1979-08-23,0.6
3522,1979-08-24,2.9
3523,1979-08-25,14.2
3524,1979-08-26,1.5
3525,1979-08-27,1.3
3526,1979-08-28,0.0
3527,1979-08-29,0.0
3528,1979-08-30,0.0
3529,1979-08-31,0.0
3530,1979-09-01,0.0
3531,1979-09-02,11.1
3532,1979-09-03,0.4
3533,1979-09-04,0.4
3534,1979-09-05,0.0
3535,1979-09-06,0.0
3536,1979-09-07,0.0
3537,1979-09-08,4.6
3538,1979-09-09,2.4
3539,1979-09-10,0.3
3540,1979-09-11,0.1
3541,1979-09-12,0.1
3542,1979-09-13,0.2
3543,1979-09-14,0.0
3544,1979-09-15,0.0
3545,1979-09-16,0.0
3546,1979-09-17,0.0
3547,1979-09-18,0.0
3548,1979-09-19,0.1
3549,1979-09-20,1.1
3550,1979-09-21,0.4
3551,1979-09-22,0.5
3552,1979-09-23,0.0
3553,1979-09-24,0.3
3554,1979-09-25,0.1
3555,1979-09-26,0.1
3556,1979-09-27,0.1
3557,1979-09-28,0.2
3558,1979-09-29,0.0
3559,1979-09-30,0.0
3560,1979-10-01,0.0
3561,1979-10-02,1.1
3562,1979-10-03,3.8
3563,1979-10-04,5.0
3564,1979-10-05,3.0
3565,1979-10-06,0.7
3566,1979-10-07,0.4
3567,1979-10-08,1.9
3568,1979-10-09,0.0
3569,1979-10-10,1.3
3570,1979-10-11,4.8
3571,1979-10-12,4.2
3572,1979-10-13,13.4
3573,1979-10-14,1.0
3574,1979-10-15,1.3
3575,1979-10-16,0.0
3576,1979-10-17,0.3
3577,1979-10-18,0.4
3578,1979-10-19,0.1
3579,1979-10-20,0.0
3580,1979-10-21,0.0
3581,1979-10-22,0.0
3582,1979-10-23,2.8
3583,1979-10-24,1.9
3584,1979-10-25,3.2
3585,1979-10-26,11.5
3586,1979-10-27,0.0
3587,1979-10-28,1.3
3588,1979-10-29,0.4
3589,1979-10-30,0.0
3590,1979-10-31,9.0
3591,1979-11-01,0.3
3592,1979-11-02,0.0
3593,1979-11-03,0.9
3594,1979-11-04,8.0
3595,1979-11-05,3.7
3596,1979-11-06,17.9
3597,1979-11-07,7.5
3598,1979-11-08,22.9
3599,1979-11-09,0.7
3600,1979-11-10,0.0
3601,1979-11-11,0.0
3602,1979-11-12,7.9
3603,1979-11-13,0.1
3604,1979-11-14,4.5
3605,1979-11-15,0.0
3606,1979-11-16,2.5
3607,1979-11-17,0.1
3608,1979-11-18,4.1
3609,1979-11-19,0.2
3610,1979-11-20,0.0
3611,1979-11-21,0.0
3612,1979-11-22,0.0
3613,1979-11-23,0.2
3614,1979-11-24,1.2
3615,1979-11-25,0.0
3616,1979-11-26,1.4
3617,1979-11-27,1.2
3618,1979-11-28,0.1
3619,1979-11-29,0.0
3620,1979-11-30,0.0
3621,1979-12-01,0.5
3622,1979-12-02,0.1
3623,1979-12-03,1.1
3624,1979-12-04,0.0
3625,1979-12-05,0.0
3626,1979-12-06,0.0
3627,1979-12-07,1.2
3628,1979-12-08,9.4
3629,1979-12-09,6.9
3630,1979-12-10,17.7
3631,1979-12-11,5.0
3632,1979-12-12,0.1
3633,1979-12-13,8.1
3634,1979-12-14,7.0
3635,1979-12-15,7.8
3636,1979-12-16,1.3
3637,1979-12-17,2.8
3638,1979-12-18,6.5
3639,1979-12-19,2.7
3640,1979-12-20,0.3
3641,1979-12-21,2.6
3642,1979-12-22,1.1
3643,1979-12-23,3.0
3644,1979-12-24,2.5
3645,1979-12-25,0.0
3646,1979-12-26,0.1
3647,1979-12-27,2.6
3648,1979-12-28,7.8
3649,1979-12-29,4.5
3650,1979-12-30,1.5
3651,1979-12-31,0.0
3652,1980-01-01,0.0
3653,1980-01-02,0.1
3654,1980-01-03,4.4
3655,1980-01-04,4.4
3656,1980-01-05,1.2
3657,1980-01-06,1.7
3658,1980-01-07,1.7
3659,1980-01-08,0.6
3660,1980-01-09,0.1
3661,1980-01-10,0.0
3662,1980-01-11,0.0
3663,1980-01-12,0.0
3664,1980-01-13,0.0
3665,1980-01-14,0.0
3666,1980-01-15,0.0
3667,1980-01-16,0.0
3668,1980-01-17,0.0
3669,1980-01-18,0.0
3670,1980-01-19,0.1
3671,1980-01-20,3.5
3672,1980-01-21,6.3
3673,1980-01-22,2.6
3674,1980-01-23,2.7
3675,1980-01-24,1.1
3676,1980-01-25,0.2
3677,1980-01-26,0.1
3678,1980-01-27,0.1
3679,1980-01-28,0.0
3680,1980-01-29,0.0
3681,1980-01-30,2.7
3682,1980-01-31,9.7
3683,1980-02-01,1.7
3684,1980-02-02,11.8
3685,1980-02-03,12.6
3686,1980-02-04,6.7
3687,1980-02-05,3.1
3688,1980-02-06,5.5
3689,1980-02-07,1.0
3690,1980-02-08,0.0
3691,1980-02-09,0.2
3692,1980-02-10,1.1
3693,1980-02-11,0.2
3694,1980-02-12,0.0
3695,1980-02-13,0.1
3696,1980-02-14,0.2
3697,1980-02-15,0.2
3698,1980-02-16,3.0
3699,1980-02-17,0.1
3700,1980-02-18,0.0
3701,1980-02-19,0.0
3702,1980-02-20,0.0
3703,1980-02-21,0.0
3704,1980-02-22,4.6
3705,1980-02-23,1.4
3706,1980-02-24,6.5
3707,1980-02-25,0.3
3708,1980-02-26,0.0
3709,1980-02-27,0.0
3710,1980-02-28,0.1
3711,1980-02-29,0.3
3712,1980-03-01,0.2
3713,1980-03-02,0.1
3714,1980-03-03,0.2
3715,1980-03-04,0.0
3716,1980-03-05,0.6
3717,1980-03-06,12.8
3718,1980-03-07,4.4
3719,1980-03-08,2.5
3720,1980-03-09,0.8
3721,1980-03-10,2.5
3722,1980-03-11,3.7
3723,1980-03-12,1.4
3724,1980-03-13,21.9
3725,1980-03-14,4.9
3726,1980-03-15,0.1
3727,1980-03-16,0.2
3728,1980-03-17,0.7
3729,1980-03-18,0.2
3730,1980-03-19,1.3
3731,1980-03-20,1.9
3732,1980-03-21,3.6
3733,1980-03-22,0.2
3734,1980-03-23,0.0
3735,1980-03-24,0.2
3736,1980-03-25,3.9
3737,1980-03-26,7.5
3738,1980-03-27,6.6
3739,1980-03-28,5.4
3740,1980-03-29,2.0
3741,1980-03-30,1.0
3742,1980-03-31,9.6
3743,1980-04-01,7.5
3744,1980-04-02,1.5
3745,1980-04-03,0.7
3746,1980-04-04,0.2
3747,1980-04-05,0.0
3748,1980-04-06,0.0
3749,1980-04-07,0.0
3750,1980-04-08,2.6
3751,1980-04-09,1.2
3752,1980-04-10,0.6
3753,1980-04-11,0.2
3754,1980-04-12,0.0
3755,1980-04-13,0.0
3756,1980-04-14,0.0
3757,1980-04-15,0.0
3758,1980-04-16,0.0
3759,1980-04-17,0.0
3760,1980-04-18,0.1
3761,1980-04-19,0.5
3762,1980-04-20,3.9
3763,1980-04-21,2.2
3764,1980-04-22,0.7
3765,1980-04-23,0.2
3766,1980-04-24,1.3
3767,1980-04-25,0.1
3768,1980-04-26,5.7
3769,1980-04-27,0.5
3770,1980-04-28,0.8
3771,1980-04-29,1.4
3772,1980-04-30,1.8
3773,1980-05-01,1.9
3774,1980-05-02,13.3
3775,1980-05-03,3.0
3776,1980-05-04,0.0
3777,1980-05-05,0.6
3778,1980-05-06,4.8
3779,1980-05-07,0.1
3780,1980-05-08,7.9
3781,1980-05-09,0.0
3782,1980-05-10,0.0
3783,1980-05-11,0.0
3784,1980-05-12,0.0
3785,1980-05-13,0.0
3786,1980-05-14,0.2
3787,1980-05-15,0.0
3788,1980-05-16,0.0
3789,1980-05-17,0.0
3790,1980-05-18,0.7
3791,1980-05-19,0.1
3792,1980-05-20,3.7
3793,1980-05-21,17.0
3794,1980-05-22,0.1
3795,1980-05-23,0.0
3796,1980-05-24,0.4
3797,1980-05-25,1.0
3798,1980-05-26,0.4
3799,1980-05-27,3.5
3800,1980-05-28,0.6
3801,1980-05-29,6.2
3802,1980-05-30,2.6
3803,1980-05-31,10.4
3804,1980-06-01,1.9
3805,1980-06-02,0.0
3806,1980-06-03,0.0
3807,1980-06-04,0.0
3808,1980-06-05,0.0
3809,1980-06-06,0.0
3810,1980-06-07,0.0
3811,1980-06-08,0.2
3812,1980-06-09,1.4
3813,1980-06-10,0.2
3814,1980-06-11,1.0
3815,1980-06-12,3.2
3816,1980-06-13,1.5
3817,1980-06-14,1.5
3818,1980-06-15,7.3
3819,1980-06-16,7.7
3820,1980-06-17,3.4
3821,1980-06-18,0.3
3822,1980-06-19,1.7
3823,1980-06-20,1.1
3824,1980-06-21,2.5
3825,1980-06-22,5.6
3826,1980-06-23,6.0
3827,1980-06-24,7.1
3828,1980-06-25,2.4
3829,1980-06-26,5.2
3830,1980-06-27,0.5
3831,1980-06-28,21.0
3832,1980-06-29,0.7
3833,1980-06-30,0.6
3834,1980-07-01,12.3
3835,1980-07-02,2.7
3836,1980-07-03,0.1
3837,1980-07-04,1.3
3838,1980-07-05,0.3
3839,1980-07-06,4.5
3840,1980-07-07,4.9
3841,1980-07-08,7.2
3842,1980-07-09,9.8
3843,1980-07-10,4.7
3844,1980-07-11,0.7
3845,1980-07-12,1.3
3846,1980-07-13,9.0
3847,1980-07-14,5.3
3848,1980-07-15,9.2
3849,1980-07-16,0.2
3850,1980-07-17,0.2
3851,1980-07-18,4.6
3852,1980-07-19,7.4
3853,1980-07-20,29.9
3854,1980-07-21,0.0
3855,1980-07-22,0.0
3856,1980-07-23,0.0
3857,1980-07-24,0.0
3858,1980-07-25,0.0
3859,1980-07-26,3.2
3860,1980-07-27,0.2
3861,1980-07-28,0.4
3862,1980-07-29,10.0
3863,1980-07-30,0.5
3864,1980-07-31,0.3
3865,1980-08-01,0.4
3866,1980-08-02,0.2
3867,1980-08-03,7.5
3868,1980-08-04,1.3
3869,1980-08-05,1.4
3870,1980-08-06,0.1
3871,1980-08-07,1.9
3872,1980-08-08,4.7
3873,1980-08-09,1.2
3874,1980-08-10,0.1
3875,1980-08-11,9.3
3876,1980-08-12,0.8
3877,1980-08-13,12.3
3878,1980-08-14,0.4
3879,1980-08-15,9.3
3880,1980-08-16,0.1
3881,1980-08-17,0.6
3882,1980-08-18,2.8
3883,1980-08-19,0.0
3884,1980-08-20,0.0
3885,1980-08-21,0.4
3886,1980-08-22,0.0
3887,1980-08-23,0.4
3888,1980-08-24,0.0
3889,1980-08-25,0.0
3890,1980-08-26,2.8
3891,1980-08-27,1.1
3892,1980-08-28,0.6
3893,1980-08-29,3.7
3894,1980-08-30,4.5
3895,1980-08-31,0.3
3896,1980-09-01,0.1
3897,1980-09-02,0.0
3898,1980-09-03,0.0
3899,1980-09-04,0.2
3900,1980-09-05,4.7
3901,1980-09-06,0.3
3902,1980-09-07,0.0
3903,1980-09-08,1.5
3904,1980-09-09,0.7
3905,1980-09-10,2.1
3906,1980-09-11,1.1
3907,1980-09-12,1.5
3908,1980-09-13,0.2
3909,1980-09-14,0.4
3910,1980-09-15,0.0
3911,1980-09-16,0.3
3912,1980-09-17,0.4
3913,1980-09-18,0.0
3914,1980-09-19,2.0
3915,1980-09-20,1.8
3916,1980-09-21,7.4
3917,1980-09-22,3.3
3918,1980-09-23,0.0
3919,1980-09-24,7.1
3920,1980-09-25,0.9
3921,1980-09-26,0.1
3922,1980-09-27,0.4
3923,1980-09-28,0.0
3924,1980-09-29,0.0
3925,1980-09-30,0.1
3926,1980-10-01,0.2
3927,1980-10-02,0.2
3928,1980-10-03,0.0
3929,1980-10-04,0.3
3930,1980-10-05,0.0
3931,1980-10-06,0.1
3932,1980-10-07,8.7
3933,1980-10-08,2.4
3934,1980-10-09,2.8
3935,1980-10-10,7.4
3936,1980-10-11,3.3
3937,1980-10-12,1.3
3938,1980-10-13,0.0
3939,1980-10-14,0.1
3940,1980-10-15,2.7
3941,1980-10-16,11.7
3942,1980-10-17,9.7
3943,1980-10-18,1.3
3944,1980-10-19,0.6
3945,1980-10-20,1.6
3946,1980-10-21,0.0
3947,1980-10-22,4.0
3948,1980-10-23,11.1
3949,1980-10-24,7.8
3950,1980-10-25,0.8
3951,1980-10-26,0.4
3952,1980-10-27,0.7
3953,1980-10-28,0.0
3954,1980-10-29,0.4
3955,1980-10-30,0.0
3956,1980-10-31,0.0
3957,1980-11-01,0.0
3958,1980-11-02,0.0
3959,1980-11-03,0.0
3960,1980-11-04,0.0
3961,1980-11-05,0.0
3962,1980-11-06,0.3
3963,1980-11-07,0.1
3964,1980-11-08,1.4
3965,1980-11-09,0.0
3966,1980-11-10,0.0
3967,1980-11-11,0.0
3968,1980-11-12,0.2
3969,1980-11-13,0.0
3970,1980-11-14,3.3
3971,1980-11-15,18.0
3972,1980-11-16,6.7
3973,1980-11-17,4.4
3974,1980-11-18,2.9
3975,1980-11-19,0.3
3976,1980-11-20,0.0
3977,1980-11-21,0.0
3978,1980-11-22,0.0
3979,1980-11-23,0.1
3980,1980-11-24,0.1
3981,1980-11-25,11.3
3982,1980-11-26,2.2
3983,1980-11-27,0.3
3984,1980-11-28,2.5
3985,1980-11-29,1.3
3986,1980-11-30,0.0
3987,1980-12-01,0.0
3988,1980-12-02,6.0
3989,1980-12-03,1.5
3990,1980-12-04,3.0
3991,1980-12-05,4.6
3992,1980-12-06,2.3
3993,1980-12-07,0.5
3994,1980-12-08,0.0
3995,1980-12-09,0.0
3996,1980-12-10,0.0
3997,1980-12-11,0.1
3998,1980-12-12,0.1
3999,1980-12-13,3.4
4000,1980-12-14,11.0
4001,1980-12-15,4.3
4002,1980-12-16,0.3
4003,1980-12-17,8.3
4004,1980-12-18,6.9
4005,1980-12-19,0.4
4006,1980-12-20,5.7
4007,1980-12-21,1.0
4008,1980-12-22,0.7
4009,1980-12-23,0.7
4010,1980-12-24,1.2
4011,1980-12-25,2.1
4012,1980-12-26,1.0
4013,1980-12-27,3.7
4014,1980-12-28,0.0
4015,1980-12-29,0.0
4016,1980-12-30,0.1
4017,1980-12-31,0.2
4018,1981-01-01,1.4
4019,1981-01-02,3.2
4020,1981-01-03,8.6
4021,1981-01-04,0.4
4022,1981-01-05,0.0
4023,1981-01-06,2.8
4024,1981-01-07,0.9
4025,1981-01-08,0.7
4026,1981-01-09,0.4
4027,1981-01-10,6.7
4028,1981-01-11,0.0
4029,1981-01-12,6.1
4030,1981-01-13,0.2
4031,1981-01-14,10.5
4032,1981-01-15,5.9
4033,1981-01-16,6.0
4034,1981-01-17,3.9
4035,1981-01-18,4.6
4036,1981-01-19,2.1
4037,1981-01-20,4.5
4038,1981-01-21,4.7
4039,1981-01-22,0.5
4040,1981-01-23,0.1
4041,1981-01-24,0.2
4042,1981-01-25,0.7
4043,1981-01-26,1.5
4044,1981-01-27,2.7
4045,1981-01-28,0.1
4046,1981-01-29,0.0
4047,1981-01-30,0.0
4048,1981-01-31,0.0
4049,1981-02-01,0.0
4050,1981-02-02,0.0
4051,1981-02-03,11.3
4052,1981-02-04,4.1
4053,1981-02-05,2.5
4054,1981-02-06,0.2
4055,1981-02-07,0.3
4056,1981-02-08,0.6
4057,1981-02-09,0.6
4058,1981-02-10,1.8
4059,1981-02-11,0.1
4060,1981-02-12,0.0
4061,1981-02-13,0.0
4062,1981-02-14,0.0
4063,1981-02-15,0.0
4064,1981-02-16,0.0
4065,1981-02-17,0.0
4066,1981-02-18,2.3
4067,1981-02-19,0.3
4068,1981-02-20,0.2
4069,1981-02-21,0.0
4070,1981-02-22,1.5
4071,1981-02-23,0.1
4072,1981-02-24,0.3
4073,1981-02-25,0.1
4074,1981-02-26,0.0
4075,1981-02-27,1.1
4076,1981-02-28,14.5
4077,1981-03-01,1.8
4078,1981-03-02,7.1
4079,1981-03-03,4.0
4080,1981-03-04,0.1
4081,1981-03-05,0.3
4082,1981-03-06,4.8
4083,1981-03-07,0.5
4084,1981-03-08,9.3
4085,1981-03-09,3.9
4086,1981-03-10,3.1
4087,1981-03-11,2.3
4088,1981-03-12,8.2
4089,1981-03-13,4.9
4090,1981-03-14,1.4
4091,1981-03-15,1.6
4092,1981-03-16,2.6
4093,1981-03-17,2.2
4094,1981-03-18,0.5
4095,1981-03-19,0.0
4096,1981-03-20,0.0
4097,1981-03-21,0.0
4098,1981-03-22,1.6
4099,1981-03-23,10.5
4100,1981-03-24,6.4
4101,1981-03-25,1.9
4102,1981-03-26,3.4
4103,1981-03-27,0.3
4104,1981-03-28,3.8
4105,1981-03-29,2.3
4106,1981-03-30,0.5
4107,1981-03-31,1.1
4108,1981-04-01,0.2
4109,1981-04-02,0.1
4110,1981-04-03,0.1
4111,1981-04-04,0.2
4112,1981-04-05,0.3
4113,1981-04-06,0.4
4114,1981-04-07,1.8
4115,1981-04-08,0.2
4116,1981-04-09,0.0
4117,1981-04-10,0.0
4118,1981-04-11,12.7
4119,1981-04-12,0.2
4120,1981-04-13,0.1
4121,1981-04-14,0.2
4122,1981-04-15,0.0
4123,1981-04-16,0.0
4124,1981-04-17,0.0
4125,1981-04-18,0.0
4126,1981-04-19,1.9
4127,1981-04-20,2.6
4128,1981-04-21,0.0
4129,1981-04-22,0.0
4130,1981-04-23,0.3
4131,1981-04-24,0.0
4132,1981-04-25,7.1
4133,1981-04-26,2.2
4134,1981-04-27,8.6
4135,1981-04-28,0.8
4136,1981-04-29,1.6
4137,1981-04-30,0.3
4138,1981-05-01,3.8
4139,1981-05-02,0.1
4140,1981-05-03,2.2
4141,1981-05-04,6.8
4142,1981-05-05,0.3
4143,1981-05-06,1.7
4144,1981-05-07,1.1
4145,1981-05-08,12.7
4146,1981-05-09,9.6
4147,1981-05-10,5.2
4148,1981-05-11,3.0
4149,1981-05-12,0.3
4150,1981-05-13,0.6
4151,1981-05-14,0.2
4152,1981-05-15,2.2
4153,1981-05-16,6.3
4154,1981-05-17,5.6
4155,1981-05-18,0.7
4156,1981-05-19,0.8
4157,1981-05-20,0.7
4158,1981-05-21,12.8
4159,1981-05-22,4.7
4160,1981-05-23,9.0
4161,1981-05-24,4.9
4162,1981-05-25,2.5
4163,1981-05-26,1.2
4164,1981-05-27,2.7
4165,1981-05-28,8.8
4166,1981-05-29,1.8
4167,1981-05-30,1.5
4168,1981-05-31,2.9
4169,1981-06-01,0.8
4170,1981-06-02,5.1
4171,1981-06-03,14.1
4172,1981-06-04,1.5
4173,1981-06-05,1.8
4174,1981-06-06,2.1
4175,1981-06-07,2.8
4176,1981-06-08,2.0
4177,1981-06-09,0.6
4178,1981-06-10,0.2
4179,1981-06-11,0.0
4180,1981-06-12,0.3
4181,1981-06-13,0.0
4182,1981-06-14,0.0
4183,1981-06-15,0.0
4184,1981-06-16,0.0
4185,1981-06-17,1.1
4186,1981-06-18,0.5
4187,1981-06-19,1.5
4188,1981-06-20,1.8
4189,1981-06-21,0.5
4190,1981-06-22,0.0
4191,1981-06-23,0.0
4192,1981-06-24,0.1
4193,1981-06-25,8.2
4194,1981-06-26,4.4
4195,1981-06-27,1.4
4196,1981-06-28,19.4
4197,1981-06-29,29.1
4198,1981-06-30,0.0
4199,1981-07-01,1.4
4200,1981-07-02,6.4
4201,1981-07-03,1.6
4202,1981-07-04,0.2
4203,1981-07-05,1.0
4204,1981-07-06,0.4
4205,1981-07-07,0.0
4206,1981-07-08,0.1
4207,1981-07-09,3.8
4208,1981-07-10,8.5
4209,1981-07-11,0.1
4210,1981-07-12,3.2
4211,1981-07-13,3.9
4212,1981-07-14,1.0
4213,1981-07-15,0.7
4214,1981-07-16,3.0
4215,1981-07-17,2.3
4216,1981-07-18,4.7
4217,1981-07-19,0.7
4218,1981-07-20,1.2
4219,1981-07-21,0.9
4220,1981-07-22,8.3
4221,1981-07-23,2.1
4222,1981-07-24,7.0
4223,1981-07-25,1.2
4224,1981-07-26,0.4
4225,1981-07-27,0.2
4226,1981-07-28,0.0
4227,1981-07-29,0.0
4228,1981-07-30,0.0
4229,1981-07-31,11.6
4230,1981-08-01,2.6
4231,1981-08-02,1.4
4232,1981-08-03,0.1
4233,1981-08-04,0.0
4234,1981-08-05,0.0
4235,1981-08-06,3.0
4236,1981-08-07,0.5
4237,1981-08-08,0.2
4238,1981-08-09,4.5
4239,1981-08-10,1.3
4240,1981-08-11,0.1
4241,1981-08-12,0.2
4242,1981-08-13,0.0
4243,1981-08-14,0.0
4244,1981-08-15,0.0
4245,1981-08-16,0.6
4246,1981-08-17,0.0
4247,1981-08-18,0.0
4248,1981-08-19,0.1
4249,1981-08-20,16.1
4250,1981-08-21,0.0
4251,1981-08-22,1.6
4252,1981-08-23,0.6
4253,1981-08-24,0.4
4254,1981-08-25,0.0
4255,1981-08-26,0.6
4256,1981-08-27,0.0
4257,1981-08-28,0.0
4258,1981-08-29,0.2
4259,1981-08-30,0.0
4260,1981-08-31,0.0
4261,1981-09-01,0.0
4262,1981-09-02,1.1
4263,1981-09-03,0.1
4264,1981-09-04,0.0
4265,1981-09-05,0.0
4266,1981-09-06,0.0
4267,1981-09-07,0.2
4268,1981-09-08,1.6
4269,1981-09-09,0.0
4270,1981-09-10,0.0
4271,1981-09-11,0.1
4272,1981-09-12,3.9
4273,1981-09-13,1.3
4274,1981-09-14,2.7
4275,1981-09-15,7.2
4276,1981-09-16,0.6
4277,1981-09-17,0.0
4278,1981-09-18,2.8
4279,1981-09-19,2.8
4280,1981-09-20,7.1
4281,1981-09-21,6.1
4282,1981-09-22,3.7
4283,1981-09-23,0.6
4284,1981-09-24,0.0
4285,1981-09-25,6.5
4286,1981-09-26,7.2
4287,1981-09-27,0.7
4288,1981-09-28,0.2
4289,1981-09-29,0.1
4290,1981-09-30,0.0
4291,1981-10-01,0.9
4292,1981-10-02,2.5
4293,1981-10-03,2.0
4294,1981-10-04,0.6
4295,1981-10-05,1.8
4296,1981-10-06,25.0
4297,1981-10-07,1.1
4298,1981-10-08,0.1
4299,1981-10-09,1.9
4300,1981-10-10,27.0
4301,1981-10-11,2.5
4302,1981-10-12,3.4
4303,1981-10-13,0.1
4304,1981-10-14,6.0
4305,1981-10-15,12.5
4306,1981-10-16,0.0
4307,1981-10-17,12.8
4308,1981-10-18,2.9
4309,1981-10-19,0.2
4310,1981-10-20,10.5
4311,1981-10-21,1.6
4312,1981-10-22,2.4
4313,1981-10-23,2.1
4314,1981-10-24,0.3
4315,1981-10-25,16.8
4316,1981-10-26,10.4
4317,1981-10-27,0.9
4318,1981-10-28,0.7
4319,1981-10-29,8.2
4320,1981-10-30,1.5
4321,1981-10-31,2.4
4322,1981-11-01,0.1
4323,1981-11-02,0.6
4324,1981-11-03,0.4
4325,1981-11-04,0.1
4326,1981-11-05,0.2
4327,1981-11-06,0.0
4328,1981-11-07,0.0
4329,1981-11-08,0.0
4330,1981-11-09,0.0
4331,1981-11-10,0.1
4332,1981-11-11,1.5
4333,1981-11-12,0.8
4334,1981-11-13,0.0
4335,1981-11-14,0.4
4336,1981-11-15,0.0
4337,1981-11-16,0.0
4338,1981-11-17,3.5
4339,1981-11-18,0.7
4340,1981-11-19,2.2
4341,1981-11-20,1.1
4342,1981-11-21,0.3
4343,1981-11-22,0.3
4344,1981-11-23,2.6
4345,1981-11-24,0.2
4346,1981-11-25,0.6
4347,1981-11-26,0.1
4348,1981-11-27,9.2
4349,1981-11-28,4.8
4350,1981-11-29,0.0
4351,1981-11-30,11.2
4352,1981-12-01,0.2
4353,1981-12-02,0.3
4354,1981-12-03,0.0
4355,1981-12-04,3.3
4356,1981-12-05,0.6
4357,1981-12-06,4.1
4358,1981-12-07,7.4
4359,1981-12-08,12.0
4360,1981-12-09,3.5
4361,1981-12-10,1.1
4362,1981-12-11,8.1
4363,1981-12-12,0.2
4364,1981-12-13,4.6
4365,1981-12-14,1.8
4366,1981-12-15,13.3
4367,1981-12-16,4.5
4368,1981-12-17,6.8
4369,1981-12-18,5.1
4370,1981-12-19,0.1
4371,1981-12-20,0.7
4372,1981-12-21,5.0
4373,1981-12-22,2.2
4374,1981-12-23,1.2
4375,1981-12-24,2.9
4376,1981-12-25,0.6
4377,1981-12-26,0.1
4378,1981-12-27,0.7
4379,1981-12-28,2.1
4380,1981-12-29,11.3
4381,1981-12-30,9.5
4382,1981-12-31,13.0
4383,1982-01-01,3.9
4384,1982-01-02,2.0
4385,1982-01-03,0.0
4386,1982-01-04,1.7
4387,1982-01-05,9.1
4388,1982-01-06,1.3
4389,1982-01-07,0.0
4390,1982-01-08,4.1
4391,1982-01-09,4.1
4392,1982-01-10,5.1
4393,1982-01-11,7.2
4394,1982-01-12,0.0
4395,1982-01-13,0.0
4396,1982-01-14,0.0
4397,1982-01-15,0.2
4398,1982-01-16,0.7
4399,1982-01-17,0.0
4400,1982-01-18,0.0
4401,1982-01-19,0.0
4402,1982-01-20,0.3
4403,1982-01-21,0.7
4404,1982-01-22,0.8
4405,1982-01-23,4.2
4406,1982-01-24,0.1
4407,1982-01-25,1.6
4408,1982-01-26,3.5
4409,1982-01-27,3.2
4410,1982-01-28,0.2
4411,1982-01-29,1.7
4412,1982-01-30,0.5
4413,1982-01-31,0.3
4414,1982-02-01,0.1
4415,1982-02-02,0.0
4416,1982-02-03,0.0
4417,1982-02-04,0.0
4418,1982-02-05,0.0
4419,1982-02-06,3.2
4420,1982-02-07,0.3
4421,1982-02-08,1.9
4422,1982-02-09,0.0
4423,1982-02-10,0.0
4424,1982-02-11,0.0
4425,1982-02-12,0.1
4426,1982-02-13,4.5
4427,1982-02-14,1.3
4428,1982-02-15,1.7
4429,1982-02-16,1.5
4430,1982-02-17,1.6
4431,1982-02-18,3.6
4432,1982-02-19,1.7
4433,1982-02-20,0.9
4434,1982-02-21,0.0
4435,1982-02-22,0.0
4436,1982-02-23,0.0
4437,1982-02-24,0.1
4438,1982-02-25,0.2
4439,1982-02-26,0.2
4440,1982-02-27,0.8
4441,1982-02-28,0.9
4442,1982-03-01,4.1
4443,1982-03-02,3.5
4444,1982-03-03,7.5
4445,1982-03-04,0.8
4446,1982-03-05,0.0
4447,1982-03-06,0.0
4448,1982-03-07,0.0
4449,1982-03-08,0.0
4450,1982-03-09,0.9
4451,1982-03-10,7.8
4452,1982-03-11,1.1
4453,1982-03-12,3.8
4454,1982-03-13,2.4
4455,1982-03-14,0.1
4456,1982-03-15,0.2
4457,1982-03-16,6.8
4458,1982-03-17,2.4
4459,1982-03-18,2.2
4460,1982-03-19,2.5
4461,1982-03-20,5.4
4462,1982-03-21,0.0
4463,1982-03-22,1.9
4464,1982-03-23,0.9
4465,1982-03-24,0.0
4466,1982-03-25,0.0
4467,1982-03-26,0.0
4468,1982-03-27,0.0
4469,1982-03-28,0.0
4470,1982-03-29,4.1
4471,1982-03-30,2.3
4472,1982-03-31,2.2
4473,1982-04-01,0.8
4474,1982-04-02,2.1
4475,1982-04-03,0.3
4476,1982-04-04,0.0
4477,1982-04-05,0.1
4478,1982-04-06,5.4
4479,1982-04-07,5.1
4480,1982-04-08,7.2
4481,1982-04-09,0.5
4482,1982-04-10,1.4
4483,1982-04-11,0.6
4484,1982-04-12,0.8
4485,1982-04-13,0.6
4486,1982-04-14,0.0
4487,1982-04-15,0.0
4488,1982-04-16,0.0
4489,1982-04-17,0.0
4490,1982-04-18,0.0
4491,1982-04-19,0.0
4492,1982-04-20,0.0
4493,1982-04-21,0.1
4494,1982-04-22,0.0
4495,1982-04-23,0.2
4496,1982-04-24,0.2
4497,1982-04-25,0.0
4498,1982-04-26,0.2
4499,1982-04-27,0.0
4500,1982-04-28,0.2
4501,1982-04-29,2.0
4502,1982-04-30,0.3
4503,1982-05-01,1.3
4504,1982-05-02,0.0
4505,1982-05-03,5.5
4506,1982-05-04,4.0
4507,1982-05-05,4.4
4508,1982-05-06,3.2
4509,1982-05-07,0.7
4510,1982-05-08,11.4
4511,1982-05-09,15.7
4512,1982-05-10,5.1
4513,1982-05-11,0.0
4514,1982-05-12,0.0
4515,1982-05-13,0.0
4516,1982-05-14,0.0
4517,1982-05-15,0.0
4518,1982-05-16,5.5
4519,1982-05-17,1.5
4520,1982-05-18,2.7
4521,1982-05-19,0.9
4522,1982-05-20,3.6
4523,1982-05-21,0.9
4524,1982-05-22,4.6
4525,1982-05-23,12.6
4526,1982-05-24,1.3
4527,1982-05-25,0.0
4528,1982-05-26,0.0
4529,1982-05-27,5.6
4530,1982-05-28,0.8
4531,1982-05-29,0.0
4532,1982-05-30,0.0
4533,1982-05-31,1.5
4534,1982-06-01,5.7
4535,1982-06-02,5.9
4536,1982-06-03,2.7
4537,1982-06-04,1.6
4538,1982-06-05,4.4
4539,1982-06-06,8.1
4540,1982-06-07,4.4
4541,1982-06-08,1.5
4542,1982-06-09,0.0
4543,1982-06-10,5.3
4544,1982-06-11,4.2
4545,1982-06-12,5.8
4546,1982-06-13,3.0
4547,1982-06-14,0.5
4548,1982-06-15,0.0
4549,1982-06-16,2.7
4550,1982-06-17,0.0
4551,1982-06-18,4.0
4552,1982-06-19,0.7
4553,1982-06-20,0.0
4554,1982-06-21,0.8
4555,1982-06-22,7.2
4556,1982-06-23,3.1
4557,1982-06-24,0.6
4558,1982-06-25,3.6
4559,1982-06-26,0.6
4560,1982-06-27,2.5
4561,1982-06-28,2.2
4562,1982-06-29,2.2
4563,1982-06-30,0.3
4564,1982-07-01,0.0
4565,1982-07-02,1.4
4566,1982-07-03,5.0
4567,1982-07-04,0.0
4568,1982-07-05,0.2
4569,1982-07-06,0.0
4570,1982-07-07,0.0
4571,1982-07-08,0.0
4572,1982-07-09,3.8
4573,1982-07-10,0.0
4574,1982-07-11,0.0
4575,1982-07-12,0.0
4576,1982-07-13,0.0
4577,1982-07-14,9.7
4578,1982-07-15,1.8
4579,1982-07-16,0.1
4580,1982-07-17,0.0
4581,1982-07-18,0.0
4582,1982-07-19,0.0
4583,1982-07-20,0.7
4584,1982-07-21,0.7
4585,1982-07-22,0.1
4586,1982-07-23,0.2
4587,1982-07-24,0.7
4588,1982-07-25,0.2
4589,1982-07-26,0.3
4590,1982-07-27,0.3
4591,1982-07-28,0.4
4592,1982-07-29,0.1
4593,1982-07-30,8.7
4594,1982-07-31,0.3
4595,1982-08-01,1.3
4596,1982-08-02,1.1
4597,1982-08-03,7.5
4598,1982-08-04,16.8
4599,1982-08-05,5.3
4600,1982-08-06,2.5
4601,1982-08-07,0.5
4602,1982-08-08,0.7
4603,1982-08-09,0.8
4604,1982-08-10,0.7
4605,1982-08-11,0.0
4606,1982-08-12,0.2
4607,1982-08-13,0.0
4608,1982-08-14,1.4
4609,1982-08-15,3.2
4610,1982-08-16,0.3
4611,1982-08-17,1.5
4612,1982-08-18,3.9
4613,1982-08-19,0.2
4614,1982-08-20,0.5
4615,1982-08-21,0.5
4616,1982-08-22,0.2
4617,1982-08-23,1.0
4618,1982-08-24,2.1
4619,1982-08-25,2.3
4620,1982-08-26,3.0
4621,1982-08-27,0.6
4622,1982-08-28,0.1
4623,1982-08-29,0.0
4624,1982-08-30,0.8
4625,1982-08-31,3.8
4626,1982-09-01,0.2
4627,1982-09-02,1.4
4628,1982-09-03,0.0
4629,1982-09-04,0.0
4630,1982-09-05,0.0
4631,1982-09-06,0.3
4632,1982-09-07,1.0
4633,1982-09-08,0.0
4634,1982-09-09,0.1
4635,1982-09-10,0.0
4636,1982-09-11,0.0
4637,1982-09-12,0.0
4638,1982-09-13,0.0
4639,1982-09-14,0.0
4640,1982-09-15,0.0
4641,1982-09-16,0.0
4642,1982-09-17,0.2
4643,1982-09-18,0.3
4644,1982-09-19,2.6
4645,1982-09-20,13.5
4646,1982-09-21,6.9
4647,1982-09-22,0.0
4648,1982-09-23,3.8
4649,1982-09-24,1.0
4650,1982-09-25,27.7
4651,1982-09-26,12.1
4652,1982-09-27,1.9
4653,1982-09-28,0.1
4654,1982-09-29,6.6
4655,1982-09-30,7.8
4656,1982-10-01,0.0
4657,1982-10-02,0.2
4658,1982-10-03,2.4
4659,1982-10-04,7.0
4660,1982-10-05,6.2
4661,1982-10-06,10.2
4662,1982-10-07,4.6
4663,1982-10-08,3.8
4664,1982-10-09,1.8
4665,1982-10-10,5.7
4666,1982-10-11,14.0
4667,1982-10-12,4.0
4668,1982-10-13,8.6
4669,1982-10-14,9.2
4670,1982-10-15,1.6
4671,1982-10-16,1.5
4672,1982-10-17,3.1
4673,1982-10-18,5.8
4674,1982-10-19,0.0
4675,1982-10-20,0.0
4676,1982-10-21,0.0
4677,1982-10-22,10.2
4678,1982-10-23,6.2
4679,1982-10-24,0.0
4680,1982-10-25,3.5
4681,1982-10-26,0.7
4682,1982-10-27,0.1
4683,1982-10-28,0.1
4684,1982-10-29,0.1
4685,1982-10-30,0.3
4686,1982-10-31,0.0
4687,1982-11-01,0.0
4688,1982-11-02,0.0
4689,1982-11-03,0.1
4690,1982-11-04,0.7
4691,1982-11-05,0.6
4692,1982-11-06,0.0
4693,1982-11-07,2.9
4694,1982-11-08,8.3
4695,1982-11-09,0.6
4696,1982-11-10,0.9
4697,1982-11-11,0.0
4698,1982-11-12,10.2
4699,1982-11-13,2.5
4700,1982-11-14,3.2
4701,1982-11-15,0.3
4702,1982-11-16,6.4
4703,1982-11-17,6.1
4704,1982-11-18,3.5
4705,1982-11-19,0.8
4706,1982-11-20,0.1
4707,1982-11-21,0.0
4708,1982-11-22,6.7
4709,1982-11-23,0.4
4710,1982-11-24,3.7
4711,1982-11-25,4.8
4712,1982-11-26,1.8
4713,1982-11-27,0.0
4714,1982-11-28,0.1
4715,1982-11-29,0.0
4716,1982-11-30,0.0
4717,1982-12-01,0.0
4718,1982-12-02,0.1
4719,1982-12-03,0.2
4720,1982-12-04,0.1
4721,1982-12-05,4.4
4722,1982-12-06,15.1
4723,1982-12-07,2.8
4724,1982-12-08,1.5
4725,1982-12-09,6.1
4726,1982-12-10,5.1
4727,1982-12-11,0.8
4728,1982-12-12,7.0
4729,1982-12-13,0.3
4730,1982-12-14,0.4
4731,1982-12-15,7.8
4732,1982-12-16,10.3
4733,1982-12-17,1.4
4734,1982-12-18,0.5
4735,1982-12-19,3.1
4736,1982-12-20,10.3
4737,1982-12-21,1.0
4738,1982-12-22,0.5
4739,1982-12-23,0.0
4740,1982-12-24,0.8
4741,1982-12-25,0.6
4742,1982-12-26,0.5
4743,1982-12-27,2.6
4744,1982-12-28,0.0
4745,1982-12-29,0.1
4746,1982-12-30,0.0
4747,1982-12-31,0.0
4748,1983-01-01,0.4
4749,1983-01-02,3.7
4750,1983-01-03,0.7
4751,1983-01-04,1.9
4752,1983-01-05,3.1
4753,1983-01-06,1.8
4754,1983-01-07,2.3
4755,1983-01-08,2.4
4756,1983-01-09,1.6
4757,1983-01-10,0.0
4758,1983-01-11,0.1
4759,1983-01-12,0.1
4760,1983-01-13,4.9
4761,1983-01-14,9.3
4762,1983-01-15,2.6
4763,1983-01-16,0.5
4764,1983-01-17,0.2
4765,1983-01-18,0.8
4766,1983-01-19,0.3
4767,1983-01-20,0.1
4768,1983-01-21,0.1
4769,1983-01-22,0.1
4770,1983-01-23,0.0
4771,1983-01-24,0.0
4772,1983-01-25,0.6
4773,1983-01-26,0.2
4774,1983-01-27,1.2
4775,1983-01-28,0.7
4776,1983-01-29,0.7
4777,1983-01-30,6.2
4778,1983-01-31,10.8
4779,1983-02-01,4.6
4780,1983-02-02,0.5
4781,1983-02-03,1.0
4782,1983-02-04,0.0
4783,1983-02-05,5.3
4784,1983-02-06,5.7
4785,1983-02-07,1.5
4786,1983-02-08,1.3
4787,1983-02-09,0.4
4788,1983-02-10,0.5
4789,1983-02-11,0.9
4790,1983-02-12,0.0
4791,1983-02-13,0.0
4792,1983-02-14,0.0
4793,1983-02-15,0.0
4794,1983-02-16,0.0
4795,1983-02-17,0.0
4796,1983-02-18,0.0
4797,1983-02-19,0.0
4798,1983-02-20,0.0
4799,1983-02-21,0.0
4800,1983-02-22,0.0
4801,1983-02-23,0.0
4802,1983-02-24,1.1
4803,1983-02-25,12.5
4804,1983-02-26,9.0
4805,1983-02-27,5.0
4806,1983-02-28,2.2
4807,1983-03-01,2.5
4808,1983-03-02,0.6
4809,1983-03-03,0.0
4810,1983-03-04,0.0
4811,1983-03-05,0.0
4812,1983-03-06,0.0
4813,1983-03-07,0.1
4814,1983-03-08,0.2
4815,1983-03-09,0.0
4816,1983-03-10,0.1
4817,1983-03-11,0.2
4818,1983-03-12,0.1
4819,1983-03-13,1.7
4820,1983-03-14,3.8
4821,1983-03-15,3.2
4822,1983-03-16,0.0
4823,1983-03-17,1.4
4824,1983-03-18,2.1
4825,1983-03-19,1.6
4826,1983-03-20,1.4
4827,1983-03-21,3.7
4828,1983-03-22,1.3
4829,1983-03-23,7.4
4830,1983-03-24,10.0
4831,1983-03-25,4.1
4832,1983-03-26,1.1
4833,1983-03-27,4.0
4834,1983-03-28,1.4
4835,1983-03-29,0.4
4836,1983-03-30,2.6
4837,1983-03-31,5.4
4838,1983-04-01,8.8
4839,1983-04-02,1.1
4840,1983-04-03,6.4
4841,1983-04-04,6.2
4842,1983-04-05,5.2
4843,1983-04-06,1.4
4844,1983-04-07,1.6
4845,1983-04-08,7.6
4846,1983-04-09,2.9
4847,1983-04-10,5.3
4848,1983-04-11,3.1
4849,1983-04-12,3.1
4850,1983-04-13,0.5
4851,1983-04-14,0.7
4852,1983-04-15,0.0
4853,1983-04-16,0.0
4854,1983-04-17,4.0
4855,1983-04-18,6.6
4856,1983-04-19,4.4
4857,1983-04-20,6.1
4858,1983-04-21,6.4
4859,1983-04-22,2.3
4860,1983-04-23,8.5
4861,1983-04-24,0.0
4862,1983-04-25,3.8
4863,1983-04-26,0.6
4864,1983-04-27,1.7
4865,1983-04-28,0.9
4866,1983-04-29,0.4
4867,1983-04-30,9.0
4868,1983-05-01,4.9
4869,1983-05-02,4.0
4870,1983-05-03,1.6
4871,1983-05-04,6.5
4872,1983-05-05,0.2
4873,1983-05-06,4.0
4874,1983-05-07,1.6
4875,1983-05-08,3.2
4876,1983-05-09,2.3
4877,1983-05-10,5.8
4878,1983-05-11,10.2
4879,1983-05-12,7.4
4880,1983-05-13,4.0
4881,1983-05-14,0.8
4882,1983-05-15,3.1
4883,1983-05-16,3.6
4884,1983-05-17,0.7
4885,1983-05-18,4.2
4886,1983-05-19,3.0
4887,1983-05-20,4.8
4888,1983-05-21,5.8
4889,1983-05-22,0.2
4890,1983-05-23,0.9
4891,1983-05-24,0.2
4892,1983-05-25,0.0
4893,1983-05-26,0.1
4894,1983-05-27,1.2
4895,1983-05-28,6.8
4896,1983-05-29,2.3
4897,1983-05-30,0.3
4898,1983-05-31,3.3
4899,1983-06-01,3.6
4900,1983-06-02,0.9
4901,1983-06-03,0.0
4902,1983-06-04,0.0
4903,1983-06-05,1.5
4904,1983-06-06,8.5
4905,1983-06-07,0.0
4906,1983-06-08,4.8
4907,1983-06-09,0.7
4908,1983-06-10,0.7
4909,1983-06-11,0.1
4910,1983-06-12,0.4
4911,1983-06-13,0.0
4912,1983-06-14,0.8
4913,1983-06-15,0.1
4914,1983-06-16,0.0
4915,1983-06-17,0.0
4916,1983-06-18,1.0
4917,1983-06-19,0.0
4918,1983-06-20,0.0
4919,1983-06-21,8.1
4920,1983-06-22,0.9
4921,1983-06-23,2.8
4922,1983-06-24,9.6
4923,1983-06-25,9.1
4924,1983-06-26,7.8
4925,1983-06-27,0.7
4926,1983-06-28,0.0
4927,1983-06-29,0.4
4928,1983-06-30,13.0
4929,1983-07-01,0.2
4930,1983-07-02,0.0
4931,1983-07-03,0.1
4932,1983-07-04,0.0
4933,1983-07-05,6.7
4934,1983-07-06,3.5
4935,1983-07-07,0.9
4936,1983-07-08,0.2
4937,1983-07-09,0.6
4938,1983-07-10,0.2
4939,1983-07-11,0.0
4940,1983-07-12,0.0
4941,1983-07-13,0.0
4942,1983-07-14,0.0
4943,1983-07-15,0.0
4944,1983-07-16,0.0
4945,1983-07-17,0.1
4946,1983-07-18,6.8
4947,1983-07-19,0.9
4948,1983-07-20,0.0
4949,1983-07-21,0.0
4950,1983-07-22,0.0
4951,1983-07-23,9.6
4952,1983-07-24,0.5
4953,1983-07-25,0.0
4954,1983-07-26,3.5
4955,1983-07-27,1.6
4956,1983-07-28,5.5
4957,1983-07-29,0.0
4958,1983-07-30,0.0
4959,1983-07-31,0.0
4960,1983-08-01,7.8
4961,1983-08-02,5.6
4962,1983-08-03,0.1
4963,1983-08-04,0.0
4964,1983-08-05,0.1
4965,1983-08-06,0.6
4966,1983-08-07,0.2
4967,1983-08-08,0.0
4968,1983-08-09,0.0
4969,1983-08-10,1.7
4970,1983-08-11,0.0
4971,1983-08-12,0.0
4972,1983-08-13,0.0
4973,1983-08-14,0.0
4974,1983-08-15,0.0
4975,1983-08-16,0.5
4976,1983-08-17,0.0
4977,1983-08-18,0.0
4978,1983-08-19,0.2
4979,1983-08-20,0.3
4980,1983-08-21,1.7
4981,1983-08-22,0.4
4982,1983-08-23,0.4
4983,1983-08-24,4.2
4984,1983-08-25,3.2
4985,1983-08-26,0.1
4986,1983-08-27,0.0
4987,1983-08-28,0.0
4988,1983-08-29,0.0
4989,1983-08-30,0.0
4990,1983-08-31,3.0
4991,1983-09-01,9.4
4992,1983-09-02,0.3
4993,1983-09-03,1.0
4994,1983-09-04,0.1
4995,1983-09-05,0.3
4996,1983-09-06,0.0
4997,1983-09-07,0.0
4998,1983-09-08,0.7
4999,1983-09-09,5.0
5000,1983-09-10,2.8
5001,1983-09-11,8.1
5002,1983-09-12,0.8
5003,1983-09-13,5.5
5004,1983-09-14,2.0
5005,1983-09-15,4.3
5006,1983-09-16,1.7
5007,1983-09-17,1.1
5008,1983-09-18,2.1
5009,1983-09-19,2.2
5010,1983-09-20,0.0
5011,1983-09-21,10.7
5012,1983-09-22,0.1
5013,1983-09-23,0.0
5014,1983-09-24,0.0
5015,1983-09-25,0.0
5016,1983-09-26,0.0
5017,1983-09-27,0.0
5018,1983-09-28,0.0
5019,1983-09-29,0.2
5020,1983-09-30,0.1
5021,1983-10-01,1.8
5022,1983-10-02,3.8
5023,1983-10-03,0.1
5024,1983-10-04,0.0
5025,1983-10-05,0.0
5026,1983-10-06,0.1
5027,1983-10-07,0.7
5028,1983-10-08,0.4
5029,1983-10-09,4.3
5030,1983-10-10,0.2
5031,1983-10-11,2.4
5032,1983-10-12,0.0
5033,1983-10-13,2.7
5034,1983-10-14,1.5
5035,1983-10-15,1.5
5036,1983-10-16,8.0
5037,1983-10-17,1.5
5038,1983-10-18,1.4
5039,1983-10-19,1.7
5040,1983-10-20,0.0
5041,1983-10-21,0.0
5042,1983-10-22,0.0
5043,1983-10-23,0.0
5044,1983-10-24,0.0
5045,1983-10-25,0.0
5046,1983-10-26,0.0
5047,1983-10-27,0.0
5048,1983-10-28,1.4
5049,1983-10-29,0.0
5050,1983-10-30,0.0
5051,1983-10-31,0.2
5052,1983-11-01,0.1
5053,1983-11-02,0.2
5054,1983-11-03,0.0
5055,1983-11-04,0.0
5056,1983-11-05,0.1
5057,1983-11-06,0.1
5058,1983-11-07,0.0
5059,1983-11-08,0.0
5060,1983-11-09,0.0
5061,1983-11-10,0.0
5062,1983-11-11,0.0
5063,1983-11-12,0.0
5064,1983-11-13,0.0
5065,1983-11-14,0.0
5066,1983-11-15,0.0
5067,1983-11-16,0.1
5068,1983-11-17,0.2
5069,1983-11-18,0.0
5070,1983-11-19,0.0
5071,1983-11-20,0.0
5072,1983-11-21,0.1
5073,1983-11-22,0.0
5074,1983-11-23,0.0
5075,1983-11-24,3.5
5076,1983-11-25,6.7
5077,1983-11-26,10.7
5078,1983-11-27,10.0
5079,1983-11-28,2.6
5080,1983-11-29,0.1
5081,1983-11-30,0.1
5082,1983-12-01,0.0
5083,1983-12-02,0.0
5084,1983-12-03,0.0
5085,1983-12-04,0.0
5086,1983-12-05,0.0
5087,1983-12-06,0.1
5088,1983-12-07,0.1
5089,1983-12-08,1.0
5090,1983-12-09,5.1
5091,1983-12-10,2.2
5092,1983-12-11,0.0
5093,1983-12-12,0.2
5094,1983-12-13,0.0
5095,1983-12-14,0.0
5096,1983-12-15,0.1
5097,1983-12-16,1.6
5098,1983-12-17,2.4
5099,1983-12-18,3.5
5100,1983-12-19,0.9
5101,1983-12-20,1.4
5102,1983-12-21,0.1
5103,1983-12-22,2.8
5104,1983-12-23,2.4
5105,1983-12-24,1.3
5106,1983-12-25,7.0
5107,1983-12-26,2.8
5108,1983-12-27,0.1
5109,1983-12-28,0.1
5110,1983-12-29,0.1
5111,1983-12-30,0.1
5112,1983-12-31,0.0
5113,1984-01-01,0.1
5114,1984-01-02,2.4
5115,1984-01-03,9.4
5116,1984-01-04,1.8
5117,1984-01-05,3.8
5118,1984-01-06,0.4
5119,1984-01-07,6.2
5120,1984-01-08,1.5
5121,1984-01-09,0.3
5122,1984-01-10,0.8
5123,1984-01-11,0.3
5124,1984-01-12,3.1
5125,1984-01-13,4.7
5126,1984-01-14,12.0
5127,1984-01-15,1.2
5128,1984-01-16,9.7
5129,1984-01-17,6.7
5130,1984-01-18,1.3
5131,1984-01-19,4.1
5132,1984-01-20,0.1
5133,1984-01-21,0.0
5134,1984-01-22,6.8
5135,1984-01-23,11.4
5136,1984-01-24,7.7
5137,1984-01-25,0.4
5138,1984-01-26,6.2
5139,1984-01-27,1.5
5140,1984-01-28,4.0
5141,1984-01-29,8.5
5142,1984-01-30,6.6
5143,1984-01-31,3.8
5144,1984-02-01,9.7
5145,1984-02-02,1.6
5146,1984-02-03,6.7
5147,1984-02-04,1.4
5148,1984-02-05,2.5
5149,1984-02-06,9.4
5150,1984-02-07,4.3
5151,1984-02-08,9.3
5152,1984-02-09,0.2
5153,1984-02-10,0.0
5154,1984-02-11,0.1
5155,1984-02-12,0.0
5156,1984-02-13,0.0
5157,1984-02-14,0.0
5158,1984-02-15,0.0
5159,1984-02-16,0.0
5160,1984-02-17,0.0
5161,1984-02-18,0.0
5162,1984-02-19,0.0
5163,1984-02-20,1.5
5164,1984-02-21,6.0
5165,1984-02-22,2.6
5166,1984-02-23,1.4
5167,1984-02-24,0.3
5168,1984-02-25,0.3
5169,1984-02-26,0.8
5170,1984-02-27,6.0
5171,1984-02-28,1.3
5172,1984-02-29,0.0
5173,1984-03-01,0.2
5174,1984-03-02,2.4
5175,1984-03-03,4.3
5176,1984-03-04,0.2
5177,1984-03-05,0.2
5178,1984-03-06,0.0
5179,1984-03-07,0.0
5180,1984-03-08,0.0
5181,1984-03-09,0.0
5182,1984-03-10,1.0
5183,1984-03-11,1.6
5184,1984-03-12,1.0
5185,1984-03-13,0.0
5186,1984-03-14,0.0
5187,1984-03-15,0.0
5188,1984-03-16,0.0
5189,1984-03-17,0.0
5190,1984-03-18,0.3
5191,1984-03-19,0.4
5192,1984-03-20,0.0
5193,1984-03-21,0.0
5194,1984-03-22,0.1
5195,1984-03-23,0.1
5196,1984-03-24,6.8
5197,1984-03-25,2.0
5198,1984-03-26,7.2
5199,1984-03-27,6.8
5200,1984-03-28,9.3
5201,1984-03-29,4.0
5202,1984-03-30,1.0
5203,1984-03-31,3.9
5204,1984-04-01,16.0
5205,1984-04-02,0.1
5206,1984-04-03,0.5
5207,1984-04-04,0.1
5208,1984-04-05,4.9
5209,1984-04-06,9.4
5210,1984-04-07,1.1
5211,1984-04-08,0.8
5212,1984-04-09,0.7
5213,1984-04-10,2.8
5214,1984-04-11,0.0
5215,1984-04-12,1.3
5216,1984-04-13,0.0
5217,1984-04-14,0.0
5218,1984-04-15,3.4
5219,1984-04-16,0.8
5220,1984-04-17,0.0
5221,1984-04-18,0.0
5222,1984-04-19,0.0
5223,1984-04-20,0.0
5224,1984-04-21,0.0
5225,1984-04-22,0.0
5226,1984-04-23,0.0
5227,1984-04-24,0.0
5228,1984-04-25,0.0
5229,1984-04-26,0.0
5230,1984-04-27,0.0
5231,1984-04-28,0.0
5232,1984-04-29,0.0
5233,1984-04-30,0.0
5234,1984-05-01,0.0
5235,1984-05-02,3.7
5236,1984-05-03,4.2
5237,1984-05-04,0.1
5238,1984-05-05,0.4
5239,1984-05-06,1.8
5240,1984-05-07,4.8
5241,1984-05-08,0.4
5242,1984-05-09,0.0
5243,1984-05-10,0.4
5244,1984-05-11,5.4
5245,1984-05-12,2.2
5246,1984-05-13,1.1
5247,1984-05-14,6.3
5248,1984-05-15,1.4
5249,1984-05-16,0.9
5250,1984-05-17,8.7
5251,1984-05-18,0.1
5252,1984-05-19,8.3
5253,1984-05-20,5.6
5254,1984-05-21,1.7
5255,1984-05-22,3.8
5256,1984-05-23,0.0
5257,1984-05-24,5.6
5258,1984-05-25,0.2
5259,1984-05-26,4.9
5260,1984-05-27,5.2
5261,1984-05-28,2.5
5262,1984-05-29,25.4
5263,1984-05-30,1.2
5264,1984-05-31,0.3
5265,1984-06-01,4.6
5266,1984-06-02,0.9
5267,1984-06-03,15.4
5268,1984-06-04,3.8
5269,1984-06-05,0.7
5270,1984-06-06,0.5
5271,1984-06-07,6.0
5272,1984-06-08,0.2
5273,1984-06-09,0.0
5274,1984-06-10,0.0
5275,1984-06-11,0.6
5276,1984-06-12,0.1
5277,1984-06-13,0.0
5278,1984-06-14,0.1
5279,1984-06-15,0.0
5280,1984-06-16,0.0
5281,1984-06-17,0.0
5282,1984-06-18,0.1
5283,1984-06-19,0.0
5284,1984-06-20,2.2
5285,1984-06-21,1.2
5286,1984-06-22,0.1
5287,1984-06-23,1.3
5288,1984-06-24,0.8
5289,1984-06-25,0.2
5290,1984-06-26,0.1
5291,1984-06-27,0.0
5292,1984-06-28,0.3
5293,1984-06-29,0.2
5294,1984-06-30,0.4
5295,1984-07-01,0.9
5296,1984-07-02,1.1
5297,1984-07-03,0.3
5298,1984-07-04,0.3
5299,1984-07-05,0.0
5300,1984-07-06,0.0
5301,1984-07-07,0.0
5302,1984-07-08,0.0
5303,1984-07-09,10.3
5304,1984-07-10,8.0
5305,1984-07-11,8.8
5306,1984-07-12,0.4
5307,1984-07-13,0.7
5308,1984-07-14,8.2
5309,1984-07-15,1.6
5310,1984-07-16,0.5
5311,1984-07-17,0.6
5312,1984-07-18,0.1
5313,1984-07-19,0.1
5314,1984-07-20,0.0
5315,1984-07-21,0.0
5316,1984-07-22,0.0
5317,1984-07-23,0.0
5318,1984-07-24,0.0
5319,1984-07-25,8.2
5320,1984-07-26,0.2
5321,1984-07-27,0.0
5322,1984-07-28,0.0
5323,1984-07-29,0.0
5324,1984-07-30,2.2
5325,1984-07-31,12.1
5326,1984-08-01,0.6
5327,1984-08-02,3.5
5328,1984-08-03,5.9
5329,1984-08-04,0.1
5330,1984-08-05,2.9
5331,1984-08-06,0.0
5332,1984-08-07,7.8
5333,1984-08-08,0.8
5334,1984-08-09,0.2
5335,1984-08-10,0.0
5336,1984-08-11,0.1
5337,1984-08-12,0.2
5338,1984-08-13,11.2
5339,1984-08-14,3.0
5340,1984-08-15,1.2
5341,1984-08-16,0.3
5342,1984-08-17,0.8
5343,1984-08-18,0.0
5344,1984-08-19,0.0
5345,1984-08-20,0.0
5346,1984-08-21,0.0
5347,1984-08-22,0.8
5348,1984-08-23,0.9
5349,1984-08-24,3.2
5350,1984-08-25,1.3
5351,1984-08-26,0.0
5352,1984-08-27,0.0
5353,1984-08-28,0.1
5354,1984-08-29,0.0
5355,1984-08-30,1.0
5356,1984-08-31,0.0
5357,1984-09-01,0.1
5358,1984-09-02,0.0
5359,1984-09-03,0.8
5360,1984-09-04,7.3
5361,1984-09-05,3.1
5362,1984-09-06,0.4
5363,1984-09-07,5.8
5364,1984-09-08,4.8
5365,1984-09-09,5.2
5366,1984-09-10,1.2
5367,1984-09-11,0.4
5368,1984-09-12,0.9
5369,1984-09-13,0.3
5370,1984-09-14,5.5
5371,1984-09-15,11.4
5372,1984-09-16,1.3
5373,1984-09-17,5.5
5374,1984-09-18,1.3
5375,1984-09-19,0.2
5376,1984-09-20,0.9
5377,1984-09-21,3.6
5378,1984-09-22,21.1
5379,1984-09-23,3.7
5380,1984-09-24,3.9
5381,1984-09-25,0.8
5382,1984-09-26,4.4
5383,1984-09-27,0.2
5384,1984-09-28,1.0
5385,1984-09-29,3.8
5386,1984-09-30,7.8
5387,1984-10-01,28.1
5388,1984-10-02,3.6
5389,1984-10-03,0.2
5390,1984-10-04,7.3
5391,1984-10-05,6.0
5392,1984-10-06,6.4
5393,1984-10-07,0.1
5394,1984-10-08,0.4
5395,1984-10-09,0.5
5396,1984-10-10,0.3
5397,1984-10-11,1.8
5398,1984-10-12,0.2
5399,1984-10-13,0.3
5400,1984-10-14,0.0
5401,1984-10-15,0.1
5402,1984-10-16,0.0
5403,1984-10-17,0.6
5404,1984-10-18,2.9
5405,1984-10-19,14.2
5406,1984-10-20,0.4
5407,1984-10-21,0.3
5408,1984-10-22,3.2
5409,1984-10-23,1.8
5410,1984-10-24,1.9
5411,1984-10-25,9.2
5412,1984-10-26,4.6
5413,1984-10-27,0.0
5414,1984-10-28,0.5
5415,1984-10-29,0.2
5416,1984-10-30,0.0
5417,1984-10-31,0.0
5418,1984-11-01,0.0
5419,1984-11-02,1.2
5420,1984-11-03,2.7
5421,1984-11-04,0.0
5422,1984-11-05,1.9
5423,1984-11-06,1.2
5424,1984-11-07,0.4
5425,1984-11-08,4.5
5426,1984-11-09,0.1
5427,1984-11-10,0.7
5428,1984-11-11,0.0
5429,1984-11-12,0.0
5430,1984-11-13,0.0
5431,1984-11-14,5.8
5432,1984-11-15,1.4
5433,1984-11-16,5.6
5434,1984-11-17,4.4
5435,1984-11-18,3.0
5436,1984-11-19,2.4
5437,1984-11-20,1.7
5438,1984-11-21,10.6
5439,1984-11-22,14.3
5440,1984-11-23,7.1
5441,1984-11-24,0.7
5442,1984-11-25,1.1
5443,1984-11-26,0.0
5444,1984-11-27,0.0
5445,1984-11-28,0.1
5446,1984-11-29,0.1
5447,1984-11-30,0.0
5448,1984-12-01,1.1
5449,1984-12-02,0.0
5450,1984-12-03,3.1
5451,1984-12-04,0.7
5452,1984-12-05,0.1
5453,1984-12-06,0.7
5454,1984-12-07,0.1
5455,1984-12-08,0.1
5456,1984-12-09,0.4
5457,1984-12-10,0.0
5458,1984-12-11,0.0
5459,1984-12-12,0.0
5460,1984-12-13,4.5
5461,1984-12-14,0.3
5462,1984-12-15,2.0
5463,1984-12-16,0.3
5464,1984-12-17,9.3
5465,1984-12-18,10.9
5466,1984-12-19,6.9
5467,1984-12-20,1.9
5468,1984-12-21,0.7
5469,1984-12-22,0.0
5470,1984-12-23,0.2
5471,1984-12-24,3.4
5472,1984-12-25,1.1
5473,1984-12-26,4.2
5474,1984-12-27,1.3
5475,1984-12-28,0.1
5476,1984-12-29,0.0
5477,1984-12-30,0.0
5478,1984-12-31,2.3
5479,1985-01-01,1.5
5480,1985-01-02,0.2
5481,1985-01-03,0.7
5482,1985-01-04,0.5
5483,1985-01-05,0.0
5484,1985-01-06,2.7
5485,1985-01-07,1.0
5486,1985-01-08,0.0
5487,1985-01-09,2.6
5488,1985-01-10,0.2
5489,1985-01-11,0.3
5490,1985-01-12,2.1
5491,1985-01-13,0.1
5492,1985-01-14,0.0
5493,1985-01-15,0.3
5494,1985-01-16,0.1
5495,1985-01-17,0.0
5496,1985-01-18,0.9
5497,1985-01-19,0.1
5498,1985-01-20,1.6
5499,1985-01-21,5.5
5500,1985-01-22,6.2
5501,1985-01-23,1.1
5502,1985-01-24,0.3
5503,1985-01-25,10.4
5504,1985-01-26,2.9
5505,1985-01-27,0.0
5506,1985-01-28,1.1
5507,1985-01-29,0.1
5508,1985-01-30,0.9
5509,1985-01-31,0.5
5510,1985-02-01,0.2
5511,1985-02-02,1.0
5512,1985-02-03,0.0
5513,1985-02-04,0.0
5514,1985-02-05,0.3
5515,1985-02-06,0.4
5516,1985-02-07,0.2
5517,1985-02-08,6.5
5518,1985-02-09,15.1
5519,1985-02-10,0.0
5520,1985-02-11,0.0
5521,1985-02-12,0.0
5522,1985-02-13,0.2
5523,1985-02-14,0.0
5524,1985-02-15,0.0
5525,1985-02-16,0.0
5526,1985-02-17,0.0
5527,1985-02-18,0.0
5528,1985-02-19,0.0
5529,1985-02-20,0.0
5530,1985-02-21,0.0
5531,1985-02-22,0.0
5532,1985-02-23,0.0
5533,1985-02-24,0.0
5534,1985-02-25,0.0
5535,1985-02-26,0.0
5536,1985-02-27,0.0
5537,1985-02-28,0.0
5538,1985-03-01,5.7
5539,1985-03-02,0.9
5540,1985-03-03,2.1
5541,1985-03-04,7.7
5542,1985-03-05,0.5
5543,1985-03-06,0.0
5544,1985-03-07,0.0
5545,1985-03-08,0.0
5546,1985-03-09,0.0
5547,1985-03-10,0.3
5548,1985-03-11,1.2
5549,1985-03-12,0.0
5550,1985-03-13,0.1
5551,1985-03-14,5.0
5552,1985-03-15,2.6
5553,1985-03-16,5.6
5554,1985-03-17,0.7
5555,1985-03-18,0.0
5556,1985-03-19,0.0
5557,1985-03-20,0.4
5558,1985-03-21,2.5
5559,1985-03-22,8.1
5560,1985-03-23,3.7
5561,1985-03-24,0.7
5562,1985-03-25,4.0
5563,1985-03-26,7.9
5564,1985-03-27,5.3
5565,1985-03-28,1.2
5566,1985-03-29,0.0
5567,1985-03-30,2.3
5568,1985-03-31,6.5
5569,1985-04-01,1.9
5570,1985-04-02,0.4
5571,1985-04-03,0.0
5572,1985-04-04,0.2
5573,1985-04-05,15.4
5574,1985-04-06,7.1
5575,1985-04-07,9.7
5576,1985-04-08,2.2
5577,1985-04-09,0.2
5578,1985-04-10,2.7
5579,1985-04-11,11.8
5580,1985-04-12,2.0
5581,1985-04-13,5.2
5582,1985-04-14,6.0
5583,1985-04-15,0.0
5584,1985-04-16,0.1
5585,1985-04-17,0.3
5586,1985-04-18,0.0
5587,1985-04-19,0.0
5588,1985-04-20,0.0
5589,1985-04-21,1.9
5590,1985-04-22,1.4
5591,1985-04-23,0.3
5592,1985-04-24,0.0
5593,1985-04-25,0.1
5594,1985-04-26,0.0
5595,1985-04-27,4.7
5596,1985-04-28,1.3
5597,1985-04-29,3.4
5598,1985-04-30,2.7
5599,1985-05-01,1.2
5600,1985-05-02,3.1
5601,1985-05-03,0.9
5602,1985-05-04,0.3
5603,1985-05-05,4.9
5604,1985-05-06,0.8
5605,1985-05-07,0.3
5606,1985-05-08,3.9
5607,1985-05-09,5.4
5608,1985-05-10,0.9
5609,1985-05-11,0.4
5610,1985-05-12,10.0
5611,1985-05-13,0.0
5612,1985-05-14,22.3
5613,1985-05-15,0.8
5614,1985-05-16,0.2
5615,1985-05-17,3.4
5616,1985-05-18,0.2
5617,1985-05-19,8.4
5618,1985-05-20,2.9
5619,1985-05-21,0.7
5620,1985-05-22,7.0
5621,1985-05-23,1.2
5622,1985-05-24,0.2
5623,1985-05-25,0.0
5624,1985-05-26,0.2
5625,1985-05-27,6.3
5626,1985-05-28,1.2
5627,1985-05-29,0.0
5628,1985-05-30,0.0
5629,1985-05-31,0.0
5630,1985-06-01,0.0
5631,1985-06-02,0.0
5632,1985-06-03,0.3
5633,1985-06-04,10.9
5634,1985-06-05,6.1
5635,1985-06-06,7.8
5636,1985-06-07,4.6
5637,1985-06-08,2.1
5638,1985-06-09,4.6
5639,1985-06-10,8.6
5640,1985-06-11,0.4
5641,1985-06-12,2.4
5642,1985-06-13,0.8
5643,1985-06-14,1.5
5644,1985-06-15,0.6
5645,1985-06-16,0.4
5646,1985-06-17,0.1
5647,1985-06-18,0.6
5648,1985-06-19,1.3
5649,1985-06-20,2.9
5650,1985-06-21,7.8
5651,1985-06-22,2.1
5652,1985-06-23,7.1
5653,1985-06-24,7.0
5654,1985-06-25,1.6
5655,1985-06-26,2.9
5656,1985-06-27,1.6
5657,1985-06-28,0.7
5658,1985-06-29,0.6
5659,1985-06-30,0.0
5660,1985-07-01,0.3
5661,1985-07-02,0.0
5662,1985-07-03,0.0
5663,1985-07-04,2.0
5664,1985-07-05,5.3
5665,1985-07-06,0.0
5666,1985-07-07,0.0
5667,1985-07-08,0.0
5668,1985-07-09,0.0
5669,1985-07-10,0.3
5670,1985-07-11,0.1
5671,1985-07-12,0.0
5672,1985-07-13,0.0
5673,1985-07-14,0.7
5674,1985-07-15,0.5
5675,1985-07-16,0.0
5676,1985-07-17,0.0
5677,1985-07-18,6.5
5678,1985-07-19,0.5
5679,1985-07-20,1.4
5680,1985-07-21,0.6
5681,1985-07-22,0.0
5682,1985-07-23,0.4
5683,1985-07-24,0.0
5684,1985-07-25,0.0
5685,1985-07-26,5.4
5686,1985-07-27,0.4
5687,1985-07-28,10.2
5688,1985-07-29,8.6
5689,1985-07-30,3.3
5690,1985-07-31,7.0
5691,1985-08-01,0.9
5692,1985-08-02,0.0
5693,1985-08-03,6.5
5694,1985-08-04,1.4
5695,1985-08-05,4.1
5696,1985-08-06,2.7
5697,1985-08-07,2.5
5698,1985-08-08,1.5
5699,1985-08-09,0.2
5700,1985-08-10,7.3
5701,1985-08-11,6.3
5702,1985-08-12,0.6
5703,1985-08-13,1.4
5704,1985-08-14,4.8
5705,1985-08-15,0.0
5706,1985-08-16,0.3
5707,1985-08-17,3.5
5708,1985-08-18,0.5
5709,1985-08-19,8.8
5710,1985-08-20,0.0
5711,1985-08-21,0.2
5712,1985-08-22,0.3
5713,1985-08-23,0.0
5714,1985-08-24,7.9
5715,1985-08-25,0.7
5716,1985-08-26,0.5
5717,1985-08-27,0.0
5718,1985-08-28,0.0
5719,1985-08-29,0.0
5720,1985-08-30,0.0
5721,1985-08-31,1.2
5722,1985-09-01,0.5
5723,1985-09-02,2.4
5724,1985-09-03,11.9
5725,1985-09-04,1.2
5726,1985-09-05,5.1
5727,1985-09-06,0.0
5728,1985-09-07,0.0
5729,1985-09-08,0.3
5730,1985-09-09,0.2
5731,1985-09-10,0.0
5732,1985-09-11,0.0
5733,1985-09-12,0.0
5734,1985-09-13,0.9
5735,1985-09-14,0.0
5736,1985-09-15,7.2
5737,1985-09-16,0.3
5738,1985-09-17,0.1
5739,1985-09-18,0.0
5740,1985-09-19,0.0
5741,1985-09-20,0.2
5742,1985-09-21,0.0
5743,1985-09-22,0.0
5744,1985-09-23,0.7
5745,1985-09-24,0.0
5746,1985-09-25,0.0
5747,1985-09-26,0.0
5748,1985-09-27,0.0
5749,1985-09-28,0.0
5750,1985-09-29,0.0
5751,1985-09-30,0.0
5752,1985-10-01,0.0
5753,1985-10-02,2.2
5754,1985-10-03,3.4
5755,1985-10-04,0.7
5756,1985-10-05,0.0
5757,1985-10-06,0.0
5758,1985-10-07,6.9
5759,1985-10-08,2.9
5760,1985-10-09,3.4
5761,1985-10-10,0.0
5762,1985-10-11,0.0
5763,1985-10-12,0.2
5764,1985-10-13,0.0
5765,1985-10-14,0.0
5766,1985-10-15,0.3
5767,1985-10-16,0.0
5768,1985-10-17,0.3
5769,1985-10-18,0.0
5770,1985-10-19,0.1
5771,1985-10-20,0.0
5772,1985-10-21,0.0
5773,1985-10-22,0.0
5774,1985-10-23,0.0
5775,1985-10-24,0.0
5776,1985-10-25,0.0
5777,1985-10-26,0.0
5778,1985-10-27,0.0
5779,1985-10-28,0.1
5780,1985-10-29,0.5
5781,1985-10-30,0.0
5782,1985-10-31,1.1
5783,1985-11-01,0.5
5784,1985-11-02,3.0
5785,1985-11-03,0.0
5786,1985-11-04,5.6
5787,1985-11-05,11.7
5788,1985-11-06,0.3
5789,1985-11-07,0.1
5790,1985-11-08,10.9
5791,1985-11-09,1.3
5792,1985-11-10,1.5
5793,1985-11-11,1.4
5794,1985-11-12,0.1
5795,1985-11-13,0.2
5796,1985-11-14,1.0
5797,1985-11-15,1.7
5798,1985-11-16,1.3
5799,1985-11-17,1.0
5800,1985-11-18,0.0
5801,1985-11-19,0.3
5802,1985-11-20,0.1
5803,1985-11-21,0.8
5804,1985-11-22,0.6
5805,1985-11-23,1.5
5806,1985-11-24,0.7
5807,1985-11-25,0.1
5808,1985-11-26,0.2
5809,1985-11-27,3.6
5810,1985-11-28,3.6
5811,1985-11-29,7.4
5812,1985-11-30,7.6
5813,1985-12-01,0.0
5814,1985-12-02,0.0
5815,1985-12-03,2.6
5816,1985-12-04,0.2
5817,1985-12-05,0.2
5818,1985-12-06,1.5
5819,1985-12-07,7.8
5820,1985-12-08,0.9
5821,1985-12-09,1.9
5822,1985-12-10,0.0
5823,1985-12-11,0.1
5824,1985-12-12,0.0
5825,1985-12-13,0.4
5826,1985-12-14,0.2
5827,1985-12-15,0.1
5828,1985-12-16,0.2
5829,1985-12-17,0.4
5830,1985-12-18,2.3
5831,1985-12-19,0.1
5832,1985-12-20,0.0
5833,1985-12-21,0.0
5834,1985-12-22,0.8
5835,1985-12-23,3.1
5836,1985-12-24,4.1
5837,1985-12-25,5.4
5838,1985-12-26,1.2
5839,1985-12-27,1.7
5840,1985-12-28,0.1
5841,1985-12-29,0.3
5842,1985-12-30,0.0
5843,1985-12-31,0.1
5844,1986-01-01,4.4
5845,1986-01-02,0.5
5846,1986-01-03,4.1
5847,1986-01-04,0.4
5848,1986-01-05,6.4
5849,1986-01-06,2.2
5850,1986-01-07,3.5
5851,1986-01-08,2.7
5852,1986-01-09,0.7
5853,1986-01-10,5.2
5854,1986-01-11,2.4
5855,1986-01-12,1.3
5856,1986-01-13,3.9
5857,1986-01-14,2.5
5858,1986-01-15,3.3
5859,1986-01-16,1.3
5860,1986-01-17,0.0
5861,1986-01-18,3.6
5862,1986-01-19,3.3
5863,1986-01-20,0.0
5864,1986-01-21,4.0
5865,1986-01-22,9.3
5866,1986-01-23,11.5
5867,1986-01-24,1.8
5868,1986-01-25,0.1
5869,1986-01-26,1.2
5870,1986-01-27,1.1
5871,1986-01-28,0.1
5872,1986-01-29,1.2
5873,1986-01-30,0.2
5874,1986-01-31,0.0
5875,1986-02-01,3.5
5876,1986-02-02,0.9
5877,1986-02-03,0.0
5878,1986-02-04,0.0
5879,1986-02-05,0.1
5880,1986-02-06,0.1
5881,1986-02-07,0.3
5882,1986-02-08,0.0
5883,1986-02-09,0.0
5884,1986-02-10,0.2
5885,1986-02-11,0.0
5886,1986-02-12,0.0
5887,1986-02-13,0.0
5888,1986-02-14,0.0
5889,1986-02-15,0.0
5890,1986-02-16,0.0
5891,1986-02-17,0.7
5892,1986-02-18,0.0
5893,1986-02-19,0.0
5894,1986-02-20,0.1
5895,1986-02-21,0.0
5896,1986-02-22,0.1
5897,1986-02-23,2.0
5898,1986-02-24,0.0
5899,1986-02-25,0.0
5900,1986-02-26,0.0
5901,1986-02-27,0.8
5902,1986-02-28,9.0
5903,1986-03-01,0.5
5904,1986-03-02,0.0
5905,1986-03-03,0.0
5906,1986-03-04,1.6
5907,1986-03-05,2.4
5908,1986-03-06,5.5
5909,1986-03-07,0.1
5910,1986-03-08,0.0
5911,1986-03-09,0.0
5912,1986-03-10,0.0
5913,1986-03-11,0.8
5914,1986-03-12,0.0
5915,1986-03-13,0.0
5916,1986-03-14,0.0
5917,1986-03-15,0.0
5918,1986-03-16,0.0
5919,1986-03-17,3.4
5920,1986-03-18,0.4
5921,1986-03-19,4.6
5922,1986-03-20,4.6
5923,1986-03-21,0.8
5924,1986-03-22,4.8
5925,1986-03-23,4.3
5926,1986-03-24,19.4
5927,1986-03-25,1.4
5928,1986-03-26,3.2
5929,1986-03-27,8.7
5930,1986-03-28,3.0
5931,1986-03-29,6.4
5932,1986-03-30,12.3
5933,1986-03-31,9.0
5934,1986-04-01,0.3
5935,1986-04-02,0.6
5936,1986-04-03,3.6
5937,1986-04-04,2.0
5938,1986-04-05,0.2
5939,1986-04-06,2.4
5940,1986-04-07,12.7
5941,1986-04-08,0.9
5942,1986-04-09,5.8
5943,1986-04-10,2.4
5944,1986-04-11,0.3
5945,1986-04-12,1.7
5946,1986-04-13,0.3
5947,1986-04-14,10.2
5948,1986-04-15,7.2
5949,1986-04-16,3.7
5950,1986-04-17,6.4
5951,1986-04-18,4.0
5952,1986-04-19,2.6
5953,1986-04-20,8.1
5954,1986-04-21,9.4
5955,1986-04-22,0.9
5956,1986-04-23,2.7
5957,1986-04-24,1.8
5958,1986-04-25,1.3
5959,1986-04-26,16.1
5960,1986-04-27,3.0
5961,1986-04-28,0.0
5962,1986-04-29,0.0
5963,1986-04-30,0.0
5964,1986-05-01,0.0
5965,1986-05-02,0.0
5966,1986-05-03,0.8
5967,1986-05-04,0.2
5968,1986-05-05,0.7
5969,1986-05-06,6.9
5970,1986-05-07,2.0
5971,1986-05-08,5.8
5972,1986-05-09,1.0
5973,1986-05-10,1.8
5974,1986-05-11,0.4
5975,1986-05-12,0.0
5976,1986-05-13,0.2
5977,1986-05-14,0.2
5978,1986-05-15,2.7
5979,1986-05-16,0.0
5980,1986-05-17,0.4
5981,1986-05-18,0.0
5982,1986-05-19,0.0
5983,1986-05-20,5.2
5984,1986-05-21,0.0
5985,1986-05-22,1.4
5986,1986-05-23,2.8
5987,1986-05-24,3.2
5988,1986-05-25,0.0
5989,1986-05-26,0.0
5990,1986-05-27,0.2
5991,1986-05-28,0.2
5992,1986-05-29,2.0
5993,1986-05-30,1.8
5994,1986-05-31,0.2
5995,1986-06-01,2.5
5996,1986-06-02,1.5
5997,1986-06-03,5.7
5998,1986-06-04,1.0
5999,1986-06-05,2.5
6000,1986-06-06,2.8
6001,1986-06-07,0.6
6002,1986-06-08,0.1
6003,1986-06-09,0.0
6004,1986-06-10,0.1
6005,1986-06-11,3.4
6006,1986-06-12,0.2
6007,1986-06-13,0.0
6008,1986-06-14,0.0
6009,1986-06-15,0.0
6010,1986-06-16,0.3
6011,1986-06-17,10.7
6012,1986-06-18,0.0
6013,1986-06-19,0.1
6014,1986-06-20,8.9
6015,1986-06-21,0.3
6016,1986-06-22,6.1
6017,1986-06-23,29.6
6018,1986-06-24,0.3
6019,1986-06-25,0.0
6020,1986-06-26,0.0
6021,1986-06-27,0.0
6022,1986-06-28,0.0
6023,1986-06-29,0.0
6024,1986-06-30,0.0
6025,1986-07-01,0.0
6026,1986-07-02,0.0
6027,1986-07-03,1.2
6028,1986-07-04,0.0
6029,1986-07-05,2.9
6030,1986-07-06,8.7
6031,1986-07-07,0.8
6032,1986-07-08,1.1
6033,1986-07-09,1.2
6034,1986-07-10,0.9
6035,1986-07-11,1.2
6036,1986-07-12,0.0
6037,1986-07-13,0.0
6038,1986-07-14,0.1
6039,1986-07-15,0.6
6040,1986-07-16,0.0
6041,1986-07-17,0.2
6042,1986-07-18,0.3
6043,1986-07-19,0.0
6044,1986-07-20,0.0
6045,1986-07-21,0.7
6046,1986-07-22,0.2
6047,1986-07-23,1.0
6048,1986-07-24,0.1
6049,1986-07-25,1.5
6050,1986-07-26,0.3
6051,1986-07-27,0.8
6052,1986-07-28,0.0
6053,1986-07-29,0.2
6054,1986-07-30,0.0
6055,1986-07-31,0.0
6056,1986-08-01,0.0
6057,1986-08-02,0.0
6058,1986-08-03,1.2
6059,1986-08-04,3.8
6060,1986-08-05,0.0
6061,1986-08-06,0.0
6062,1986-08-07,0.2
6063,1986-08-08,0.3
6064,1986-08-09,0.0
6065,1986-08-10,0.4
6066,1986-08-11,1.7
6067,1986-08-12,1.0
6068,1986-08-13,0.3
6069,1986-08-14,0.0
6070,1986-08-15,1.9
6071,1986-08-16,0.0
6072,1986-08-17,0.2
6073,1986-08-18,1.1
6074,1986-08-19,4.7
6075,1986-08-20,0.5
6076,1986-08-21,0.0
6077,1986-08-22,11.6
6078,1986-08-23,5.0
6079,1986-08-24,20.2
6080,1986-08-25,3.8
6081,1986-08-26,3.1
6082,1986-08-27,1.3
6083,1986-08-28,5.2
6084,1986-08-29,1.2
6085,1986-08-30,2.5
6086,1986-08-31,0.6
6087,1986-09-01,0.0
6088,1986-09-02,0.3
6089,1986-09-03,3.8
6090,1986-09-04,0.0
6091,1986-09-05,0.0
6092,1986-09-06,0.2
6093,1986-09-07,0.2
6094,1986-09-08,0.2
6095,1986-09-09,0.0
6096,1986-09-10,0.0
6097,1986-09-11,0.0
6098,1986-09-12,5.3
6099,1986-09-13,7.9
6100,1986-09-14,1.0
6101,1986-09-15,23.7
6102,1986-09-16,4.2
6103,1986-09-17,3.2
6104,1986-09-18,0.2
6105,1986-09-19,0.0
6106,1986-09-20,0.0
6107,1986-09-21,0.0
6108,1986-09-22,0.0
6109,1986-09-23,0.1
6110,1986-09-24,0.0
6111,1986-09-25,0.6
6112,1986-09-26,0.0
6113,1986-09-27,0.0
6114,1986-09-28,0.0
6115,1986-09-29,0.0
6116,1986-09-30,0.0
6117,1986-10-01,0.0
6118,1986-10-02,0.0
6119,1986-10-03,0.0
6120,1986-10-04,0.0
6121,1986-10-05,0.2
6122,1986-10-06,0.1
6123,1986-10-07,0.1
6124,1986-10-08,0.2
6125,1986-10-09,0.2
6126,1986-10-10,0.0
6127,1986-10-11,1.2
6128,1986-10-12,0.0
6129,1986-10-13,0.0
6130,1986-10-14,0.9
6131,1986-10-15,0.6
6132,1986-10-16,6.2
6133,1986-10-17,0.2
6134,1986-10-18,1.2
6135,1986-10-19,5.3
6136,1986-10-20,13.6
6137,1986-10-21,5.6
6138,1986-10-22,15.3
6139,1986-10-23,3.6
6140,1986-10-24,0.8
6141,1986-10-25,5.2
6142,1986-10-26,0.7
6143,1986-10-27,6.0
6144,1986-10-28,1.8
6145,1986-10-29,1.9
6146,1986-10-30,0.2
6147,1986-10-31,5.8
6148,1986-11-01,14.1
6149,1986-11-02,1.4
6150,1986-11-03,0.0
6151,1986-11-04,0.6
6152,1986-11-05,0.3
6153,1986-11-06,0.3
6154,1986-11-07,0.3
6155,1986-11-08,1.1
6156,1986-11-09,0.0
6157,1986-11-10,0.0
6158,1986-11-11,0.8
6159,1986-11-12,0.1
6160,1986-11-13,5.3
6161,1986-11-14,1.5
6162,1986-11-15,5.7
6163,1986-11-16,0.0
6164,1986-11-17,1.2
6165,1986-11-18,3.2
6166,1986-11-19,6.7
6167,1986-11-20,4.3
6168,1986-11-21,6.4
6169,1986-11-22,2.7
6170,1986-11-23,3.4
6171,1986-11-24,2.7
6172,1986-11-25,0.4
6173,1986-11-26,1.6
6174,1986-11-27,0.0
6175,1986-11-28,0.0
6176,1986-11-29,0.0
6177,1986-11-30,0.0
6178,1986-12-01,0.1
6179,1986-12-02,0.1
6180,1986-12-03,0.0
6181,1986-12-04,0.0
6182,1986-12-05,0.0
6183,1986-12-06,7.2
6184,1986-12-07,1.9
6185,1986-12-08,0.0
6186,1986-12-09,0.1
6187,1986-12-10,0.1
6188,1986-12-11,0.3
6189,1986-12-12,0.4
6190,1986-12-13,5.6
6191,1986-12-14,3.7
6192,1986-12-15,5.9
6193,1986-12-16,5.4
6194,1986-12-17,4.7
6195,1986-12-18,14.4
6196,1986-12-19,2.1
6197,1986-12-20,1.1
6198,1986-12-21,0.1
6199,1986-12-22,1.4
6200,1986-12-23,2.0
6201,1986-12-24,0.0
6202,1986-12-25,14.6
6203,1986-12-26,1.0
6204,1986-12-27,0.9
6205,1986-12-28,0.7
6206,1986-12-29,0.2
6207,1986-12-30,3.1
6208,1986-12-31,1.0
6209,1987-01-01,24.1
6210,1987-01-02,3.3
6211,1987-01-03,0.0
6212,1987-01-04,4.2
6213,1987-01-05,3.9
6214,1987-01-06,1.8
6215,1987-01-07,0.3
6216,1987-01-08,0.0
6217,1987-01-09,0.0
6218,1987-01-10,0.0
6219,1987-01-11,0.0
6220,1987-01-12,0.1
6221,1987-01-13,0.7
6222,1987-01-14,3.6
6223,1987-01-15,0.5
6224,1987-01-16,0.1
6225,1987-01-17,0.0
6226,1987-01-18,0.0
6227,1987-01-19,0.0
6228,1987-01-20,0.0
6229,1987-01-21,0.0
6230,1987-01-22,0.1
6231,1987-01-23,0.1
6232,1987-01-24,0.3
6233,1987-01-25,0.2
6234,1987-01-26,0.2
6235,1987-01-27,0.0
6236,1987-01-28,0.0
6237,1987-01-29,0.0
6238,1987-01-30,0.0
6239,1987-01-31,0.0
6240,1987-02-01,0.0
6241,1987-02-02,1.7
6242,1987-02-03,0.3
6243,1987-02-04,0.2
6244,1987-02-05,0.2
6245,1987-02-06,2.8
6246,1987-02-07,3.1
6247,1987-02-08,0.6
6248,1987-02-09,1.1
6249,1987-02-10,2.0
6250,1987-02-11,1.4
6251,1987-02-12,0.6
6252,1987-02-13,0.1
6253,1987-02-14,5.5
6254,1987-02-15,5.0
6255,1987-02-16,4.2
6256,1987-02-17,3.1
6257,1987-02-18,5.3
6258,1987-02-19,0.9
6259,1987-02-20,2.0
6260,1987-02-21,6.4
6261,1987-02-22,0.4
6262,1987-02-23,0.4
6263,1987-02-24,0.0
6264,1987-02-25,0.1
6265,1987-02-26,4.9
6266,1987-02-27,6.9
6267,1987-02-28,0.8
6268,1987-03-01,3.0
6269,1987-03-02,2.1
6270,1987-03-03,0.3
6271,1987-03-04,0.4
6272,1987-03-05,0.0
6273,1987-03-06,0.1
6274,1987-03-07,0.3
6275,1987-03-08,1.1
6276,1987-03-09,0.0
6277,1987-03-10,0.0
6278,1987-03-11,0.0
6279,1987-03-12,0.0
6280,1987-03-13,0.4
6281,1987-03-14,0.0
6282,1987-03-15,1.4
6283,1987-03-16,0.6
6284,1987-03-17,2.9
6285,1987-03-18,6.0
6286,1987-03-19,3.8
6287,1987-03-20,0.5
6288,1987-03-21,11.0
6289,1987-03-22,1.8
6290,1987-03-23,11.6
6291,1987-03-24,10.9
6292,1987-03-25,6.0
6293,1987-03-26,0.0
6294,1987-03-27,6.2
6295,1987-03-28,4.4
6296,1987-03-29,4.0
6297,1987-03-30,1.9
6298,1987-03-31,0.7
6299,1987-04-01,0.4
6300,1987-04-02,4.6
6301,1987-04-03,2.0
6302,1987-04-04,2.1
6303,1987-04-05,0.3
6304,1987-04-06,0.6
6305,1987-04-07,5.6
6306,1987-04-08,0.3
6307,1987-04-09,1.4
6308,1987-04-10,0.4
6309,1987-04-11,1.0
6310,1987-04-12,1.3
6311,1987-04-13,0.6
6312,1987-04-14,0.9
6313,1987-04-15,0.0
6314,1987-04-16,0.0
6315,1987-04-17,0.0
6316,1987-04-18,0.3
6317,1987-04-19,2.1
6318,1987-04-20,0.7
6319,1987-04-21,0.4
6320,1987-04-22,0.0
6321,1987-04-23,0.0
6322,1987-04-24,0.0
6323,1987-04-25,2.5
6324,1987-04-26,1.8
6325,1987-04-27,0.0
6326,1987-04-28,0.0
6327,1987-04-29,0.0
6328,1987-04-30,2.0
6329,1987-05-01,0.3
6330,1987-05-02,0.1
6331,1987-05-03,3.2
6332,1987-05-04,2.1
6333,1987-05-05,0.1
6334,1987-05-06,0.0
6335,1987-05-07,0.0
6336,1987-05-08,0.0
6337,1987-05-09,0.0
6338,1987-05-10,0.1
6339,1987-05-11,0.2
6340,1987-05-12,9.9
6341,1987-05-13,2.8
6342,1987-05-14,7.5
6343,1987-05-15,6.7
6344,1987-05-16,0.8
6345,1987-05-17,0.5
6346,1987-05-18,7.6
6347,1987-05-19,1.1
6348,1987-05-20,0.2
6349,1987-05-21,1.3
6350,1987-05-22,4.1
6351,1987-05-23,0.2
6352,1987-05-24,0.0
6353,1987-05-25,0.0
6354,1987-05-26,3.2
6355,1987-05-27,4.1
6356,1987-05-28,4.1
6357,1987-05-29,0.7
6358,1987-05-30,1.0
6359,1987-05-31,6.9
6360,1987-06-01,0.1
6361,1987-06-02,0.7
6362,1987-06-03,5.2
6363,1987-06-04,12.3
6364,1987-06-05,0.8
6365,1987-06-06,0.9
6366,1987-06-07,10.0
6367,1987-06-08,3.3
6368,1987-06-09,2.2
6369,1987-06-10,4.3
6370,1987-06-11,0.8
6371,1987-06-12,0.5
6372,1987-06-13,8.4
6373,1987-06-14,3.8
6374,1987-06-15,7.0
6375,1987-06-16,5.5
6376,1987-06-17,7.5
6377,1987-06-18,3.7
6378,1987-06-19,8.8
6379,1987-06-20,4.6
6380,1987-06-21,6.6
6381,1987-06-22,2.5
6382,1987-06-23,2.3
6383,1987-06-24,1.3
6384,1987-06-25,2.6
6385,1987-06-26,2.2
6386,1987-06-27,0.0
6387,1987-06-28,0.2
6388,1987-06-29,0.1
6389,1987-06-30,1.2
6390,1987-07-01,0.0
6391,1987-07-02,0.0
6392,1987-07-03,0.0
6393,1987-07-04,0.0
6394,1987-07-05,0.0
6395,1987-07-06,0.0
6396,1987-07-07,0.3
6397,1987-07-08,0.1
6398,1987-07-09,0.2
6399,1987-07-10,0.0
6400,1987-07-11,0.0
6401,1987-07-12,0.0
6402,1987-07-13,0.0
6403,1987-07-14,2.5
6404,1987-07-15,1.6
6405,1987-07-16,23.6
6406,1987-07-17,17.2
6407,1987-07-18,2.1
6408,1987-07-19,14.6
6409,1987-07-20,10.9
6410,1987-07-21,4.8
6411,1987-07-22,3.4
6412,1987-07-23,0.5
6413,1987-07-24,0.2
6414,1987-07-25,1.8
6415,1987-07-26,0.6
6416,1987-07-27,5.6
6417,1987-07-28,0.9
6418,1987-07-29,5.1
6419,1987-07-30,1.1
6420,1987-07-31,0.2
6421,1987-08-01,1.3
6422,1987-08-02,1.8
6423,1987-08-03,4.7
6424,1987-08-04,0.6
6425,1987-08-05,0.2
6426,1987-08-06,0.3
6427,1987-08-07,0.7
6428,1987-08-08,1.0
6429,1987-08-09,8.8
6430,1987-08-10,0.2
6431,1987-08-11,0.1
6432,1987-08-12,0.0
6433,1987-08-13,0.0
6434,1987-08-14,0.3
6435,1987-08-15,0.0
6436,1987-08-16,0.0
6437,1987-08-17,1.4
6438,1987-08-18,2.2
6439,1987-08-19,0.0
6440,1987-08-20,0.0
6441,1987-08-21,0.0
6442,1987-08-22,6.7
6443,1987-08-23,1.1
6444,1987-08-24,16.2
6445,1987-08-25,22.9
6446,1987-08-26,3.5
6447,1987-08-27,2.5
6448,1987-08-28,0.0
6449,1987-08-29,0.0
6450,1987-08-30,0.2
6451,1987-08-31,0.0
6452,1987-09-01,1.7
6453,1987-09-02,1.2
6454,1987-09-03,1.2
6455,1987-09-04,1.5
6456,1987-09-05,1.8
6457,1987-09-06,2.8
6458,1987-09-07,19.0
6459,1987-09-08,1.3
6460,1987-09-09,0.5
6461,1987-09-10,0.5
6462,1987-09-11,0.5
6463,1987-09-12,0.7
6464,1987-09-13,0.1
6465,1987-09-14,3.3
6466,1987-09-15,0.0
6467,1987-09-16,1.5
6468,1987-09-17,0.0
6469,1987-09-18,0.2
6470,1987-09-19,0.4
6471,1987-09-20,0.0
6472,1987-09-21,0.2
6473,1987-09-22,8.4
6474,1987-09-23,8.5
6475,1987-09-24,2.0
6476,1987-09-25,0.0
6477,1987-09-26,0.0
6478,1987-09-27,0.2
6479,1987-09-28,0.1
6480,1987-09-29,0.0
6481,1987-09-30,0.0
6482,1987-10-01,0.0
6483,1987-10-02,0.3
6484,1987-10-03,0.9
6485,1987-10-04,2.3
6486,1987-10-05,4.3
6487,1987-10-06,9.2
6488,1987-10-07,13.3
6489,1987-10-08,8.6
6490,1987-10-09,0.0
6491,1987-10-10,6.7
6492,1987-10-11,0.0
6493,1987-10-12,0.7
6494,1987-10-13,7.4
6495,1987-10-14,14.4
6496,1987-10-15,17.2
6497,1987-10-16,0.1
6498,1987-10-17,0.4
6499,1987-10-18,0.0
6500,1987-10-19,0.0
6501,1987-10-20,3.0
6502,1987-10-21,8.6
6503,1987-10-22,0.0
6504,1987-10-23,6.9
6505,1987-10-24,0.0
6506,1987-10-25,0.2
6507,1987-10-26,0.7
6508,1987-10-27,0.0
6509,1987-10-28,12.2
6510,1987-10-29,0.5
6511,1987-10-30,0.7
6512,1987-10-31,0.1
6513,1987-11-01,0.8
6514,1987-11-02,0.2
6515,1987-11-03,0.0
6516,1987-11-04,0.0
6517,1987-11-05,0.0
6518,1987-11-06,0.0
6519,1987-11-07,0.1
6520,1987-11-08,0.1
6521,1987-11-09,0.5
6522,1987-11-10,1.0
6523,1987-11-11,1.2
6524,1987-11-12,7.4
6525,1987-11-13,10.4
6526,1987-11-14,0.9
6527,1987-11-15,6.6
6528,1987-11-16,2.0
6529,1987-11-17,0.3
6530,1987-11-18,0.0
6531,1987-11-19,3.1
6532,1987-11-20,0.4
6533,1987-11-21,1.3
6534,1987-11-22,8.6
6535,1987-11-23,3.0
6536,1987-11-24,0.1
6537,1987-11-25,12.8
6538,1987-11-26,8.7
6539,1987-11-27,1.1
6540,1987-11-28,0.1
6541,1987-11-29,0.0
6542,1987-11-30,0.0
6543,1987-12-01,0.0
6544,1987-12-02,0.0
6545,1987-12-03,0.0
6546,1987-12-04,2.8
6547,1987-12-05,1.0
6548,1987-12-06,2.6
6549,1987-12-07,0.0
6550,1987-12-08,0.0
6551,1987-12-09,0.0
6552,1987-12-10,0.0
6553,1987-12-11,0.0
6554,1987-12-12,0.0
6555,1987-12-13,0.0
6556,1987-12-14,0.7
6557,1987-12-15,2.9
6558,1987-12-16,7.4
6559,1987-12-17,1.5
6560,1987-12-18,5.5
6561,1987-12-19,0.2
6562,1987-12-20,0.1
6563,1987-12-21,0.2
6564,1987-12-22,0.2
6565,1987-12-23,0.0
6566,1987-12-24,0.2
6567,1987-12-25,7.9
6568,1987-12-26,0.1
6569,1987-12-27,0.0
6570,1987-12-28,0.0
6571,1987-12-29,0.0
6572,1987-12-30,1.1
6573,1987-12-31,0.2
6574,1988-01-01,3.5
6575,1988-01-02,6.6
6576,1988-01-03,0.7
6577,1988-01-04,10.6
6578,1988-01-05,5.9
6579,1988-01-06,4.8
6580,1988-01-07,2.3
6581,1988-01-08,0.0
6582,1988-01-09,3.8
6583,1988-01-10,8.0
6584,1988-01-11,1.2
6585,1988-01-12,0.0
6586,1988-01-13,2.4
6587,1988-01-14,3.2
6588,1988-01-15,8.9
6589,1988-01-16,0.3
6590,1988-01-17,0.0
6591,1988-01-18,0.1
6592,1988-01-19,0.2
6593,1988-01-20,10.5
6594,1988-01-21,0.7
6595,1988-01-22,8.2
6596,1988-01-23,6.1
6597,1988-01-24,9.3
6598,1988-01-25,8.5
6599,1988-01-26,1.9
6600,1988-01-27,5.4
6601,1988-01-28,3.6
6602,1988-01-29,8.2
6603,1988-01-30,0.8
6604,1988-01-31,1.9
6605,1988-02-01,11.7
6606,1988-02-02,2.3
6607,1988-02-03,6.8
6608,1988-02-04,4.1
6609,1988-02-05,4.8
6610,1988-02-06,3.5
6611,1988-02-07,3.0
6612,1988-02-08,13.4
6613,1988-02-09,4.1
6614,1988-02-10,5.7
6615,1988-02-11,7.3
6616,1988-02-12,8.0
6617,1988-02-13,0.0
6618,1988-02-14,0.0
6619,1988-02-15,0.0
6620,1988-02-16,0.0
6621,1988-02-17,0.0
6622,1988-02-18,0.0
6623,1988-02-19,0.2
6624,1988-02-20,0.0
6625,1988-02-21,0.0
6626,1988-02-22,0.0
6627,1988-02-23,2.1
6628,1988-02-24,2.6
6629,1988-02-25,1.4
6630,1988-02-26,2.1
6631,1988-02-27,1.0
6632,1988-02-28,2.6
6633,1988-02-29,2.1
6634,1988-03-01,1.2
6635,1988-03-02,0.2
6636,1988-03-03,1.4
6637,1988-03-04,9.4
6638,1988-03-05,0.5
6639,1988-03-06,6.5
6640,1988-03-07,1.6
6641,1988-03-08,0.7
6642,1988-03-09,0.1
6643,1988-03-10,2.6
6644,1988-03-11,1.0
6645,1988-03-12,2.6
6646,1988-03-13,2.6
6647,1988-03-14,5.6
6648,1988-03-15,9.4
6649,1988-03-16,7.2
6650,1988-03-17,1.4
6651,1988-03-18,3.0
6652,1988-03-19,2.7
6653,1988-03-20,3.2
6654,1988-03-21,2.2
6655,1988-03-22,1.8
6656,1988-03-23,8.1
6657,1988-03-24,3.9
6658,1988-03-25,13.7
6659,1988-03-26,2.0
6660,1988-03-27,3.5
6661,1988-03-28,0.4
6662,1988-03-29,5.9
6663,1988-03-30,4.9
6664,1988-03-31,3.0
6665,1988-04-01,1.0
6666,1988-04-02,0.1
6667,1988-04-03,0.0
6668,1988-04-04,0.0
6669,1988-04-05,0.1
6670,1988-04-06,0.5
6671,1988-04-07,0.4
6672,1988-04-08,0.0
6673,1988-04-09,0.1
6674,1988-04-10,0.0
6675,1988-04-11,0.0
6676,1988-04-12,6.7
6677,1988-04-13,0.2
6678,1988-04-14,0.0
6679,1988-04-15,0.2
6680,1988-04-16,5.1
6681,1988-04-17,1.0
6682,1988-04-18,1.3
6683,1988-04-19,13.8
6684,1988-04-20,0.9
6685,1988-04-21,0.0
6686,1988-04-22,0.1
6687,1988-04-23,0.0
6688,1988-04-24,0.0
6689,1988-04-25,0.0
6690,1988-04-26,0.0
6691,1988-04-27,0.1
6692,1988-04-28,0.7
6693,1988-04-29,0.6
6694,1988-04-30,0.1
6695,1988-05-01,4.9
6696,1988-05-02,2.4
6697,1988-05-03,2.5
6698,1988-05-04,0.5
6699,1988-05-05,0.1
6700,1988-05-06,0.0
6701,1988-05-07,0.5
6702,1988-05-08,15.1
6703,1988-05-09,9.8
6704,1988-05-10,2.6
6705,1988-05-11,6.9
6706,1988-05-12,0.3
6707,1988-05-13,0.1
6708,1988-05-14,0.1
6709,1988-05-15,1.2
6710,1988-05-16,1.5
6711,1988-05-17,0.3
6712,1988-05-18,2.9
6713,1988-05-19,2.8
6714,1988-05-20,0.1
6715,1988-05-21,0.0
6716,1988-05-22,0.0
6717,1988-05-23,4.6
6718,1988-05-24,0.2
6719,1988-05-25,7.2
6720,1988-05-26,3.0
6721,1988-05-27,2.8
6722,1988-05-28,0.1
6723,1988-05-29,5.3
6724,1988-05-30,10.9
6725,1988-05-31,4.2
6726,1988-06-01,0.4
6727,1988-06-02,0.5
6728,1988-06-03,3.8
6729,1988-06-04,3.3
6730,1988-06-05,0.8
6731,1988-06-06,0.8
6732,1988-06-07,1.8
6733,1988-06-08,0.2
6734,1988-06-09,0.4
6735,1988-06-10,0.0
6736,1988-06-11,0.0
6737,1988-06-12,4.9
6738,1988-06-13,1.4
6739,1988-06-14,0.0
6740,1988-06-15,0.0
6741,1988-06-16,0.0
6742,1988-06-17,0.0
6743,1988-06-18,0.2
6744,1988-06-19,0.0
6745,1988-06-20,0.0
6746,1988-06-21,1.2
6747,1988-06-22,0.5
6748,1988-06-23,0.0
6749,1988-06-24,0.1
6750,1988-06-25,1.1
6751,1988-06-26,0.1
6752,1988-06-27,4.1
6753,1988-06-28,0.9
6754,1988-06-29,0.6
6755,1988-06-30,8.7
6756,1988-07-01,10.0
6757,1988-07-02,8.3
6758,1988-07-03,4.8
6759,1988-07-04,3.6
6760,1988-07-05,8.4
6761,1988-07-06,0.5
6762,1988-07-07,0.4
6763,1988-07-08,6.8
6764,1988-07-09,0.3
6765,1988-07-10,0.0
6766,1988-07-11,2.2
6767,1988-07-12,0.1
6768,1988-07-13,8.0
6769,1988-07-14,2.5
6770,1988-07-15,2.5
6771,1988-07-16,0.8
6772,1988-07-17,7.7
6773,1988-07-18,0.3
6774,1988-07-19,0.0
6775,1988-07-20,0.0
6776,1988-07-21,1.7
6777,1988-07-22,1.3
6778,1988-07-23,16.1
6779,1988-07-24,3.0
6780,1988-07-25,0.0
6781,1988-07-26,6.5
6782,1988-07-27,0.1
6783,1988-07-28,0.0
6784,1988-07-29,0.4
6785,1988-07-30,0.3
6786,1988-07-31,0.2
6787,1988-08-01,0.5
6788,1988-08-02,4.7
6789,1988-08-03,0.0
6790,1988-08-04,0.0
6791,1988-08-05,0.4
6792,1988-08-06,0.0
6793,1988-08-07,0.0
6794,1988-08-08,0.0
6795,1988-08-09,0.1
6796,1988-08-10,0.3
6797,1988-08-11,0.5
6798,1988-08-12,0.2
6799,1988-08-13,0.0
6800,1988-08-14,0.0
6801,1988-08-15,0.0
6802,1988-08-16,0.0
6803,1988-08-17,0.0
6804,1988-08-18,0.0
6805,1988-08-19,5.1
6806,1988-08-20,4.1
6807,1988-08-21,1.7
6808,1988-08-22,1.0
6809,1988-08-23,0.6
6810,1988-08-24,2.8
6811,1988-08-25,1.2
6812,1988-08-26,2.2
6813,1988-08-27,0.4
6814,1988-08-28,4.0
6815,1988-08-29,4.4
6816,1988-08-30,0.6
6817,1988-08-31,0.5
6818,1988-09-01,12.0
6819,1988-09-02,0.6
6820,1988-09-03,12.1
6821,1988-09-04,0.5
6822,1988-09-05,3.0
6823,1988-09-06,0.1
6824,1988-09-07,0.0
6825,1988-09-08,0.0
6826,1988-09-09,0.4
6827,1988-09-10,0.5
6828,1988-09-11,0.3
6829,1988-09-12,0.8
6830,1988-09-13,3.2
6831,1988-09-14,3.3
6832,1988-09-15,0.5
6833,1988-09-16,4.9
6834,1988-09-17,1.9
6835,1988-09-18,0.6
6836,1988-09-19,0.2
6837,1988-09-20,0.1
6838,1988-09-21,0.1
6839,1988-09-22,3.3
6840,1988-09-23,3.4
6841,1988-09-24,0.2
6842,1988-09-25,1.1
6843,1988-09-26,0.0
6844,1988-09-27,0.0
6845,1988-09-28,2.9
6846,1988-09-29,0.1
6847,1988-09-30,0.1
6848,1988-10-01,0.0
6849,1988-10-02,0.1
6850,1988-10-03,0.1
6851,1988-10-04,0.2
6852,1988-10-05,7.3
6853,1988-10-06,18.9
6854,1988-10-07,2.9
6855,1988-10-08,1.6
6856,1988-10-09,8.6
6857,1988-10-10,0.9
6858,1988-10-11,3.0
6859,1988-10-12,2.7
6860,1988-10-13,0.1
6861,1988-10-14,0.0
6862,1988-10-15,0.0
6863,1988-10-16,0.0
6864,1988-10-17,0.0
6865,1988-10-18,0.6
6866,1988-10-19,7.1
6867,1988-10-20,5.4
6868,1988-10-21,0.7
6869,1988-10-22,0.0
6870,1988-10-23,0.3
6871,1988-10-24,0.5
6872,1988-10-25,0.1
6873,1988-10-26,0.0
6874,1988-10-27,1.1
6875,1988-10-28,2.2
6876,1988-10-29,0.0
6877,1988-10-30,0.0
6878,1988-10-31,0.0
6879,1988-11-01,0.0
6880,1988-11-02,0.0
6881,1988-11-03,0.0
6882,1988-11-04,0.0
6883,1988-11-05,0.0
6884,1988-11-06,0.0
6885,1988-11-07,0.0
6886,1988-11-08,0.5
6887,1988-11-09,3.6
6888,1988-11-10,0.7
6889,1988-11-11,0.5
6890,1988-11-12,0.2
6891,1988-11-13,1.2
6892,1988-11-14,0.0
6893,1988-11-15,0.1
6894,1988-11-16,0.0
6895,1988-11-17,0.1
6896,1988-11-18,2.6
6897,1988-11-19,1.7
6898,1988-11-20,8.0
6899,1988-11-21,0.0
6900,1988-11-22,0.0
6901,1988-11-23,0.2
6902,1988-11-24,0.2
6903,1988-11-25,0.0
6904,1988-11-26,0.0
6905,1988-11-27,0.0
6906,1988-11-28,2.6
6907,1988-11-29,10.7
6908,1988-11-30,13.9
6909,1988-12-01,4.7
6910,1988-12-02,0.2
6911,1988-12-03,0.9
6912,1988-12-04,23.3
6913,1988-12-05,14.9
6914,1988-12-06,2.4
6915,1988-12-07,1.2
6916,1988-12-08,0.1
6917,1988-12-09,2.9
6918,1988-12-10,0.1
6919,1988-12-11,0.1
6920,1988-12-12,0.9
6921,1988-12-13,0.1
6922,1988-12-14,0.1
6923,1988-12-15,0.1
6924,1988-12-16,0.4
6925,1988-12-17,0.5
6926,1988-12-18,0.1
6927,1988-12-19,3.3
6928,1988-12-20,0.1
6929,1988-12-21,0.3
6930,1988-12-22,0.2
6931,1988-12-23,2.9
6932,1988-12-24,0.2
6933,1988-12-25,0.5
6934,1988-12-26,0.2
6935,1988-12-27,0.0
6936,1988-12-28,0.1
6937,1988-12-29,0.1
6938,1988-12-30,0.2
6939,1988-12-31,0.5
6940,1989-01-01,0.2
6941,1989-01-02,0.1
6942,1989-01-03,0.0
6943,1989-01-04,6.6
6944,1989-01-05,3.5
6945,1989-01-06,5.2
6946,1989-01-07,1.2
6947,1989-01-08,0.3
6948,1989-01-09,0.9
6949,1989-01-10,0.8
6950,1989-01-11,0.1
6951,1989-01-12,3.4
6952,1989-01-13,0.0
6953,1989-01-14,0.4
6954,1989-01-15,0.0
6955,1989-01-16,0.0
6956,1989-01-17,1.3
6957,1989-01-18,0.4
6958,1989-01-19,0.1
6959,1989-01-20,0.1
6960,1989-01-21,7.1
6961,1989-01-22,2.7
6962,1989-01-23,0.0
6963,1989-01-24,0.1
6964,1989-01-25,0.0
6965,1989-01-26,0.0
6966,1989-01-27,0.0
6967,1989-01-28,0.0
6968,1989-01-29,0.1
6969,1989-01-30,0.0
6970,1989-01-31,0.1
6971,1989-02-01,0.0
6972,1989-02-02,0.0
6973,1989-02-03,0.2
6974,1989-02-04,0.0
6975,1989-02-05,1.6
6976,1989-02-06,0.2
6977,1989-02-07,0.1
6978,1989-02-08,0.0
6979,1989-02-09,0.0
6980,1989-02-10,0.0
6981,1989-02-11,0.0
6982,1989-02-12,0.8
6983,1989-02-13,3.5
6984,1989-02-14,0.1
6985,1989-02-15,1.3
6986,1989-02-16,1.0
6987,1989-02-17,2.0
6988,1989-02-18,4.9
6989,1989-02-19,0.5
6990,1989-02-20,4.1
6991,1989-02-21,0.7
6992,1989-02-22,1.0
6993,1989-02-23,5.9
6994,1989-02-24,3.1
6995,1989-02-25,8.7
6996,1989-02-26,4.1
6997,1989-02-27,5.7
6998,1989-02-28,2.5
6999,1989-03-01,2.8
7000,1989-03-02,10.8
7001,1989-03-03,3.8
7002,1989-03-04,1.0
7003,1989-03-05,0.1
7004,1989-03-06,0.0
7005,1989-03-07,24.0
7006,1989-03-08,1.6
7007,1989-03-09,0.8
7008,1989-03-10,0.0
7009,1989-03-11,0.4
7010,1989-03-12,1.2
7011,1989-03-13,2.0
7012,1989-03-14,2.7
7013,1989-03-15,4.3
7014,1989-03-16,9.0
7015,1989-03-17,2.6
7016,1989-03-18,0.0
7017,1989-03-19,0.0
7018,1989-03-20,2.0
7019,1989-03-21,3.9
7020,1989-03-22,2.2
7021,1989-03-23,0.7
7022,1989-03-24,2.5
7023,1989-03-25,3.2
7024,1989-03-26,0.0
7025,1989-03-27,0.0
7026,1989-03-28,0.0
7027,1989-03-29,0.0
7028,1989-03-30,0.0
7029,1989-03-31,0.1
7030,1989-04-01,10.1
7031,1989-04-02,6.4
7032,1989-04-03,0.7
7033,1989-04-04,11.5
7034,1989-04-05,10.5
7035,1989-04-06,6.9
7036,1989-04-07,2.0
7037,1989-04-08,0.0
7038,1989-04-09,0.1
7039,1989-04-10,4.3
7040,1989-04-11,6.3
7041,1989-04-12,5.1
7042,1989-04-13,0.3
7043,1989-04-14,0.9
7044,1989-04-15,0.0
7045,1989-04-16,1.7
7046,1989-04-17,0.7
7047,1989-04-18,0.1
7048,1989-04-19,1.2
7049,1989-04-20,4.4
7050,1989-04-21,6.0
7051,1989-04-22,4.7
7052,1989-04-23,0.0
7053,1989-04-24,4.9
7054,1989-04-25,16.1
7055,1989-04-26,3.9
7056,1989-04-27,7.8
7057,1989-04-28,0.8
7058,1989-04-29,0.0
7059,1989-04-30,0.3
7060,1989-05-01,0.0
7061,1989-05-02,0.0
7062,1989-05-03,0.0
7063,1989-05-04,0.0
7064,1989-05-05,0.0
7065,1989-05-06,0.0
7066,1989-05-07,0.0
7067,1989-05-08,0.0
7068,1989-05-09,1.1
7069,1989-05-10,1.2
7070,1989-05-11,17.2
7071,1989-05-12,3.5
7072,1989-05-13,0.8
7073,1989-05-14,1.9
7074,1989-05-15,0.0
7075,1989-05-16,0.0
7076,1989-05-17,0.0
7077,1989-05-18,0.0
7078,1989-05-19,0.0
7079,1989-05-20,0.0
7080,1989-05-21,0.2
7081,1989-05-22,0.3
7082,1989-05-23,0.2
7083,1989-05-24,0.0
7084,1989-05-25,0.0
7085,1989-05-26,0.0
7086,1989-05-27,0.0
7087,1989-05-28,0.2
7088,1989-05-29,0.1
7089,1989-05-30,0.1
7090,1989-05-31,0.0
7091,1989-06-01,0.3
7092,1989-06-02,5.7
7093,1989-06-03,5.6
7094,1989-06-04,2.0
7095,1989-06-05,1.2
7096,1989-06-06,8.3
7097,1989-06-07,6.3
7098,1989-06-08,3.1
7099,1989-06-09,0.1
7100,1989-06-10,2.3
7101,1989-06-11,0.7
7102,1989-06-12,0.0
7103,1989-06-13,0.0
7104,1989-06-14,0.0
7105,1989-06-15,0.0
7106,1989-06-16,0.0
7107,1989-06-17,0.0
7108,1989-06-18,0.0
7109,1989-06-19,0.0
7110,1989-06-20,0.0
7111,1989-06-21,0.2
7112,1989-06-22,0.8
7113,1989-06-23,0.0
7114,1989-06-24,0.0
7115,1989-06-25,0.0
7116,1989-06-26,1.0
7117,1989-06-27,8.7
7118,1989-06-28,0.1
7119,1989-06-29,5.6
7120,1989-06-30,0.1
7121,1989-07-01,3.1
7122,1989-07-02,0.5
7123,1989-07-03,0.0
7124,1989-07-04,6.4
7125,1989-07-05,2.4
7126,1989-07-06,0.0
7127,1989-07-07,8.9
7128,1989-07-08,5.9
7129,1989-07-09,1.6
7130,1989-07-10,0.2
7131,1989-07-11,0.3
7132,1989-07-12,0.0
7133,1989-07-13,0.2
7134,1989-07-14,0.3
7135,1989-07-15,0.0
7136,1989-07-16,1.4
7137,1989-07-17,0.0
7138,1989-07-18,0.1
7139,1989-07-19,0.0
7140,1989-07-20,0.0
7141,1989-07-21,0.0
7142,1989-07-22,1.0
7143,1989-07-23,3.4
7144,1989-07-24,0.6
7145,1989-07-25,0.0
7146,1989-07-26,0.0
7147,1989-07-27,0.6
7148,1989-07-28,0.0
7149,1989-07-29,0.0
7150,1989-07-30,3.1
7151,1989-07-31,0.6
7152,1989-08-01,1.1
7153,1989-08-02,0.2
7154,1989-08-03,0.2
7155,1989-08-04,0.5
7156,1989-08-05,0.2
7157,1989-08-06,16.2
7158,1989-08-07,9.8
7159,1989-08-08,3.2
7160,1989-08-09,0.0
7161,1989-08-10,1.5
7162,1989-08-11,1.2
7163,1989-08-12,0.2
7164,1989-08-13,0.1
7165,1989-08-14,0.0
7166,1989-08-15,0.0
7167,1989-08-16,4.5
7168,1989-08-17,0.4
7169,1989-08-18,0.0
7170,1989-08-19,0.0
7171,1989-08-20,0.0
7172,1989-08-21,0.0
7173,1989-08-22,0.0
7174,1989-08-23,0.0
7175,1989-08-24,0.0
7176,1989-08-25,2.3
7177,1989-08-26,2.0
7178,1989-08-27,2.3
7179,1989-08-28,0.4
7180,1989-08-29,0.1
7181,1989-08-30,0.0
7182,1989-08-31,6.4
7183,1989-09-01,0.3
7184,1989-09-02,0.7
7185,1989-09-03,0.2
7186,1989-09-04,0.1
7187,1989-09-05,0.0
7188,1989-09-06,0.0
7189,1989-09-07,0.0
7190,1989-09-08,0.0
7191,1989-09-09,0.0
7192,1989-09-10,0.1
7193,1989-09-11,0.1
7194,1989-09-12,10.7
7195,1989-09-13,8.4
7196,1989-09-14,9.6
7197,1989-09-15,9.3
7198,1989-09-16,0.9
7199,1989-09-17,0.5
7200,1989-09-18,0.1
7201,1989-09-19,5.1
7202,1989-09-20,0.0
7203,1989-09-21,0.0
7204,1989-09-22,8.2
7205,1989-09-23,2.0
7206,1989-09-24,0.1
7207,1989-09-25,0.2
7208,1989-09-26,0.0
7209,1989-09-27,1.0
7210,1989-09-28,2.2
7211,1989-09-29,0.2
7212,1989-09-30,0.2
7213,1989-10-01,0.3
7214,1989-10-02,0.2
7215,1989-10-03,0.2
7216,1989-10-04,0.0
7217,1989-10-05,0.0
7218,1989-10-06,3.1
7219,1989-10-07,4.1
7220,1989-10-08,1.3
7221,1989-10-09,1.1
7222,1989-10-10,0.8
7223,1989-10-11,0.5
7224,1989-10-12,0.3
7225,1989-10-13,0.3
7226,1989-10-14,1.2
7227,1989-10-15,0.0
7228,1989-10-16,0.0
7229,1989-10-17,0.0
7230,1989-10-18,2.1
7231,1989-10-19,1.6
7232,1989-10-20,3.2
7233,1989-10-21,0.0
7234,1989-10-22,0.0
7235,1989-10-23,0.8
7236,1989-10-24,0.0
7237,1989-10-25,0.0
7238,1989-10-26,0.0
7239,1989-10-27,0.0
7240,1989-10-28,4.8
7241,1989-10-29,5.8
7242,1989-10-30,2.2
7243,1989-10-31,1.4
7244,1989-11-01,12.4
7245,1989-11-02,0.6
7246,1989-11-03,2.0
7247,1989-11-04,4.9
7248,1989-11-05,0.7
7249,1989-11-06,0.2
7250,1989-11-07,0.0
7251,1989-11-08,3.1
7252,1989-11-09,0.1
7253,1989-11-10,2.5
7254,1989-11-11,0.0
7255,1989-11-12,0.0
7256,1989-11-13,0.0
7257,1989-11-14,0.0
7258,1989-11-15,0.0
7259,1989-11-16,0.0
7260,1989-11-17,0.0
7261,1989-11-18,0.0
7262,1989-11-19,0.0
7263,1989-11-20,0.0
7264,1989-11-21,0.6
7265,1989-11-22,1.5
7266,1989-11-23,0.0
7267,1989-11-24,0.0
7268,1989-11-25,0.0
7269,1989-11-26,0.0
7270,1989-11-27,0.0
7271,1989-11-28,0.1
7272,1989-11-29,0.0
7273,1989-11-30,0.0
7274,1989-12-01,0.0
7275,1989-12-02,0.0
7276,1989-12-03,0.0
7277,1989-12-04,0.0
7278,1989-12-05,0.0
7279,1989-12-06,0.0
7280,1989-12-07,0.1
7281,1989-12-08,0.0
7282,1989-12-09,0.0
7283,1989-12-10,0.0
7284,1989-12-11,0.1
7285,1989-12-12,5.5
7286,1989-12-13,7.9
7287,1989-12-14,5.1
7288,1989-12-15,10.4
7289,1989-12-16,12.0
7290,1989-12-17,1.1
7291,1989-12-18,8.5
7292,1989-12-19,3.8
7293,1989-12-20,10.7
7294,1989-12-21,0.3
7295,1989-12-22,17.6
7296,1989-12-23,3.0
7297,1989-12-24,0.1
7298,1989-12-25,0.7
7299,1989-12-26,0.0
7300,1989-12-27,0.0
7301,1989-12-28,0.0
7302,1989-12-29,0.1
7303,1989-12-30,0.2
7304,1989-12-31,0.2
7305,1990-01-01,0.1
7306,1990-01-02,0.2
7307,1990-01-03,0.1
7308,1990-01-04,0.2
7309,1990-01-05,0.3
7310,1990-01-06,0.4
7311,1990-01-07,0.0
7312,1990-01-08,0.1
7313,1990-01-09,0.1
7314,1990-01-10,0.1
7315,1990-01-11,0.0
7316,1990-01-12,0.0
7317,1990-01-13,2.0
7318,1990-01-14,0.9
7319,1990-01-15,3.0
7320,1990-01-16,0.3
7321,1990-01-17,0.3
7322,1990-01-18,0.0
7323,1990-01-19,1.2
7324,1990-01-20,0.9
7325,1990-01-21,0.0
7326,1990-01-22,1.1
7327,1990-01-23,8.7
7328,1990-01-24,13.2
7329,1990-01-25,10.1
7330,1990-01-26,0.8
7331,1990-01-27,0.9
7332,1990-01-28,1.6
7333,1990-01-29,0.2
7334,1990-01-30,2.3
7335,1990-01-31,1.4
7336,1990-02-01,1.1
7337,1990-02-02,3.9
7338,1990-02-03,4.4
7339,1990-02-04,0.0
7340,1990-02-05,0.0
7341,1990-02-06,0.0
7342,1990-02-07,6.3
7343,1990-02-08,1.7
7344,1990-02-09,0.0
7345,1990-02-10,12.8
7346,1990-02-11,7.7
7347,1990-02-12,6.6
7348,1990-02-13,9.8
7349,1990-02-14,21.9
7350,1990-02-15,11.1
7351,1990-02-16,0.7
7352,1990-02-17,0.1
7353,1990-02-18,0.3
7354,1990-02-19,0.1
7355,1990-02-20,0.0
7356,1990-02-21,0.0
7357,1990-02-22,0.0
7358,1990-02-23,0.0
7359,1990-02-24,0.0
7360,1990-02-25,8.5
7361,1990-02-26,7.4
7362,1990-02-27,15.0
7363,1990-02-28,7.2
7364,1990-03-01,2.7
7365,1990-03-02,1.6
7366,1990-03-03,0.1
7367,1990-03-04,0.0
7368,1990-03-05,0.0
7369,1990-03-06,0.0
7370,1990-03-07,0.1
7371,1990-03-08,0.0
7372,1990-03-09,0.1
7373,1990-03-10,0.1
7374,1990-03-11,0.0
7375,1990-03-12,0.0
7376,1990-03-13,0.8
7377,1990-03-14,0.0
7378,1990-03-15,0.0
7379,1990-03-16,0.0
7380,1990-03-17,0.0
7381,1990-03-18,0.0
7382,1990-03-19,0.0
7383,1990-03-20,1.7
7384,1990-03-21,0.1
7385,1990-03-22,3.0
7386,1990-03-23,0.0
7387,1990-03-24,0.8
7388,1990-03-25,1.8
7389,1990-03-26,1.2
7390,1990-03-27,0.6
7391,1990-03-28,0.6
7392,1990-03-29,0.0
7393,1990-03-30,0.0
7394,1990-03-31,0.0
7395,1990-04-01,0.0
7396,1990-04-02,3.8
7397,1990-04-03,4.1
7398,1990-04-04,2.5
7399,1990-04-05,0.0
7400,1990-04-06,0.0
7401,1990-04-07,0.0
7402,1990-04-08,0.8
7403,1990-04-09,0.0
7404,1990-04-10,0.2
7405,1990-04-11,0.9
7406,1990-04-12,0.3
7407,1990-04-13,4.2
7408,1990-04-14,2.4
7409,1990-04-15,10.8
7410,1990-04-16,2.4
7411,1990-04-17,1.7
7412,1990-04-18,6.3
7413,1990-04-19,7.4
7414,1990-04-20,2.1
7415,1990-04-21,0.8
7416,1990-04-22,6.9
7417,1990-04-23,2.8
7418,1990-04-24,4.7
7419,1990-04-25,0.3
7420,1990-04-26,0.1
7421,1990-04-27,0.4
7422,1990-04-28,0.0
7423,1990-04-29,0.0
7424,1990-04-30,0.0
7425,1990-05-01,0.0
7426,1990-05-02,0.0
7427,1990-05-03,0.0
7428,1990-05-04,0.0
7429,1990-05-05,0.0
7430,1990-05-06,0.1
7431,1990-05-07,0.0
7432,1990-05-08,0.9
7433,1990-05-09,0.2
7434,1990-05-10,0.4
7435,1990-05-11,1.3
7436,1990-05-12,0.7
7437,1990-05-13,0.0
7438,1990-05-14,0.0
7439,1990-05-15,0.9
7440,1990-05-16,0.5
7441,1990-05-17,0.0
7442,1990-05-18,0.0
7443,1990-05-19,0.0
7444,1990-05-20,0.0
7445,1990-05-21,6.9
7446,1990-05-22,0.0
7447,1990-05-23,0.0
7448,1990-05-24,0.0
7449,1990-05-25,0.0
7450,1990-05-26,0.0
7451,1990-05-27,0.0
7452,1990-05-28,0.0
7453,1990-05-29,0.0
7454,1990-05-30,0.0
7455,1990-05-31,0.0
7456,1990-06-01,2.9
7457,1990-06-02,3.5
7458,1990-06-03,5.4
7459,1990-06-04,0.4
7460,1990-06-05,0.4
7461,1990-06-06,1.6
7462,1990-06-07,6.8
7463,1990-06-08,4.7
7464,1990-06-09,5.3
7465,1990-06-10,0.7
7466,1990-06-11,0.2
7467,1990-06-12,0.7
7468,1990-06-13,0.6
7469,1990-06-14,0.6
7470,1990-06-15,0.0
7471,1990-06-16,0.0
7472,1990-06-17,0.0
7473,1990-06-18,2.2
7474,1990-06-19,8.5
7475,1990-06-20,1.3
7476,1990-06-21,6.5
7477,1990-06-22,3.5
7478,1990-06-23,0.7
7479,1990-06-24,0.1
7480,1990-06-25,0.0
7481,1990-06-26,4.0
7482,1990-06-27,6.4
7483,1990-06-28,0.2
7484,1990-06-29,0.8
7485,1990-06-30,1.4
7486,1990-07-01,1.3
7487,1990-07-02,0.4
7488,1990-07-03,4.5
7489,1990-07-04,2.1
7490,1990-07-05,5.4
7491,1990-07-06,0.4
7492,1990-07-07,2.8
7493,1990-07-08,1.6
7494,1990-07-09,1.4
7495,1990-07-10,0.4
7496,1990-07-11,0.0
7497,1990-07-12,0.0
7498,1990-07-13,0.0
7499,1990-07-14,0.0
7500,1990-07-15,0.0
7501,1990-07-16,0.0
7502,1990-07-17,0.0
7503,1990-07-18,0.0
7504,1990-07-19,0.0
7505,1990-07-20,0.0
7506,1990-07-21,0.0
7507,1990-07-22,0.0
7508,1990-07-23,0.0
7509,1990-07-24,0.0
7510,1990-07-25,0.0
7511,1990-07-26,0.0
7512,1990-07-27,0.1
7513,1990-07-28,12.7
7514,1990-07-29,0.0
7515,1990-07-30,0.0
7516,1990-07-31,0.0
7517,1990-08-01,0.0
7518,1990-08-02,0.0
7519,1990-08-03,0.0
7520,1990-08-04,0.0
7521,1990-08-05,0.0
7522,1990-08-06,0.0
7523,1990-08-07,0.3
7524,1990-08-08,0.0
7525,1990-08-09,0.0
7526,1990-08-10,0.0
7527,1990-08-11,0.0
7528,1990-08-12,0.0
7529,1990-08-13,1.2
7530,1990-08-14,0.4
7531,1990-08-15,3.7
7532,1990-08-16,3.1
7533,1990-08-17,0.5
7534,1990-08-18,2.9
7535,1990-08-19,1.4
7536,1990-08-20,0.5
7537,1990-08-21,0.2
7538,1990-08-22,0.0
7539,1990-08-23,0.0
7540,1990-08-24,0.0
7541,1990-08-25,1.3
7542,1990-08-26,0.3
7543,1990-08-27,0.2
7544,1990-08-28,0.0
7545,1990-08-29,0.1
7546,1990-08-30,4.2
7547,1990-08-31,1.6
7548,1990-09-01,1.6
7549,1990-09-02,0.9
7550,1990-09-03,0.0
7551,1990-09-04,0.8
7552,1990-09-05,0.1
7553,1990-09-06,0.5
7554,1990-09-07,1.1
7555,1990-09-08,0.4
7556,1990-09-09,0.0
7557,1990-09-10,0.0
7558,1990-09-11,0.2
7559,1990-09-12,0.0
7560,1990-09-13,0.0
7561,1990-09-14,0.0
7562,1990-09-15,0.0
7563,1990-09-16,0.0
7564,1990-09-17,0.0
7565,1990-09-18,0.0
7566,1990-09-19,0.1
7567,1990-09-20,1.0
7568,1990-09-21,1.4
7569,1990-09-22,6.0
7570,1990-09-23,3.7
7571,1990-09-24,1.0
7572,1990-09-25,0.6
7573,1990-09-26,0.1
7574,1990-09-27,0.0
7575,1990-09-28,0.0
7576,1990-09-29,2.4
7577,1990-09-30,16.3
7578,1990-10-01,5.7
7579,1990-10-02,0.0
7580,1990-10-03,1.2
7581,1990-10-04,0.2
7582,1990-10-05,0.0
7583,1990-10-06,0.0
7584,1990-10-07,0.1
7585,1990-10-08,0.2
7586,1990-10-09,0.0
7587,1990-10-10,0.0
7588,1990-10-11,0.0
7589,1990-10-12,0.0
7590,1990-10-13,0.0
7591,1990-10-14,0.0
7592,1990-10-15,0.3
7593,1990-10-16,0.0
7594,1990-10-17,1.7
7595,1990-10-18,4.8
7596,1990-10-19,2.3
7597,1990-10-20,0.2
7598,1990-10-21,0.0
7599,1990-10-22,0.0
7600,1990-10-23,0.0
7601,1990-10-24,2.0
7602,1990-10-25,1.7
7603,1990-10-26,7.7
7604,1990-10-27,5.4
7605,1990-10-28,34.7
7606,1990-10-29,5.0
7607,1990-10-30,0.2
7608,1990-10-31,0.5
7609,1990-11-01,1.4
7610,1990-11-02,1.6
7611,1990-11-03,0.9
7612,1990-11-04,1.6
7613,1990-11-05,0.6
7614,1990-11-06,0.0
7615,1990-11-07,0.0
7616,1990-11-08,0.0
7617,1990-11-09,1.0
7618,1990-11-10,1.1
7619,1990-11-11,1.8
7620,1990-11-12,0.2
7621,1990-11-13,2.2
7622,1990-11-14,5.6
7623,1990-11-15,0.8
7624,1990-11-16,0.8
7625,1990-11-17,1.6
7626,1990-11-18,1.3
7627,1990-11-19,3.7
7628,1990-11-20,7.6
7629,1990-11-21,0.0
7630,1990-11-22,0.0
7631,1990-11-23,0.2
7632,1990-11-24,8.1
7633,1990-11-25,8.5
7634,1990-11-26,1.7
7635,1990-11-27,0.0
7636,1990-11-28,0.2
7637,1990-11-29,1.4
7638,1990-11-30,0.5
7639,1990-12-01,0.1
7640,1990-12-02,0.2
7641,1990-12-03,0.0
7642,1990-12-04,0.1
7643,1990-12-05,0.0
7644,1990-12-06,0.0
7645,1990-12-07,0.0
7646,1990-12-08,0.7
7647,1990-12-09,3.6
7648,1990-12-10,12.5
7649,1990-12-11,1.0
7650,1990-12-12,4.9
7651,1990-12-13,5.2
7652,1990-12-14,0.0
7653,1990-12-15,1.0
7654,1990-12-16,0.1
7655,1990-12-17,0.0
7656,1990-12-18,0.1
7657,1990-12-19,0.2
7658,1990-12-20,3.5
7659,1990-12-21,9.8
7660,1990-12-22,0.2
7661,1990-12-23,0.1
7662,1990-12-24,0.0
7663,1990-12-25,7.2
7664,1990-12-26,4.5
7665,1990-12-27,1.9
7666,1990-12-28,1.7
7667,1990-12-29,10.6
7668,1990-12-30,0.8
7669,1990-12-31,5.7
7670,1991-01-01,1.8
7671,1991-01-02,11.6
7672,1991-01-03,12.0
7673,1991-01-04,1.8
7674,1991-01-05,8.0
7675,1991-01-06,0.2
7676,1991-01-07,1.6
7677,1991-01-08,6.5
7678,1991-01-09,5.5
7679,1991-01-10,10.2
7680,1991-01-11,0.9
7681,1991-01-12,0.3
7682,1991-01-13,0.1
7683,1991-01-14,0.0
7684,1991-01-15,0.0
7685,1991-01-16,0.0
7686,1991-01-17,0.0
7687,1991-01-18,0.0
7688,1991-01-19,6.0
7689,1991-01-20,0.0
7690,1991-01-21,0.9
7691,1991-01-22,1.3
7692,1991-01-23,0.0
7693,1991-01-24,0.1
7694,1991-01-25,0.0
7695,1991-01-26,0.1
7696,1991-01-27,0.1
7697,1991-01-28,0.0
7698,1991-01-29,0.0
7699,1991-01-30,0.0
7700,1991-01-31,0.3
7701,1991-02-01,0.1
7702,1991-02-02,0.0
7703,1991-02-03,0.0
7704,1991-02-04,0.0
7705,1991-02-05,0.0
7706,1991-02-06,0.2
7707,1991-02-07,0.0
7708,1991-02-08,1.7
7709,1991-02-09,1.7
7710,1991-02-10,0.7
7711,1991-02-11,2.2
7712,1991-02-12,1.0
7713,1991-02-13,0.3
7714,1991-02-14,0.3
7715,1991-02-15,7.0
7716,1991-02-16,0.1
7717,1991-02-17,0.0
7718,1991-02-18,0.0
7719,1991-02-19,0.0
7720,1991-02-20,0.0
7721,1991-02-21,0.6
7722,1991-02-22,0.3
7723,1991-02-23,1.9
7724,1991-02-24,0.0
7725,1991-02-25,0.1
7726,1991-02-26,0.0
7727,1991-02-27,1.5
7728,1991-02-28,2.3
7729,1991-03-01,6.0
7730,1991-03-02,0.7
7731,1991-03-03,0.0
7732,1991-03-04,0.2
7733,1991-03-05,0.5
7734,1991-03-06,0.2
7735,1991-03-07,1.6
7736,1991-03-08,3.7
7737,1991-03-09,0.0
7738,1991-03-10,4.2
7739,1991-03-11,2.2
7740,1991-03-12,0.1
7741,1991-03-13,0.0
7742,1991-03-14,0.4
7743,1991-03-15,0.6
7744,1991-03-16,1.9
7745,1991-03-17,0.5
7746,1991-03-18,0.7
7747,1991-03-19,5.5
7748,1991-03-20,1.7
7749,1991-03-21,16.7
7750,1991-03-22,4.2
7751,1991-03-23,5.7
7752,1991-03-24,0.0
7753,1991-03-25,1.5
7754,1991-03-26,0.0
7755,1991-03-27,0.0
7756,1991-03-28,0.0
7757,1991-03-29,0.0
7758,1991-03-30,0.0
7759,1991-03-31,0.1
7760,1991-04-01,0.1
7761,1991-04-02,0.0
7762,1991-04-03,2.7
7763,1991-04-04,5.3
7764,1991-04-05,1.6
7765,1991-04-06,1.3
7766,1991-04-07,0.7
7767,1991-04-08,1.6
7768,1991-04-09,0.3
7769,1991-04-10,0.0
7770,1991-04-11,0.0
7771,1991-04-12,0.0
7772,1991-04-13,0.0
7773,1991-04-14,0.3
7774,1991-04-15,0.0
7775,1991-04-16,0.0
7776,1991-04-17,0.8
7777,1991-04-18,3.2
7778,1991-04-19,4.8
7779,1991-04-20,1.0
7780,1991-04-21,1.5
7781,1991-04-22,7.3
7782,1991-04-23,1.2
7783,1991-04-24,0.2
7784,1991-04-25,0.4
7785,1991-04-26,0.0
7786,1991-04-27,0.2
7787,1991-04-28,0.0
7788,1991-04-29,4.7
7789,1991-04-30,17.2
7790,1991-05-01,0.8
7791,1991-05-02,0.0
7792,1991-05-03,0.8
7793,1991-05-04,6.2
7794,1991-05-05,1.5
7795,1991-05-06,3.7
7796,1991-05-07,3.9
7797,1991-05-08,0.5
7798,1991-05-09,0.1
7799,1991-05-10,0.9
7800,1991-05-11,0.1
7801,1991-05-12,0.4
7802,1991-05-13,0.4
7803,1991-05-14,0.5
7804,1991-05-15,1.9
7805,1991-05-16,2.4
7806,1991-05-17,0.9
7807,1991-05-18,0.0
7808,1991-05-19,0.2
7809,1991-05-20,0.4
7810,1991-05-21,0.1
7811,1991-05-22,0.3
7812,1991-05-23,0.1
7813,1991-05-24,0.0
7814,1991-05-25,0.1
7815,1991-05-26,0.2
7816,1991-05-27,0.0
7817,1991-05-28,0.0
7818,1991-05-29,0.0
7819,1991-05-30,0.0
7820,1991-05-31,0.0
7821,1991-06-01,0.0
7822,1991-06-02,0.0
7823,1991-06-03,0.2
7824,1991-06-04,1.1
7825,1991-06-05,1.7
7826,1991-06-06,4.0
7827,1991-06-07,5.5
7828,1991-06-08,0.6
7829,1991-06-09,1.5
7830,1991-06-10,1.8
7831,1991-06-11,0.1
7832,1991-06-12,1.2
7833,1991-06-13,0.6
7834,1991-06-14,0.3
7835,1991-06-15,2.5
7836,1991-06-16,3.7
7837,1991-06-17,4.9
7838,1991-06-18,4.4
7839,1991-06-19,5.4
7840,1991-06-20,9.2
7841,1991-06-21,3.1
7842,1991-06-22,0.2
7843,1991-06-23,0.5
7844,1991-06-24,0.9
7845,1991-06-25,0.8
7846,1991-06-26,9.5
7847,1991-06-27,4.7
7848,1991-06-28,2.4
7849,1991-06-29,1.0
7850,1991-06-30,0.0
7851,1991-07-01,5.3
7852,1991-07-02,9.1
7853,1991-07-03,0.4
7854,1991-07-04,0.0
7855,1991-07-05,0.1
7856,1991-07-06,0.7
7857,1991-07-07,10.8
7858,1991-07-08,1.2
7859,1991-07-09,0.6
7860,1991-07-10,0.0
7861,1991-07-11,0.4
7862,1991-07-12,0.0
7863,1991-07-13,14.0
7864,1991-07-14,4.8
7865,1991-07-15,0.4
7866,1991-07-16,0.5
7867,1991-07-17,0.0
7868,1991-07-18,4.2
7869,1991-07-19,0.7
7870,1991-07-20,0.7
7871,1991-07-21,0.1
7872,1991-07-22,0.0
7873,1991-07-23,0.0
7874,1991-07-24,7.6
7875,1991-07-25,7.7
7876,1991-07-26,0.5
7877,1991-07-27,0.2
7878,1991-07-28,0.0
7879,1991-07-29,0.0
7880,1991-07-30,7.9
7881,1991-07-31,0.7
7882,1991-08-01,0.6
7883,1991-08-02,0.0
7884,1991-08-03,0.0
7885,1991-08-04,0.4
7886,1991-08-05,0.2
7887,1991-08-06,0.0
7888,1991-08-07,0.9
7889,1991-08-08,24.0
7890,1991-08-09,0.0
7891,1991-08-10,0.0
7892,1991-08-11,0.0
7893,1991-08-12,0.3
7894,1991-08-13,0.0
7895,1991-08-14,0.3
7896,1991-08-15,0.1
7897,1991-08-16,0.2
7898,1991-08-17,0.0
7899,1991-08-18,0.0
7900,1991-08-19,0.0
7901,1991-08-20,0.0
7902,1991-08-21,0.0
7903,1991-08-22,2.5
7904,1991-08-23,0.8
7905,1991-08-24,0.1
7906,1991-08-25,0.0
7907,1991-08-26,0.0
7908,1991-08-27,0.0
7909,1991-08-28,0.0
7910,1991-08-29,0.0
7911,1991-08-30,0.0
7912,1991-08-31,0.0
7913,1991-09-01,2.9
7914,1991-09-02,1.6
7915,1991-09-03,1.2
7916,1991-09-04,0.0
7917,1991-09-05,0.0
7918,1991-09-06,0.0
7919,1991-09-07,0.0
7920,1991-09-08,0.0
7921,1991-09-09,0.0
7922,1991-09-10,0.1
7923,1991-09-11,0.0
7924,1991-09-12,0.0
7925,1991-09-13,0.0
7926,1991-09-14,0.0
7927,1991-09-15,1.9
7928,1991-09-16,0.0
7929,1991-09-17,0.2
7930,1991-09-18,0.0
7931,1991-09-19,0.7
7932,1991-09-20,0.0
7933,1991-09-21,0.0
7934,1991-09-22,5.3
7935,1991-09-23,0.3
7936,1991-09-24,1.5
7937,1991-09-25,8.9
7938,1991-09-26,4.1
7939,1991-09-27,1.4
7940,1991-09-28,5.1
7941,1991-09-29,1.0
7942,1991-09-30,4.2
7943,1991-10-01,0.2
7944,1991-10-02,0.0
7945,1991-10-03,0.0
7946,1991-10-04,0.2
7947,1991-10-05,0.6
7948,1991-10-06,0.3
7949,1991-10-07,0.0
7950,1991-10-08,0.0
7951,1991-10-09,0.0
7952,1991-10-10,0.0
7953,1991-10-11,3.8
7954,1991-10-12,0.1
7955,1991-10-13,0.1
7956,1991-10-14,2.3
7957,1991-10-15,0.0
7958,1991-10-16,3.8
7959,1991-10-17,3.7
7960,1991-10-18,5.2
7961,1991-10-19,0.7
7962,1991-10-20,1.5
7963,1991-10-21,0.2
7964,1991-10-22,0.1
7965,1991-10-23,0.2
7966,1991-10-24,0.0
7967,1991-10-25,0.2
7968,1991-10-26,0.0
7969,1991-10-27,0.1
7970,1991-10-28,0.3
7971,1991-10-29,0.1
7972,1991-10-30,10.3
7973,1991-10-31,0.1
7974,1991-11-01,1.4
7975,1991-11-02,2.5
7976,1991-11-03,8.2
7977,1991-11-04,3.9
7978,1991-11-05,3.6
7979,1991-11-06,0.2
7980,1991-11-07,0.4
7981,1991-11-08,3.4
7982,1991-11-09,0.4
7983,1991-11-10,0.1
7984,1991-11-11,11.9
7985,1991-11-12,9.2
7986,1991-11-13,4.1
7987,1991-11-14,3.4
7988,1991-11-15,0.2
7989,1991-11-16,0.5
7990,1991-11-17,3.4
7991,1991-11-18,2.1
7992,1991-11-19,7.7
7993,1991-11-20,3.8
7994,1991-11-21,0.2
7995,1991-11-22,0.0
7996,1991-11-23,0.0
7997,1991-11-24,0.0
7998,1991-11-25,0.1
7999,1991-11-26,0.0
8000,1991-11-27,0.0
8001,1991-11-28,0.0
8002,1991-11-29,0.0
8003,1991-11-30,0.0
8004,1991-12-01,0.0
8005,1991-12-02,0.1
8006,1991-12-03,0.1
8007,1991-12-04,0.0
8008,1991-12-05,0.1
8009,1991-12-06,0.0
8010,1991-12-07,0.0
8011,1991-12-08,0.0
8012,1991-12-09,0.0
8013,1991-12-10,0.0
8014,1991-12-11,0.0
8015,1991-12-12,0.0
8016,1991-12-13,0.0
8017,1991-12-14,0.0
8018,1991-12-15,0.0
8019,1991-12-16,5.1
8020,1991-12-17,7.7
8021,1991-12-18,6.7
8022,1991-12-19,8.5
8023,1991-12-20,2.4
8024,1991-12-21,11.1
8025,1991-12-22,0.5
8026,1991-12-23,0.8
8027,1991-12-24,0.0
8028,1991-12-25,0.0
8029,1991-12-26,0.4
8030,1991-12-27,0.4
8031,1991-12-28,0.0
8032,1991-12-29,0.0
8033,1991-12-30,0.3
8034,1991-12-31,0.2
8035,1992-01-01,0.1
8036,1992-01-02,0.0
8037,1992-01-03,0.1
8038,1992-01-04,2.2
8039,1992-01-05,0.1
8040,1992-01-06,0.0
8041,1992-01-07,0.0
8042,1992-01-08,0.6
8043,1992-01-09,3.5
8044,1992-01-10,2.4
8045,1992-01-11,0.4
8046,1992-01-12,0.1
8047,1992-01-13,0.1
8048,1992-01-14,0.0
8049,1992-01-15,0.1
8050,1992-01-16,0.2
8051,1992-01-17,0.1
8052,1992-01-18,0.0
8053,1992-01-19,1.7
8054,1992-01-20,1.5
8055,1992-01-21,0.0
8056,1992-01-22,0.0
8057,1992-01-23,0.1
8058,1992-01-24,0.0
8059,1992-01-25,0.0
8060,1992-01-26,0.0
8061,1992-01-27,0.1
8062,1992-01-28,0.0
8063,1992-01-29,0.0
8064,1992-01-30,0.0
8065,1992-01-31,0.0
8066,1992-02-01,0.0
8067,1992-02-02,0.1
8068,1992-02-03,0.5
8069,1992-02-04,3.2
8070,1992-02-05,0.1
8071,1992-02-06,0.1
8072,1992-02-07,0.0
8073,1992-02-08,0.0
8074,1992-02-09,2.6
8075,1992-02-10,1.2
8076,1992-02-11,10.0
8077,1992-02-12,3.4
8078,1992-02-13,2.6
8079,1992-02-14,1.1
8080,1992-02-15,4.8
8081,1992-02-16,2.9
8082,1992-02-17,0.7
8083,1992-02-18,0.0
8084,1992-02-19,0.0
8085,1992-02-20,0.0
8086,1992-02-21,0.0
8087,1992-02-22,0.0
8088,1992-02-23,0.0
8089,1992-02-24,0.1
8090,1992-02-25,0.0
8091,1992-02-26,0.0
8092,1992-02-27,0.0
8093,1992-02-28,0.0
8094,1992-02-29,0.0
8095,1992-03-01,0.0
8096,1992-03-02,2.9
8097,1992-03-03,0.0
8098,1992-03-04,0.0
8099,1992-03-05,2.7
8100,1992-03-06,0.0
8101,1992-03-07,0.0
8102,1992-03-08,1.5
8103,1992-03-09,0.2
8104,1992-03-10,2.1
8105,1992-03-11,1.1
8106,1992-03-12,5.1
8107,1992-03-13,6.6
8108,1992-03-14,2.4
8109,1992-03-15,2.5
8110,1992-03-16,0.0
8111,1992-03-17,0.2
8112,1992-03-18,0.0
8113,1992-03-19,0.1
8114,1992-03-20,0.1
8115,1992-03-21,1.3
8116,1992-03-22,12.3
8117,1992-03-23,7.7
8118,1992-03-24,2.6
8119,1992-03-25,1.4
8120,1992-03-26,14.1
8121,1992-03-27,3.2
8122,1992-03-28,2.5
8123,1992-03-29,3.4
8124,1992-03-30,4.8
8125,1992-03-31,1.4
8126,1992-04-01,0.5
8127,1992-04-02,7.7
8128,1992-04-03,0.0
8129,1992-04-04,0.0
8130,1992-04-05,0.0
8131,1992-04-06,0.1
8132,1992-04-07,0.4
8133,1992-04-08,0.0
8134,1992-04-09,0.0
8135,1992-04-10,0.0
8136,1992-04-11,0.0
8137,1992-04-12,0.9
8138,1992-04-13,0.6
8139,1992-04-14,1.8
8140,1992-04-15,8.0
8141,1992-04-16,1.0
8142,1992-04-17,2.0
8143,1992-04-18,0.3
8144,1992-04-19,0.6
8145,1992-04-20,0.1
8146,1992-04-21,0.0
8147,1992-04-22,0.1
8148,1992-04-23,1.9
8149,1992-04-24,0.0
8150,1992-04-25,1.4
8151,1992-04-26,3.3
8152,1992-04-27,0.7
8153,1992-04-28,5.3
8154,1992-04-29,1.7
8155,1992-04-30,0.5
8156,1992-05-01,6.3
8157,1992-05-02,0.4
8158,1992-05-03,0.0
8159,1992-05-04,0.0
8160,1992-05-05,0.0
8161,1992-05-06,0.0
8162,1992-05-07,0.1
8163,1992-05-08,0.2
8164,1992-05-09,2.1
8165,1992-05-10,6.2
8166,1992-05-11,5.0
8167,1992-05-12,0.0
8168,1992-05-13,0.0
8169,1992-05-14,0.0
8170,1992-05-15,0.0
8171,1992-05-16,0.0
8172,1992-05-17,0.0
8173,1992-05-18,0.0
8174,1992-05-19,0.0
8175,1992-05-20,0.0
8176,1992-05-21,0.0
8177,1992-05-22,0.7
8178,1992-05-23,0.0
8179,1992-05-24,1.1
8180,1992-05-25,3.6
8181,1992-05-26,1.6
8182,1992-05-27,10.2
8183,1992-05-28,19.8
8184,1992-05-29,11.9
8185,1992-05-30,3.2
8186,1992-05-31,5.8
8187,1992-06-01,1.0
8188,1992-06-02,14.6
8189,1992-06-03,9.1
8190,1992-06-04,5.1
8191,1992-06-05,0.6
8192,1992-06-06,0.1
8193,1992-06-07,0.9
8194,1992-06-08,1.9
8195,1992-06-09,2.4
8196,1992-06-10,8.8
8197,1992-06-11,0.0
8198,1992-06-12,5.1
8199,1992-06-13,0.0
8200,1992-06-14,0.0
8201,1992-06-15,0.0
8202,1992-06-16,0.0
8203,1992-06-17,0.0
8204,1992-06-18,0.2
8205,1992-06-19,5.8
8206,1992-06-20,31.8
8207,1992-06-21,2.2
8208,1992-06-22,0.0
8209,1992-06-23,2.7
8210,1992-06-24,14.4
8211,1992-06-25,4.6
8212,1992-06-26,0.2
8213,1992-06-27,0.3
8214,1992-06-28,0.0
8215,1992-06-29,0.0
8216,1992-06-30,8.7
8217,1992-07-01,1.1
8218,1992-07-02,1.3
8219,1992-07-03,4.5
8220,1992-07-04,5.6
8221,1992-07-05,2.5
8222,1992-07-06,1.7
8223,1992-07-07,0.0
8224,1992-07-08,0.2
8225,1992-07-09,0.4
8226,1992-07-10,2.6
8227,1992-07-11,4.8
8228,1992-07-12,2.5
8229,1992-07-13,0.8
8230,1992-07-14,0.7
8231,1992-07-15,0.5
8232,1992-07-16,1.6
8233,1992-07-17,1.7
8234,1992-07-18,0.0
8235,1992-07-19,0.0
8236,1992-07-20,0.0
8237,1992-07-21,4.0
8238,1992-07-22,0.2
8239,1992-07-23,0.0
8240,1992-07-24,0.5
8241,1992-07-25,0.0
8242,1992-07-26,0.0
8243,1992-07-27,0.3
8244,1992-07-28,0.0
8245,1992-07-29,0.0
8246,1992-07-30,0.0
8247,1992-07-31,0.0
8248,1992-08-01,0.6
8249,1992-08-02,0.3
8250,1992-08-03,0.5
8251,1992-08-04,0.0
8252,1992-08-05,0.0
8253,1992-08-06,0.0
8254,1992-08-07,0.0
8255,1992-08-08,0.2
8256,1992-08-09,5.4
8257,1992-08-10,29.1
8258,1992-08-11,0.7
8259,1992-08-12,3.9
8260,1992-08-13,7.5
8261,1992-08-14,6.7
8262,1992-08-15,0.0
8263,1992-08-16,1.9
8264,1992-08-17,2.7
8265,1992-08-18,0.7
8266,1992-08-19,0.0
8267,1992-08-20,20.8
8268,1992-08-21,1.4
8269,1992-08-22,4.7
8270,1992-08-23,0.7
8271,1992-08-24,0.6
8272,1992-08-25,0.0
8273,1992-08-26,1.1
8274,1992-08-27,1.4
8275,1992-08-28,9.8
8276,1992-08-29,13.2
8277,1992-08-30,5.0
8278,1992-08-31,8.8
8279,1992-09-01,0.3
8280,1992-09-02,12.5
8281,1992-09-03,1.2
8282,1992-09-04,3.1
8283,1992-09-05,0.8
8284,1992-09-06,0.0
8285,1992-09-07,0.5
8286,1992-09-08,0.6
8287,1992-09-09,0.0
8288,1992-09-10,0.0
8289,1992-09-11,0.1
8290,1992-09-12,0.0
8291,1992-09-13,1.0
8292,1992-09-14,5.7
8293,1992-09-15,0.0
8294,1992-09-16,0.0
8295,1992-09-17,0.0
8296,1992-09-18,1.5
8297,1992-09-19,0.8
8298,1992-09-20,0.9
8299,1992-09-21,3.2
8300,1992-09-22,12.3
8301,1992-09-23,1.0
8302,1992-09-24,2.6
8303,1992-09-25,0.0
8304,1992-09-26,0.0
8305,1992-09-27,0.9
8306,1992-09-28,8.1
8307,1992-09-29,0.6
8308,1992-09-30,0.8
8309,1992-10-01,0.0
8310,1992-10-02,0.0
8311,1992-10-03,4.3
8312,1992-10-04,0.1
8313,1992-10-05,1.0
8314,1992-10-06,6.6
8315,1992-10-07,1.3
8316,1992-10-08,0.1
8317,1992-10-09,0.3
8318,1992-10-10,0.0
8319,1992-10-11,0.0
8320,1992-10-12,0.2
8321,1992-10-13,0.0
8322,1992-10-14,0.0
8323,1992-10-15,4.9
8324,1992-10-16,0.0
8325,1992-10-17,0.1
8326,1992-10-18,0.0
8327,1992-10-19,0.0
8328,1992-10-20,0.5
8329,1992-10-21,2.7
8330,1992-10-22,0.5
8331,1992-10-23,3.8
8332,1992-10-24,8.2
8333,1992-10-25,9.8
8334,1992-10-26,0.5
8335,1992-10-27,9.1
8336,1992-10-28,4.1
8337,1992-10-29,1.2
8338,1992-10-30,0.0
8339,1992-10-31,0.0
8340,1992-11-01,0.0
8341,1992-11-02,3.1
8342,1992-11-03,0.6
8343,1992-11-04,0.0
8344,1992-11-05,0.3
8345,1992-11-06,0.4
8346,1992-11-07,0.3
8347,1992-11-08,0.6
8348,1992-11-09,1.8
8349,1992-11-10,3.5
8350,1992-11-11,9.2
8351,1992-11-12,2.9
8352,1992-11-13,1.2
8353,1992-11-14,2.3
8354,1992-11-15,3.0
8355,1992-11-16,4.1
8356,1992-11-17,1.2
8357,1992-11-18,14.9
8358,1992-11-19,2.7
8359,1992-11-20,0.8
8360,1992-11-21,2.4
8361,1992-11-22,4.5
8362,1992-11-23,0.2
8363,1992-11-24,3.8
8364,1992-11-25,5.3
8365,1992-11-26,1.4
8366,1992-11-27,3.8
8367,1992-11-28,2.9
8368,1992-11-29,4.4
8369,1992-11-30,1.1
8370,1992-12-01,0.6
8371,1992-12-02,15.0
8372,1992-12-03,5.2
8373,1992-12-04,14.3
8374,1992-12-05,0.2
8375,1992-12-06,4.5
8376,1992-12-07,4.5
8377,1992-12-08,0.2
8378,1992-12-09,0.2
8379,1992-12-10,0.0
8380,1992-12-11,0.3
8381,1992-12-12,3.9
8382,1992-12-13,0.0
8383,1992-12-14,0.4
8384,1992-12-15,0.1
8385,1992-12-16,0.0
8386,1992-12-17,0.0
8387,1992-12-18,3.5
8388,1992-12-19,1.6
8389,1992-12-20,0.8
8390,1992-12-21,0.4
8391,1992-12-22,0.2
8392,1992-12-23,0.1
8393,1992-12-24,0.0
8394,1992-12-25,0.1
8395,1992-12-26,0.0
8396,1992-12-27,0.0
8397,1992-12-28,0.0
8398,1992-12-29,0.0
8399,1992-12-30,0.0
8400,1992-12-31,0.0
8401,1993-01-01,0.0
8402,1993-01-02,0.0
8403,1993-01-03,0.0
8404,1993-01-04,0.1
8405,1993-01-05,0.4
8406,1993-01-06,1.8
8407,1993-01-07,2.0
8408,1993-01-08,1.3
8409,1993-01-09,0.6
8410,1993-01-10,3.7
8411,1993-01-11,24.2
8412,1993-01-12,15.4
8413,1993-01-13,3.0
8414,1993-01-14,0.1
8415,1993-01-15,0.8
8416,1993-01-16,0.1
8417,1993-01-17,1.6
8418,1993-01-18,0.4
8419,1993-01-19,0.1
8420,1993-01-20,0.2
8421,1993-01-21,0.7
8422,1993-01-22,1.4
8423,1993-01-23,0.1
8424,1993-01-24,3.1
8425,1993-01-25,0.4
8426,1993-01-26,5.5
8427,1993-01-27,8.2
8428,1993-01-28,0.7
8429,1993-01-29,4.5
8430,1993-01-30,0.1
8431,1993-01-31,0.1
8432,1993-02-01,0.1
8433,1993-02-02,0.0
8434,1993-02-03,0.1
8435,1993-02-04,0.0
8436,1993-02-05,0.0
8437,1993-02-06,0.1
8438,1993-02-07,0.4
8439,1993-02-08,0.3
8440,1993-02-09,0.1
8441,1993-02-10,0.0
8442,1993-02-11,0.0
8443,1993-02-12,0.0
8444,1993-02-13,0.1
8445,1993-02-14,0.0
8446,1993-02-15,0.0
8447,1993-02-16,0.8
8448,1993-02-17,1.1
8449,1993-02-18,0.4
8450,1993-02-19,0.9
8451,1993-02-20,0.1
8452,1993-02-21,1.2
8453,1993-02-22,1.2
8454,1993-02-23,0.0
8455,1993-02-24,0.2
8456,1993-02-25,1.1
8457,1993-02-26,5.2
8458,1993-02-27,5.0
8459,1993-02-28,0.5
8460,1993-03-01,0.0
8461,1993-03-02,0.0
8462,1993-03-03,0.0
8463,1993-03-04,0.0
8464,1993-03-05,0.2
8465,1993-03-06,0.6
8466,1993-03-07,0.1
8467,1993-03-08,0.0
8468,1993-03-09,0.0
8469,1993-03-10,0.0
8470,1993-03-11,0.0
8471,1993-03-12,0.0
8472,1993-03-13,0.0
8473,1993-03-14,0.0
8474,1993-03-15,0.0
8475,1993-03-16,0.0
8476,1993-03-17,0.3
8477,1993-03-18,0.0
8478,1993-03-19,0.0
8479,1993-03-20,0.0
8480,1993-03-21,0.9
8481,1993-03-22,2.0
8482,1993-03-23,0.0
8483,1993-03-24,0.0
8484,1993-03-25,0.2
8485,1993-03-26,0.3
8486,1993-03-27,0.0
8487,1993-03-28,0.0
8488,1993-03-29,0.0
8489,1993-03-30,0.0
8490,1993-03-31,0.1
8491,1993-04-01,8.4
8492,1993-04-02,0.5
8493,1993-04-03,0.1
8494,1993-04-04,6.4
8495,1993-04-05,7.8
8496,1993-04-06,0.6
8497,1993-04-07,2.8
8498,1993-04-08,0.0
8499,1993-04-09,5.5
8500,1993-04-10,3.6
8501,1993-04-11,3.1
8502,1993-04-12,1.3
8503,1993-04-13,5.4
8504,1993-04-14,6.6
8505,1993-04-15,1.0
8506,1993-04-16,0.0
8507,1993-04-17,0.1
8508,1993-04-18,0.7
8509,1993-04-19,0.0
8510,1993-04-20,0.0
8511,1993-04-21,0.1
8512,1993-04-22,6.3
8513,1993-04-23,0.8
8514,1993-04-24,11.7
8515,1993-04-25,3.2
8516,1993-04-26,7.8
8517,1993-04-27,1.5
8518,1993-04-28,0.0
8519,1993-04-29,3.3
8520,1993-04-30,5.9
8521,1993-05-01,1.7
8522,1993-05-02,3.4
8523,1993-05-03,0.4
8524,1993-05-04,0.2
8525,1993-05-05,0.0
8526,1993-05-06,0.7
8527,1993-05-07,2.3
8528,1993-05-08,15.7
8529,1993-05-09,10.9
8530,1993-05-10,0.0
8531,1993-05-11,1.1
8532,1993-05-12,5.2
8533,1993-05-13,0.7
8534,1993-05-14,1.4
8535,1993-05-15,1.9
8536,1993-05-16,0.0
8537,1993-05-17,0.0
8538,1993-05-18,16.3
8539,1993-05-19,3.6
8540,1993-05-20,19.0
8541,1993-05-21,0.4
8542,1993-05-22,0.0
8543,1993-05-23,0.2
8544,1993-05-24,0.0
8545,1993-05-25,0.0
8546,1993-05-26,2.8
8547,1993-05-27,4.0
8548,1993-05-28,7.5
8549,1993-05-29,0.5
8550,1993-05-30,0.6
8551,1993-05-31,2.3
8552,1993-06-01,0.0
8553,1993-06-02,8.9
8554,1993-06-03,2.1
8555,1993-06-04,0.4
8556,1993-06-05,1.4
8557,1993-06-06,0.9
8558,1993-06-07,0.0
8559,1993-06-08,0.0
8560,1993-06-09,4.7
8561,1993-06-10,8.4
8562,1993-06-11,10.4
8563,1993-06-12,11.9
8564,1993-06-13,3.4
8565,1993-06-14,7.7
8566,1993-06-15,0.4
8567,1993-06-16,2.6
8568,1993-06-17,1.7
8569,1993-06-18,0.0
8570,1993-06-19,0.2
8571,1993-06-20,2.6
8572,1993-06-21,0.2
8573,1993-06-22,0.0
8574,1993-06-23,0.2
8575,1993-06-24,0.1
8576,1993-06-25,0.6
8577,1993-06-26,0.0
8578,1993-06-27,0.4
8579,1993-06-28,0.0
8580,1993-06-29,0.0
8581,1993-06-30,1.1
8582,1993-07-01,2.7
8583,1993-07-02,2.2
8584,1993-07-03,0.0
8585,1993-07-04,0.0
8586,1993-07-05,0.2
8587,1993-07-06,0.0
8588,1993-07-07,0.0
8589,1993-07-08,0.0
8590,1993-07-09,0.1
8591,1993-07-10,0.6
8592,1993-07-11,3.9
8593,1993-07-12,0.8
8594,1993-07-13,2.6
8595,1993-07-14,9.7
8596,1993-07-15,7.5
8597,1993-07-16,0.8
8598,1993-07-17,0.0
8599,1993-07-18,4.4
8600,1993-07-19,9.5
8601,1993-07-20,3.1
8602,1993-07-21,5.9
8603,1993-07-22,0.2
8604,1993-07-23,0.5
8605,1993-07-24,0.1
8606,1993-07-25,2.8
8607,1993-07-26,1.2
8608,1993-07-27,10.1
8609,1993-07-28,5.6
8610,1993-07-29,0.2
8611,1993-07-30,7.6
8612,1993-07-31,0.5
8613,1993-08-01,0.1
8614,1993-08-02,0.0
8615,1993-08-03,0.5
8616,1993-08-04,0.0
8617,1993-08-05,1.2
8618,1993-08-06,0.0
8619,1993-08-07,0.0
8620,1993-08-08,0.0
8621,1993-08-09,1.9
8622,1993-08-10,0.8
8623,1993-08-11,0.0
8624,1993-08-12,1.4
8625,1993-08-13,0.0
8626,1993-08-14,3.7
8627,1993-08-15,5.8
8628,1993-08-16,0.0
8629,1993-08-17,0.0
8630,1993-08-18,0.0
8631,1993-08-19,0.0
8632,1993-08-20,0.0
8633,1993-08-21,0.2
8634,1993-08-22,7.4
8635,1993-08-23,0.1
8636,1993-08-24,0.2
8637,1993-08-25,0.0
8638,1993-08-26,0.6
8639,1993-08-27,0.0
8640,1993-08-28,0.1
8641,1993-08-29,0.0
8642,1993-08-30,0.0
8643,1993-08-31,0.0
8644,1993-09-01,0.0
8645,1993-09-02,0.0
8646,1993-09-03,0.6
8647,1993-09-04,0.5
8648,1993-09-05,0.4
8649,1993-09-06,0.0
8650,1993-09-07,5.0
8651,1993-09-08,1.4
8652,1993-09-09,3.1
8653,1993-09-10,2.0
8654,1993-09-11,6.6
8655,1993-09-12,3.0
8656,1993-09-13,8.0
8657,1993-09-14,18.1
8658,1993-09-15,9.4
8659,1993-09-16,1.0
8660,1993-09-17,0.2
8661,1993-09-18,0.0
8662,1993-09-19,0.0
8663,1993-09-20,0.1
8664,1993-09-21,1.2
8665,1993-09-22,16.0
8666,1993-09-23,0.5
8667,1993-09-24,0.3
8668,1993-09-25,4.4
8669,1993-09-26,2.8
8670,1993-09-27,1.1
8671,1993-09-28,7.1
8672,1993-09-29,0.4
8673,1993-09-30,2.3
8674,1993-10-01,11.8
8675,1993-10-02,1.5
8676,1993-10-03,0.8
8677,1993-10-04,3.2
8678,1993-10-05,9.7
8679,1993-10-06,1.0
8680,1993-10-07,0.5
8681,1993-10-08,0.4
8682,1993-10-09,2.1
8683,1993-10-10,1.4
8684,1993-10-11,12.3
8685,1993-10-12,13.0
8686,1993-10-13,5.1
8687,1993-10-14,26.1
8688,1993-10-15,5.8
8689,1993-10-16,0.3
8690,1993-10-17,0.1
8691,1993-10-18,0.0
8692,1993-10-19,0.0
8693,1993-10-20,0.1
8694,1993-10-21,2.4
8695,1993-10-22,0.7
8696,1993-10-23,3.2
8697,1993-10-24,1.0
8698,1993-10-25,0.0
8699,1993-10-26,0.2
8700,1993-10-27,0.4
8701,1993-10-28,0.0
8702,1993-10-29,0.0
8703,1993-10-30,0.1
8704,1993-10-31,0.1
8705,1993-11-01,0.1
8706,1993-11-02,0.3
8707,1993-11-03,0.0
8708,1993-11-04,0.0
8709,1993-11-05,0.0
8710,1993-11-06,0.2
8711,1993-11-07,1.7
8712,1993-11-08,0.8
8713,1993-11-09,0.0
8714,1993-11-10,11.1
8715,1993-11-11,0.6
8716,1993-11-12,0.0
8717,1993-11-13,6.4
8718,1993-11-14,3.1
8719,1993-11-15,0.1
8720,1993-11-16,0.0
8721,1993-11-17,0.0
8722,1993-11-18,0.0
8723,1993-11-19,0.0
8724,1993-11-20,0.0
8725,1993-11-21,0.3
8726,1993-11-22,0.1
8727,1993-11-23,0.0
8728,1993-11-24,0.0
8729,1993-11-25,0.0
8730,1993-11-26,0.0
8731,1993-11-27,0.1
8732,1993-11-28,0.0
8733,1993-11-29,0.0
8734,1993-11-30,5.2
8735,1993-12-01,0.3
8736,1993-12-02,0.9
8737,1993-12-03,0.2
8738,1993-12-04,0.4
8739,1993-12-05,0.0
8740,1993-12-06,0.0
8741,1993-12-07,6.4
8742,1993-12-08,8.3
8743,1993-12-09,0.1
8744,1993-12-10,8.0
8745,1993-12-11,5.0
8746,1993-12-12,9.6
8747,1993-12-13,7.0
8748,1993-12-14,2.9
8749,1993-12-15,6.0
8750,1993-12-16,3.9
8751,1993-12-17,10.4
8752,1993-12-18,0.6
8753,1993-12-19,12.5
8754,1993-12-20,25.1
8755,1993-12-21,3.1
8756,1993-12-22,7.5
8757,1993-12-23,3.9
8758,1993-12-24,6.4
8759,1993-12-25,2.8
8760,1993-12-26,0.2
8761,1993-12-27,1.6
8762,1993-12-28,3.9
8763,1993-12-29,4.5
8764,1993-12-30,8.6
8765,1993-12-31,8.6
8766,1994-01-01,0.2
8767,1994-01-02,10.7
8768,1994-01-03,10.2
8769,1994-01-04,2.9
8770,1994-01-05,10.9
8771,1994-01-06,8.0
8772,1994-01-07,0.0
8773,1994-01-08,0.0
8774,1994-01-09,0.4
8775,1994-01-10,8.3
8776,1994-01-11,1.3
8777,1994-01-12,1.8
8778,1994-01-13,3.8
8779,1994-01-14,1.0
8780,1994-01-15,3.6
8781,1994-01-16,3.6
8782,1994-01-17,0.0
8783,1994-01-18,0.0
8784,1994-01-19,4.4
8785,1994-01-20,0.0
8786,1994-01-21,0.1
8787,1994-01-22,0.2
8788,1994-01-23,2.0
8789,1994-01-24,4.1
8790,1994-01-25,3.0
8791,1994-01-26,2.1
8792,1994-01-27,4.7
8793,1994-01-28,1.0
8794,1994-01-29,0.1
8795,1994-01-30,1.3
8796,1994-01-31,0.0
8797,1994-02-01,0.2
8798,1994-02-02,7.6
8799,1994-02-03,13.5
8800,1994-02-04,1.4
8801,1994-02-05,0.3
8802,1994-02-06,0.0
8803,1994-02-07,7.4
8804,1994-02-08,0.1
8805,1994-02-09,0.7
8806,1994-02-10,0.2
8807,1994-02-11,0.0
8808,1994-02-12,0.0
8809,1994-02-13,0.3
8810,1994-02-14,0.5
8811,1994-02-15,1.6
8812,1994-02-16,0.0
8813,1994-02-17,0.4
8814,1994-02-18,0.0
8815,1994-02-19,0.0
8816,1994-02-20,7.2
8817,1994-02-21,0.1
8818,1994-02-22,1.8
8819,1994-02-23,5.1
8820,1994-02-24,2.6
8821,1994-02-25,0.3
8822,1994-02-26,0.0
8823,1994-02-27,1.7
8824,1994-02-28,2.2
8825,1994-03-01,1.5
8826,1994-03-02,8.5
8827,1994-03-03,0.6
8828,1994-03-04,0.0
8829,1994-03-05,0.8
8830,1994-03-06,0.0
8831,1994-03-07,0.2
8832,1994-03-08,3.4
8833,1994-03-09,0.0
8834,1994-03-10,0.0
8835,1994-03-11,0.0
8836,1994-03-12,0.1
8837,1994-03-13,3.1
8838,1994-03-14,0.3
8839,1994-03-15,2.0
8840,1994-03-16,1.9
8841,1994-03-17,0.9
8842,1994-03-18,5.6
8843,1994-03-19,7.8
8844,1994-03-20,0.0
8845,1994-03-21,7.2
8846,1994-03-22,0.1
8847,1994-03-23,1.1
8848,1994-03-24,2.8
8849,1994-03-25,0.6
8850,1994-03-26,0.1
8851,1994-03-27,0.0
8852,1994-03-28,0.5
8853,1994-03-29,1.0
8854,1994-03-30,0.0
8855,1994-03-31,8.4
8856,1994-04-01,7.7
8857,1994-04-02,3.5
8858,1994-04-03,1.9
8859,1994-04-04,14.2
8860,1994-04-05,3.6
8861,1994-04-06,2.1
8862,1994-04-07,9.0
8863,1994-04-08,4.8
8864,1994-04-09,12.9
8865,1994-04-10,3.8
8866,1994-04-11,0.3
8867,1994-04-12,0.1
8868,1994-04-13,0.8
8869,1994-04-14,1.6
8870,1994-04-15,3.5
8871,1994-04-16,0.7
8872,1994-04-17,0.0
8873,1994-04-18,0.0
8874,1994-04-19,0.0
8875,1994-04-20,0.2
8876,1994-04-21,0.0
8877,1994-04-22,0.0
8878,1994-04-23,1.1
8879,1994-04-24,5.8
8880,1994-04-25,0.5
8881,1994-04-26,3.2
8882,1994-04-27,2.4
8883,1994-04-28,0.0
8884,1994-04-29,0.0
8885,1994-04-30,0.1
8886,1994-05-01,0.0
8887,1994-05-02,0.0
8888,1994-05-03,0.0
8889,1994-05-04,6.0
8890,1994-05-05,1.1
8891,1994-05-06,0.9
8892,1994-05-07,1.5
8893,1994-05-08,2.7
8894,1994-05-09,0.3
8895,1994-05-10,0.0
8896,1994-05-11,0.0
8897,1994-05-12,0.9
8898,1994-05-13,0.6
8899,1994-05-14,19.8
8900,1994-05-15,1.5
8901,1994-05-16,9.8
8902,1994-05-17,0.6
8903,1994-05-18,1.9
8904,1994-05-19,0.1
8905,1994-05-20,2.9
8906,1994-05-21,5.3
8907,1994-05-22,0.7
8908,1994-05-23,1.0
8909,1994-05-24,6.6
8910,1994-05-25,0.8
8911,1994-05-26,10.5
8912,1994-05-27,0.4
8913,1994-05-28,0.2
8914,1994-05-29,0.3
8915,1994-05-30,0.0
8916,1994-05-31,0.0
8917,1994-06-01,0.0
8918,1994-06-02,16.4
8919,1994-06-03,4.0
8920,1994-06-04,12.4
8921,1994-06-05,0.2
8922,1994-06-06,0.2
8923,1994-06-07,0.1
8924,1994-06-08,0.6
8925,1994-06-09,0.6
8926,1994-06-10,2.0
8927,1994-06-11,1.1
8928,1994-06-12,0.0
8929,1994-06-13,0.0
8930,1994-06-14,0.0
8931,1994-06-15,0.0
8932,1994-06-16,0.0
8933,1994-06-17,0.0
8934,1994-06-18,0.0
8935,1994-06-19,0.0
8936,1994-06-20,0.0
8937,1994-06-21,0.0
8938,1994-06-22,0.7
8939,1994-06-23,0.0
8940,1994-06-24,1.3
8941,1994-06-25,7.3
8942,1994-06-26,0.6
8943,1994-06-27,0.0
8944,1994-06-28,0.0
8945,1994-06-29,0.0
8946,1994-06-30,0.0
8947,1994-07-01,0.0
8948,1994-07-02,1.2
8949,1994-07-03,0.0
8950,1994-07-04,6.7
8951,1994-07-05,0.0
8952,1994-07-06,1.0
8953,1994-07-07,1.3
8954,1994-07-08,2.0
8955,1994-07-09,0.6
8956,1994-07-10,0.0
8957,1994-07-11,0.0
8958,1994-07-12,0.0
8959,1994-07-13,1.5
8960,1994-07-14,0.0
8961,1994-07-15,0.2
8962,1994-07-16,0.0
8963,1994-07-17,0.3
8964,1994-07-18,2.2
8965,1994-07-19,2.2
8966,1994-07-20,0.0
8967,1994-07-21,0.6
8968,1994-07-22,0.3
8969,1994-07-23,0.2
8970,1994-07-24,1.1
8971,1994-07-25,0.4
8972,1994-07-26,0.3
8973,1994-07-27,0.2
8974,1994-07-28,5.3
8975,1994-07-29,0.0
8976,1994-07-30,4.1
8977,1994-07-31,7.8
8978,1994-08-01,10.0
8979,1994-08-02,0.0
8980,1994-08-03,0.0
8981,1994-08-04,0.0
8982,1994-08-05,3.8
8983,1994-08-06,1.7
8984,1994-08-07,0.6
8985,1994-08-08,0.3
8986,1994-08-09,2.1
8987,1994-08-10,13.9
8988,1994-08-11,2.3
8989,1994-08-12,1.3
8990,1994-08-13,1.4
8991,1994-08-14,0.0
8992,1994-08-15,0.0
8993,1994-08-16,0.0
8994,1994-08-17,10.8
8995,1994-08-18,1.6
8996,1994-08-19,9.9
8997,1994-08-20,0.0
8998,1994-08-21,0.1
8999,1994-08-22,0.2
9000,1994-08-23,3.7
9001,1994-08-24,0.1
9002,1994-08-25,0.4
9003,1994-08-26,1.5
9004,1994-08-27,2.1
9005,1994-08-28,1.1
9006,1994-08-29,0.3
9007,1994-08-30,0.0
9008,1994-08-31,7.8
9009,1994-09-01,3.4
9010,1994-09-02,0.3
9011,1994-09-03,0.1
9012,1994-09-04,2.0
9013,1994-09-05,0.4
9014,1994-09-06,18.4
9015,1994-09-07,7.3
9016,1994-09-08,5.3
9017,1994-09-09,1.2
9018,1994-09-10,4.0
9019,1994-09-11,0.8
9020,1994-09-12,3.3
9021,1994-09-13,0.1
9022,1994-09-14,4.5
9023,1994-09-15,4.3
9024,1994-09-16,0.9
9025,1994-09-17,0.8
9026,1994-09-18,0.7
9027,1994-09-19,5.8
9028,1994-09-20,15.5
9029,1994-09-21,1.0
9030,1994-09-22,0.1
9031,1994-09-23,0.8
9032,1994-09-24,0.2
9033,1994-09-25,0.0
9034,1994-09-26,3.5
9035,1994-09-27,0.5
9036,1994-09-28,0.0
9037,1994-09-29,0.0
9038,1994-09-30,0.0
9039,1994-10-01,0.0
9040,1994-10-02,0.1
9041,1994-10-03,3.8
9042,1994-10-04,0.3
9043,1994-10-05,0.1
9044,1994-10-06,0.0
9045,1994-10-07,0.0
9046,1994-10-08,0.0
9047,1994-10-09,0.0
9048,1994-10-10,0.0
9049,1994-10-11,0.1
9050,1994-10-12,0.0
9051,1994-10-13,0.0
9052,1994-10-14,0.0
9053,1994-10-15,0.0
9054,1994-10-16,0.0
9055,1994-10-17,0.0
9056,1994-10-18,0.0
9057,1994-10-19,5.7
9058,1994-10-20,1.7
9059,1994-10-21,0.1
9060,1994-10-22,6.8
9061,1994-10-23,5.0
9062,1994-10-24,2.5
9063,1994-10-25,4.6
9064,1994-10-26,0.2
9065,1994-10-27,5.0
9066,1994-10-28,0.0
9067,1994-10-29,5.7
9068,1994-10-30,6.5
9069,1994-10-31,3.6
9070,1994-11-01,0.0
9071,1994-11-02,2.6
9072,1994-11-03,0.0
9073,1994-11-04,1.1
9074,1994-11-05,7.2
9075,1994-11-06,0.2
9076,1994-11-07,0.0
9077,1994-11-08,0.1
9078,1994-11-09,4.4
9079,1994-11-10,2.3
9080,1994-11-11,0.1
9081,1994-11-12,1.9
9082,1994-11-13,1.1
9083,1994-11-14,0.6
9084,1994-11-15,5.3
9085,1994-11-16,0.8
9086,1994-11-17,0.7
9087,1994-11-18,7.9
9088,1994-11-19,2.9
9089,1994-11-20,0.2
9090,1994-11-21,2.0
9091,1994-11-22,1.5
9092,1994-11-23,2.6
9093,1994-11-24,0.3
9094,1994-11-25,0.2
9095,1994-11-26,0.7
9096,1994-11-27,0.6
9097,1994-11-28,0.0
9098,1994-11-29,0.0
9099,1994-11-30,0.0
9100,1994-12-01,0.0
9101,1994-12-02,0.0
9102,1994-12-03,2.7
9103,1994-12-04,2.6
9104,1994-12-05,2.8
9105,1994-12-06,0.0
9106,1994-12-07,2.8
9107,1994-12-08,7.3
9108,1994-12-09,7.2
9109,1994-12-10,0.3
9110,1994-12-11,0.3
9111,1994-12-12,0.2
9112,1994-12-13,0.1
9113,1994-12-14,3.1
9114,1994-12-15,0.0
9115,1994-12-16,1.0
9116,1994-12-17,0.1
9117,1994-12-18,4.6
9118,1994-12-19,0.5
9119,1994-12-20,0.0
9120,1994-12-21,1.1
9121,1994-12-22,0.1
9122,1994-12-23,0.0
9123,1994-12-24,0.0
9124,1994-12-25,0.0
9125,1994-12-26,1.4
9126,1994-12-27,9.0
9127,1994-12-28,3.9
9128,1994-12-29,9.0
9129,1994-12-30,0.2
9130,1994-12-31,3.4
9131,1995-01-01,2.8
9132,1995-01-02,0.3
9133,1995-01-03,0.0
9134,1995-01-04,0.0
9135,1995-01-05,1.5
9136,1995-01-06,3.3
9137,1995-01-07,0.1
9138,1995-01-08,4.5
9139,1995-01-09,0.4
9140,1995-01-10,7.7
9141,1995-01-11,3.2
9142,1995-01-12,2.6
9143,1995-01-13,0.1
9144,1995-01-14,0.3
9145,1995-01-15,0.1
9146,1995-01-16,0.0
9147,1995-01-17,0.0
9148,1995-01-18,7.3
9149,1995-01-19,5.8
9150,1995-01-20,1.9
9151,1995-01-21,7.5
9152,1995-01-22,23.9
9153,1995-01-23,2.8
9154,1995-01-24,4.1
9155,1995-01-25,17.0
9156,1995-01-26,8.9
9157,1995-01-27,7.1
9158,1995-01-28,8.1
9159,1995-01-29,10.4
9160,1995-01-30,2.1
9161,1995-01-31,0.1
9162,1995-02-01,4.7
9163,1995-02-02,6.4
9164,1995-02-03,0.0
9165,1995-02-04,5.4
9166,1995-02-05,1.1
9167,1995-02-06,0.5
9168,1995-02-07,1.8
9169,1995-02-08,2.7
9170,1995-02-09,0.9
9171,1995-02-10,6.2
9172,1995-02-11,5.7
9173,1995-02-12,0.0
9174,1995-02-13,6.9
9175,1995-02-14,3.0
9176,1995-02-15,10.7
9177,1995-02-16,1.5
9178,1995-02-17,4.8
9179,1995-02-18,0.5
9180,1995-02-19,5.6
9181,1995-02-20,2.1
9182,1995-02-21,2.3
9183,1995-02-22,0.0
9184,1995-02-23,5.4
9185,1995-02-24,6.9
9186,1995-02-25,5.6
9187,1995-02-26,0.6
9188,1995-02-27,0.2
9189,1995-02-28,0.4
9190,1995-03-01,0.7
9191,1995-03-02,5.0
9192,1995-03-03,1.8
9193,1995-03-04,1.7
9194,1995-03-05,7.8
9195,1995-03-06,3.3
9196,1995-03-07,1.7
9197,1995-03-08,13.2
9198,1995-03-09,0.0
9199,1995-03-10,0.0
9200,1995-03-11,0.0
9201,1995-03-12,0.0
9202,1995-03-13,0.0
9203,1995-03-14,0.2
9204,1995-03-15,7.1
9205,1995-03-16,1.3
9206,1995-03-17,5.3
9207,1995-03-18,9.5
9208,1995-03-19,1.7
9209,1995-03-20,0.4
9210,1995-03-21,0.0
9211,1995-03-22,0.0
9212,1995-03-23,0.0
9213,1995-03-24,0.0
9214,1995-03-25,1.0
9215,1995-03-26,0.8
9216,1995-03-27,6.5
9217,1995-03-28,10.2
9218,1995-03-29,1.4
9219,1995-03-30,0.1
9220,1995-03-31,4.0
9221,1995-04-01,0.2
9222,1995-04-02,0.0
9223,1995-04-03,0.0
9224,1995-04-04,0.0
9225,1995-04-05,0.0
9226,1995-04-06,0.1
9227,1995-04-07,0.2
9228,1995-04-08,0.0
9229,1995-04-09,0.0
9230,1995-04-10,0.3
9231,1995-04-11,0.0
9232,1995-04-12,0.0
9233,1995-04-13,0.1
9234,1995-04-14,0.0
9235,1995-04-15,1.4
9236,1995-04-16,1.0
9237,1995-04-17,2.9
9238,1995-04-18,8.8
9239,1995-04-19,1.9
9240,1995-04-20,0.8
9241,1995-04-21,7.6
9242,1995-04-22,1.9
9243,1995-04-23,7.4
9244,1995-04-24,3.2
9245,1995-04-25,8.4
9246,1995-04-26,11.9
9247,1995-04-27,0.1
9248,1995-04-28,0.2
9249,1995-04-29,8.1
9250,1995-04-30,0.1
9251,1995-05-01,0.4
9252,1995-05-02,0.0
9253,1995-05-03,0.0
9254,1995-05-04,0.0
9255,1995-05-05,0.0
9256,1995-05-06,0.0
9257,1995-05-07,0.0
9258,1995-05-08,0.0
9259,1995-05-09,0.1
9260,1995-05-10,0.6
9261,1995-05-11,0.0
9262,1995-05-12,6.7
9263,1995-05-13,22.4
9264,1995-05-14,0.9
9265,1995-05-15,0.1
9266,1995-05-16,8.9
9267,1995-05-17,6.6
9268,1995-05-18,2.9
9269,1995-05-19,3.0
9270,1995-05-20,0.3
9271,1995-05-21,0.0
9272,1995-05-22,0.0
9273,1995-05-23,1.8
9274,1995-05-24,3.1
9275,1995-05-25,6.4
9276,1995-05-26,0.0
9277,1995-05-27,0.3
9278,1995-05-28,15.5
9279,1995-05-29,0.9
9280,1995-05-30,0.8
9281,1995-05-31,0.3
9282,1995-06-01,2.0
9283,1995-06-02,1.1
9284,1995-06-03,2.4
9285,1995-06-04,3.6
9286,1995-06-05,3.8
9287,1995-06-06,0.2
9288,1995-06-07,2.5
9289,1995-06-08,0.8
9290,1995-06-09,0.4
9291,1995-06-10,3.1
9292,1995-06-11,2.6
9293,1995-06-12,4.1
9294,1995-06-13,3.2
9295,1995-06-14,1.3
9296,1995-06-15,1.4
9297,1995-06-16,1.7
9298,1995-06-17,2.0
9299,1995-06-18,2.3
9300,1995-06-19,0.0
9301,1995-06-20,0.2
9302,1995-06-21,0.0
9303,1995-06-22,0.0
9304,1995-06-23,0.4
9305,1995-06-24,0.0
9306,1995-06-25,0.2
9307,1995-06-26,0.0
9308,1995-06-27,0.0
9309,1995-06-28,0.0
9310,1995-06-29,0.0
9311,1995-06-30,0.0
9312,1995-07-01,1.4
9313,1995-07-02,13.8
9314,1995-07-03,13.5
9315,1995-07-04,0.4
9316,1995-07-05,0.6
9317,1995-07-06,0.0
9318,1995-07-07,0.0
9319,1995-07-08,0.2
9320,1995-07-09,0.1
9321,1995-07-10,0.4
9322,1995-07-11,7.1
9323,1995-07-12,0.1
9324,1995-07-13,0.0
9325,1995-07-14,0.8
9326,1995-07-15,7.5
9327,1995-07-16,0.4
9328,1995-07-17,2.4
9329,1995-07-18,0.0
9330,1995-07-19,0.1
9331,1995-07-20,0.0
9332,1995-07-21,1.4
9333,1995-07-22,0.5
9334,1995-07-23,0.0
9335,1995-07-24,0.0
9336,1995-07-25,0.0
9337,1995-07-26,0.0
9338,1995-07-27,8.9
9339,1995-07-28,0.3
9340,1995-07-29,0.1
9341,1995-07-30,0.3
9342,1995-07-31,0.0
9343,1995-08-01,0.0
9344,1995-08-02,0.0
9345,1995-08-03,0.0
9346,1995-08-04,0.0
9347,1995-08-05,0.0
9348,1995-08-06,14.3
9349,1995-08-07,13.3
9350,1995-08-08,0.0
9351,1995-08-09,0.0
9352,1995-08-10,0.0
9353,1995-08-11,0.0
9354,1995-08-12,0.0
9355,1995-08-13,1.1
9356,1995-08-14,0.1
9357,1995-08-15,0.0
9358,1995-08-16,0.0
9359,1995-08-17,0.0
9360,1995-08-18,0.0
9361,1995-08-19,0.2
9362,1995-08-20,0.9
9363,1995-08-21,0.0
9364,1995-08-22,0.2
9365,1995-08-23,8.4
9366,1995-08-24,1.2
9367,1995-08-25,3.3
9368,1995-08-26,0.3
9369,1995-08-27,2.4
9370,1995-08-28,0.4
9371,1995-08-29,0.1
9372,1995-08-30,0.2
9373,1995-08-31,2.2
9374,1995-09-01,0.1
9375,1995-09-02,3.2
9376,1995-09-03,6.7
9377,1995-09-04,0.4
9378,1995-09-05,0.1
9379,1995-09-06,1.3
9380,1995-09-07,17.1
9381,1995-09-08,13.0
9382,1995-09-09,0.7
9383,1995-09-10,9.9
9384,1995-09-11,2.2
9385,1995-09-12,0.4
9386,1995-09-13,0.1
9387,1995-09-14,4.4
9388,1995-09-15,7.5
9389,1995-09-16,7.4
9390,1995-09-17,2.0
9391,1995-09-18,7.0
9392,1995-09-19,0.6
9393,1995-09-20,0.2
9394,1995-09-21,0.1
9395,1995-09-22,0.3
9396,1995-09-23,0.5
9397,1995-09-24,5.9
9398,1995-09-25,0.4
9399,1995-09-26,0.6
9400,1995-09-27,7.1
9401,1995-09-28,0.4
9402,1995-09-29,0.1
9403,1995-09-30,0.2
9404,1995-10-01,2.0
9405,1995-10-02,0.0
9406,1995-10-03,0.3
9407,1995-10-04,0.5
9408,1995-10-05,0.8
9409,1995-10-06,0.0
9410,1995-10-07,0.0
9411,1995-10-08,0.0
9412,1995-10-09,0.0
9413,1995-10-10,0.0
9414,1995-10-11,0.1
9415,1995-10-12,0.1
9416,1995-10-13,0.0
9417,1995-10-14,5.8
9418,1995-10-15,3.3
9419,1995-10-16,0.3
9420,1995-10-17,0.0
9421,1995-10-18,0.2
9422,1995-10-19,0.1
9423,1995-10-20,0.4
9424,1995-10-21,0.0
9425,1995-10-22,0.0
9426,1995-10-23,0.0
9427,1995-10-24,0.0
9428,1995-10-25,0.3
9429,1995-10-26,1.7
9430,1995-10-27,2.4
9431,1995-10-28,0.8
9432,1995-10-29,0.2
9433,1995-10-30,0.0
9434,1995-10-31,0.0
9435,1995-11-01,1.7
9436,1995-11-02,0.6
9437,1995-11-03,0.3
9438,1995-11-04,0.0
9439,1995-11-05,0.0
9440,1995-11-06,0.0
9441,1995-11-07,0.0
9442,1995-11-08,0.0
9443,1995-11-09,0.0
9444,1995-11-10,0.6
9445,1995-11-11,0.0
9446,1995-11-12,2.6
9447,1995-11-13,2.9
9448,1995-11-14,1.2
9449,1995-11-15,5.4
9450,1995-11-16,0.7
9451,1995-11-17,1.1
9452,1995-11-18,0.0
9453,1995-11-19,0.2
9454,1995-11-20,0.1
9455,1995-11-21,0.5
9456,1995-11-22,0.5
9457,1995-11-23,0.5
9458,1995-11-24,0.1
9459,1995-11-25,0.0
9460,1995-11-26,2.7
9461,1995-11-27,0.0
9462,1995-11-28,0.0
9463,1995-11-29,0.1
9464,1995-11-30,0.0
9465,1995-12-01,0.2
9466,1995-12-02,1.8
9467,1995-12-03,1.5
9468,1995-12-04,0.4
9469,1995-12-05,0.2
9470,1995-12-06,0.7
9471,1995-12-07,0.0
9472,1995-12-08,1.5
9473,1995-12-09,0.2
9474,1995-12-10,0.0
9475,1995-12-11,0.0
9476,1995-12-12,0.1
9477,1995-12-13,0.0
9478,1995-12-14,0.9
9479,1995-12-15,0.2
9480,1995-12-16,0.0
9481,1995-12-17,0.7
9482,1995-12-18,0.3
9483,1995-12-19,0.1
9484,1995-12-20,7.6
9485,1995-12-21,7.1
9486,1995-12-22,7.5
9487,1995-12-23,12.8
9488,1995-12-24,9.1
9489,1995-12-25,0.2
9490,1995-12-26,0.0
9491,1995-12-27,0.1
9492,1995-12-28,0.0
9493,1995-12-29,0.0
9494,1995-12-30,6.7
9495,1995-12-31,5.1
9496,1996-01-01,0.1
9497,1996-01-02,0.1
9498,1996-01-03,0.5
9499,1996-01-04,2.5
9500,1996-01-05,4.9
9501,1996-01-06,6.5
9502,1996-01-07,3.2
9503,1996-01-08,0.0
9504,1996-01-09,3.5
9505,1996-01-10,8.9
9506,1996-01-11,8.3
9507,1996-01-12,0.1
9508,1996-01-13,0.1
9509,1996-01-14,0.0
9510,1996-01-15,0.0
9511,1996-01-16,0.0
9512,1996-01-17,0.0
9513,1996-01-18,0.0
9514,1996-01-19,0.0
9515,1996-01-20,0.0
9516,1996-01-21,0.0
9517,1996-01-22,1.1
9518,1996-01-23,8.6
9519,1996-01-24,0.0
9520,1996-01-25,0.5
9521,1996-01-26,2.1
9522,1996-01-27,0.3
9523,1996-01-28,0.0
9524,1996-01-29,0.0
9525,1996-01-30,0.0
9526,1996-01-31,0.0
9527,1996-02-01,0.0
9528,1996-02-02,0.3
9529,1996-02-03,0.4
9530,1996-02-04,0.1
9531,1996-02-05,0.0
9532,1996-02-06,0.3
9533,1996-02-07,1.1
9534,1996-02-08,0.9
9535,1996-02-09,0.4
9536,1996-02-10,0.5
9537,1996-02-11,0.1
9538,1996-02-12,16.9
9539,1996-02-13,2.9
9540,1996-02-14,0.3
9541,1996-02-15,0.1
9542,1996-02-16,1.1
9543,1996-02-17,0.5
9544,1996-02-18,12.9
9545,1996-02-19,5.0
9546,1996-02-20,3.6
9547,1996-02-21,0.1
9548,1996-02-22,1.0
9549,1996-02-23,1.3
9550,1996-02-24,5.3
9551,1996-02-25,2.3
9552,1996-02-26,7.3
9553,1996-02-27,0.2
9554,1996-02-28,0.4
9555,1996-02-29,0.1
9556,1996-03-01,1.2
9557,1996-03-02,0.3
9558,1996-03-03,3.0
9559,1996-03-04,0.5
9560,1996-03-05,1.1
9561,1996-03-06,0.4
9562,1996-03-07,3.3
9563,1996-03-08,0.0
9564,1996-03-09,0.0
9565,1996-03-10,0.0
9566,1996-03-11,0.0
9567,1996-03-12,0.0
9568,1996-03-13,0.0
9569,1996-03-14,0.0
9570,1996-03-15,0.0
9571,1996-03-16,0.0
9572,1996-03-17,0.2
9573,1996-03-18,0.1
9574,1996-03-19,0.2
9575,1996-03-20,1.5
9576,1996-03-21,10.4
9577,1996-03-22,5.5
9578,1996-03-23,0.1
9579,1996-03-24,0.0
9580,1996-03-25,0.4
9581,1996-03-26,0.5
9582,1996-03-27,0.0
9583,1996-03-28,0.0
9584,1996-03-29,0.5
9585,1996-03-30,0.8
9586,1996-03-31,0.7
9587,1996-04-01,0.0
9588,1996-04-02,0.2
9589,1996-04-03,0.2
9590,1996-04-04,0.0
9591,1996-04-05,0.1
9592,1996-04-06,0.0
9593,1996-04-07,0.4
9594,1996-04-08,0.3
9595,1996-04-09,0.0
9596,1996-04-10,0.1
9597,1996-04-11,1.7
9598,1996-04-12,2.0
9599,1996-04-13,3.1
9600,1996-04-14,0.0
9601,1996-04-15,0.0
9602,1996-04-16,0.0
9603,1996-04-17,1.8
9604,1996-04-18,0.0
9605,1996-04-19,0.0
9606,1996-04-20,0.0
9607,1996-04-21,0.0
9608,1996-04-22,0.1
9609,1996-04-23,1.3
9610,1996-04-24,3.7
9611,1996-04-25,0.1
9612,1996-04-26,0.0
9613,1996-04-27,0.0
9614,1996-04-28,0.3
9615,1996-04-29,0.0
9616,1996-04-30,0.3
9617,1996-05-01,1.3
9618,1996-05-02,2.6
9619,1996-05-03,0.6
9620,1996-05-04,0.0
9621,1996-05-05,0.0
9622,1996-05-06,3.1
9623,1996-05-07,4.3
9624,1996-05-08,7.7
9625,1996-05-09,0.0
9626,1996-05-10,0.4
9627,1996-05-11,0.1
9628,1996-05-12,0.4
9629,1996-05-13,0.0
9630,1996-05-14,18.4
9631,1996-05-15,2.6
9632,1996-05-16,7.0
9633,1996-05-17,5.2
9634,1996-05-18,10.5
9635,1996-05-19,0.2
9636,1996-05-20,4.8
9637,1996-05-21,6.0
9638,1996-05-22,1.9
9639,1996-05-23,1.1
9640,1996-05-24,0.0
9641,1996-05-25,6.8
9642,1996-05-26,3.9
9643,1996-05-27,4.1
9644,1996-05-28,0.0
9645,1996-05-29,0.1
9646,1996-05-30,0.0
9647,1996-05-31,0.5
9648,1996-06-01,0.8
9649,1996-06-02,0.4
9650,1996-06-03,0.0
9651,1996-06-04,0.0
9652,1996-06-05,0.0
9653,1996-06-06,0.0
9654,1996-06-07,0.1
9655,1996-06-08,1.3
9656,1996-06-09,0.0
9657,1996-06-10,0.6
9658,1996-06-11,2.1
9659,1996-06-12,0.0
9660,1996-06-13,0.0
9661,1996-06-14,0.0
9662,1996-06-15,0.0
9663,1996-06-16,0.0
9664,1996-06-17,0.0
9665,1996-06-18,0.0
9666,1996-06-19,0.0
9667,1996-06-20,15.7
9668,1996-06-21,1.5
9669,1996-06-22,2.9
9670,1996-06-23,1.6
9671,1996-06-24,0.5
9672,1996-06-25,0.8
9673,1996-06-26,0.4
9674,1996-06-27,0.0
9675,1996-06-28,1.9
9676,1996-06-29,1.6
9677,1996-06-30,1.2
9678,1996-07-01,2.1
9679,1996-07-02,1.3
9680,1996-07-03,1.1
9681,1996-07-04,2.2
9682,1996-07-05,10.5
9683,1996-07-06,2.1
9684,1996-07-07,0.5
9685,1996-07-08,1.4
9686,1996-07-09,1.9
9687,1996-07-10,1.2
9688,1996-07-11,0.0
9689,1996-07-12,0.0
9690,1996-07-13,0.3
9691,1996-07-14,0.1
9692,1996-07-15,0.4
9693,1996-07-16,0.0
9694,1996-07-17,0.0
9695,1996-07-18,0.0
9696,1996-07-19,0.0
9697,1996-07-20,0.0
9698,1996-07-21,0.0
9699,1996-07-22,0.0
9700,1996-07-23,1.4
9701,1996-07-24,0.8
9702,1996-07-25,0.0
9703,1996-07-26,0.0
9704,1996-07-27,0.0
9705,1996-07-28,0.4
9706,1996-07-29,2.2
9707,1996-07-30,0.1
9708,1996-07-31,0.0
9709,1996-08-01,0.1
9710,1996-08-02,0.1
9711,1996-08-03,0.0
9712,1996-08-04,0.0
9713,1996-08-05,0.1
9714,1996-08-06,1.1
9715,1996-08-07,0.1
9716,1996-08-08,0.0
9717,1996-08-09,0.0
9718,1996-08-10,6.3
9719,1996-08-11,4.4
9720,1996-08-12,4.1
9721,1996-08-13,18.5
9722,1996-08-14,0.8
9723,1996-08-15,0.3
9724,1996-08-16,0.0
9725,1996-08-17,0.0
9726,1996-08-18,0.0
9727,1996-08-19,0.0
9728,1996-08-20,9.0
9729,1996-08-21,1.7
9730,1996-08-22,0.7
9731,1996-08-23,1.6
9732,1996-08-24,3.4
9733,1996-08-25,0.4
9734,1996-08-26,0.3
9735,1996-08-27,9.2
9736,1996-08-28,4.9
9737,1996-08-29,19.2
9738,1996-08-30,2.1
9739,1996-08-31,1.4
9740,1996-09-01,0.1
9741,1996-09-02,0.0
9742,1996-09-03,0.0
9743,1996-09-04,0.0
9744,1996-09-05,0.0
9745,1996-09-06,0.0
9746,1996-09-07,0.0
9747,1996-09-08,0.0
9748,1996-09-09,0.0
9749,1996-09-10,1.1
9750,1996-09-11,0.2
9751,1996-09-12,1.6
9752,1996-09-13,1.7
9753,1996-09-14,0.4
9754,1996-09-15,0.2
9755,1996-09-16,0.0
9756,1996-09-17,0.0
9757,1996-09-18,0.0
9758,1996-09-19,9.1
9759,1996-09-20,4.1
9760,1996-09-21,0.5
9761,1996-09-22,0.4
9762,1996-09-23,1.1
9763,1996-09-24,0.7
9764,1996-09-25,0.4
9765,1996-09-26,0.0
9766,1996-09-27,5.4
9767,1996-09-28,0.0
9768,1996-09-29,0.4
9769,1996-09-30,0.1
9770,1996-10-01,7.9
9771,1996-10-02,0.8
9772,1996-10-03,0.0
9773,1996-10-04,0.6
9774,1996-10-05,1.2
9775,1996-10-06,0.0
9776,1996-10-07,0.0
9777,1996-10-08,0.0
9778,1996-10-09,2.6
9779,1996-10-10,1.8
9780,1996-10-11,0.0
9781,1996-10-12,0.0
9782,1996-10-13,0.0
9783,1996-10-14,1.3
9784,1996-10-15,2.1
9785,1996-10-16,0.1
9786,1996-10-17,4.9
9787,1996-10-18,3.7
9788,1996-10-19,0.6
9789,1996-10-20,1.6
9790,1996-10-21,0.9
9791,1996-10-22,0.0
9792,1996-10-23,0.0
9793,1996-10-24,0.0
9794,1996-10-25,0.5
9795,1996-10-26,0.5
9796,1996-10-27,2.0
9797,1996-10-28,0.3
9798,1996-10-29,4.6
9799,1996-10-30,0.0
9800,1996-10-31,1.9
9801,1996-11-01,0.5
9802,1996-11-02,0.1
9803,1996-11-03,0.1
9804,1996-11-04,9.2
9805,1996-11-05,0.8
9806,1996-11-06,2.4
9807,1996-11-07,1.0
9808,1996-11-08,1.5
9809,1996-11-09,0.5
9810,1996-11-10,6.8
9811,1996-11-11,7.7
9812,1996-11-12,1.4
9813,1996-11-13,0.7
9814,1996-11-14,0.0
9815,1996-11-15,0.0
9816,1996-11-16,0.0
9817,1996-11-17,0.2
9818,1996-11-18,6.0
9819,1996-11-19,6.9
9820,1996-11-20,7.9
9821,1996-11-21,0.4
9822,1996-11-22,0.0
9823,1996-11-23,3.3
9824,1996-11-24,4.5
9825,1996-11-25,9.7
9826,1996-11-26,0.7
9827,1996-11-27,0.5
9828,1996-11-28,0.0
9829,1996-11-29,22.1
9830,1996-11-30,2.9
9831,1996-12-01,1.0
9832,1996-12-02,2.0
9833,1996-12-03,10.7
9834,1996-12-04,1.4
9835,1996-12-05,1.1
9836,1996-12-06,2.0
9837,1996-12-07,0.0
9838,1996-12-08,0.0
9839,1996-12-09,0.1
9840,1996-12-10,0.0
9841,1996-12-11,0.0
9842,1996-12-12,0.2
9843,1996-12-13,4.6
9844,1996-12-14,0.0
9845,1996-12-15,0.0
9846,1996-12-16,0.2
9847,1996-12-17,6.8
9848,1996-12-18,0.7
9849,1996-12-19,5.1
9850,1996-12-20,6.8
9851,1996-12-21,0.2
9852,1996-12-22,2.1
9853,1996-12-23,7.9
9854,1996-12-24,0.3
9855,1996-12-25,0.0
9856,1996-12-26,0.0
9857,1996-12-27,1.2
9858,1996-12-28,0.0
9859,1996-12-29,0.4
9860,1996-12-30,2.6
9861,1996-12-31,0.7
9862,1997-01-01,0.1
9863,1997-01-02,0.0
9864,1997-01-03,0.1
9865,1997-01-04,0.2
9866,1997-01-05,0.4
9867,1997-01-06,0.0
9868,1997-01-07,0.1
9869,1997-01-08,0.1
9870,1997-01-09,0.3
9871,1997-01-10,0.0
9872,1997-01-11,0.0
9873,1997-01-12,0.1
9874,1997-01-13,0.0
9875,1997-01-14,0.0
9876,1997-01-15,0.0
9877,1997-01-16,0.0
9878,1997-01-17,1.1
9879,1997-01-18,0.3
9880,1997-01-19,2.5
9881,1997-01-20,0.1
9882,1997-01-21,0.0
9883,1997-01-22,1.0
9884,1997-01-23,0.7
9885,1997-01-24,0.4
9886,1997-01-25,0.0
9887,1997-01-26,0.0
9888,1997-01-27,0.2
9889,1997-01-28,0.0
9890,1997-01-29,0.0
9891,1997-01-30,0.0
9892,1997-01-31,0.0
9893,1997-02-01,0.0
9894,1997-02-02,0.1
9895,1997-02-03,0.6
9896,1997-02-04,4.1
9897,1997-02-05,5.4
9898,1997-02-06,0.0
9899,1997-02-07,0.0
9900,1997-02-08,0.0
9901,1997-02-09,0.0
9902,1997-02-10,3.6
9903,1997-02-11,4.1
9904,1997-02-12,2.5
9905,1997-02-13,6.3
9906,1997-02-14,5.3
9907,1997-02-15,0.0
9908,1997-02-16,2.2
9909,1997-02-17,0.9
9910,1997-02-18,12.3
9911,1997-02-19,1.1
9912,1997-02-20,0.2
9913,1997-02-21,0.2
9914,1997-02-22,0.0
9915,1997-02-23,0.1
9916,1997-02-24,8.9
9917,1997-02-25,16.3
9918,1997-02-26,3.6
9919,1997-02-27,0.0
9920,1997-02-28,0.0
9921,1997-03-01,0.1
9922,1997-03-02,1.7
9923,1997-03-03,3.1
9924,1997-03-04,2.9
9925,1997-03-05,1.3
9926,1997-03-06,1.1
9927,1997-03-07,0.0
9928,1997-03-08,0.0
9929,1997-03-09,0.0
9930,1997-03-10,0.0
9931,1997-03-11,0.0
9932,1997-03-12,0.0
9933,1997-03-13,0.2
9934,1997-03-14,2.9
9935,1997-03-15,0.2
9936,1997-03-16,0.0
9937,1997-03-17,0.1
9938,1997-03-18,1.0
9939,1997-03-19,3.3
9940,1997-03-20,0.1
9941,1997-03-21,0.3
9942,1997-03-22,0.0
9943,1997-03-23,2.5
9944,1997-03-24,1.1
9945,1997-03-25,1.5
9946,1997-03-26,0.0
9947,1997-03-27,0.2
9948,1997-03-28,0.8
9949,1997-03-29,0.5
9950,1997-03-30,0.3
9951,1997-03-31,0.0
9952,1997-04-01,0.0
9953,1997-04-02,0.0
9954,1997-04-03,0.3
9955,1997-04-04,0.0
9956,1997-04-05,0.0
9957,1997-04-06,0.0
9958,1997-04-07,0.0
9959,1997-04-08,0.0
9960,1997-04-09,0.0
9961,1997-04-10,0.0
9962,1997-04-11,0.0
9963,1997-04-12,0.1
9964,1997-04-13,0.0
9965,1997-04-14,0.0
9966,1997-04-15,0.0
9967,1997-04-16,0.0
9968,1997-04-17,0.1
9969,1997-04-18,0.0
9970,1997-04-19,0.0
9971,1997-04-20,0.0
9972,1997-04-21,0.0
9973,1997-04-22,0.0
9974,1997-04-23,0.0
9975,1997-04-24,0.0
9976,1997-04-25,2.0
9977,1997-04-26,4.7
9978,1997-04-27,2.6
9979,1997-04-28,1.9
9980,1997-04-29,3.2
9981,1997-04-30,0.1
9982,1997-05-01,0.0
9983,1997-05-02,0.0
9984,1997-05-03,0.3
9985,1997-05-04,0.8
9986,1997-05-05,8.2
9987,1997-05-06,12.4
9988,1997-05-07,1.1
9989,1997-05-08,7.8
9990,1997-05-09,3.2
9991,1997-05-10,2.4
9992,1997-05-11,3.5
9993,1997-05-12,0.4
9994,1997-05-13,4.3
9995,1997-05-14,8.2
9996,1997-05-15,4.2
9997,1997-05-16,2.6
9998,1997-05-17,1.9
9999,1997-05-18,0.9
10000,1997-05-19,2.5
10001,1997-05-20,5.8
10002,1997-05-21,9.2
10003,1997-05-22,0.6
10004,1997-05-23,0.0
10005,1997-05-24,0.0
10006,1997-05-25,0.0
10007,1997-05-26,0.0
10008,1997-05-27,0.0
10009,1997-05-28,0.0
10010,1997-05-29,0.0
10011,1997-05-30,0.0
10012,1997-05-31,0.0
10013,1997-06-01,1.0
10014,1997-06-02,3.7
10015,1997-06-03,1.0
10016,1997-06-04,0.2
10017,1997-06-05,2.4
10018,1997-06-06,3.1
10019,1997-06-07,8.4
10020,1997-06-08,2.6
10021,1997-06-09,0.3
10022,1997-06-10,0.0
10023,1997-06-11,14.9
10024,1997-06-12,0.9
10025,1997-06-13,4.7
10026,1997-06-14,5.1
10027,1997-06-15,0.2
10028,1997-06-16,2.7
10029,1997-06-17,9.9
10030,1997-06-18,0.0
10031,1997-06-19,8.2
10032,1997-06-20,3.0
10033,1997-06-21,6.5
10034,1997-06-22,6.9
10035,1997-06-23,7.5
10036,1997-06-24,3.3
10037,1997-06-25,12.1
10038,1997-06-26,11.6
10039,1997-06-27,2.1
10040,1997-06-28,1.8
10041,1997-06-29,7.8
10042,1997-06-30,11.6
10043,1997-07-01,6.5
10044,1997-07-02,8.4
10045,1997-07-03,1.0
10046,1997-07-04,4.3
10047,1997-07-05,2.4
10048,1997-07-06,0.3
10049,1997-07-07,0.3
10050,1997-07-08,0.1
10051,1997-07-09,0.0
10052,1997-07-10,0.2
10053,1997-07-11,0.0
10054,1997-07-12,0.9
10055,1997-07-13,0.3
10056,1997-07-14,6.9
10057,1997-07-15,0.0
10058,1997-07-16,0.4
10059,1997-07-17,4.4
10060,1997-07-18,1.7
10061,1997-07-19,1.5
10062,1997-07-20,0.6
10063,1997-07-21,0.1
10064,1997-07-22,0.1
10065,1997-07-23,0.0
10066,1997-07-24,1.3
10067,1997-07-25,2.2
10068,1997-07-26,1.0
10069,1997-07-27,0.8
10070,1997-07-28,0.0
10071,1997-07-29,0.0
10072,1997-07-30,0.8
10073,1997-07-31,2.4
10074,1997-08-01,3.2
10075,1997-08-02,1.2
10076,1997-08-03,2.5
10077,1997-08-04,0.2
10078,1997-08-05,6.0
10079,1997-08-06,8.1
10080,1997-08-07,4.4
10081,1997-08-08,1.8
10082,1997-08-09,0.2
10083,1997-08-10,0.0
10084,1997-08-11,0.0
10085,1997-08-12,0.0
10086,1997-08-13,5.0
10087,1997-08-14,0.0
10088,1997-08-15,0.0
10089,1997-08-16,0.0
10090,1997-08-17,0.0
10091,1997-08-18,0.3
10092,1997-08-19,0.0
10093,1997-08-20,0.0
10094,1997-08-21,0.2
10095,1997-08-22,0.6
10096,1997-08-23,0.7
10097,1997-08-24,0.0
10098,1997-08-25,2.0
10099,1997-08-26,1.3
10100,1997-08-27,11.2
10101,1997-08-28,6.2
10102,1997-08-29,0.3
10103,1997-08-30,5.2
10104,1997-08-31,0.0
10105,1997-09-01,8.0
10106,1997-09-02,0.0
10107,1997-09-03,0.0
10108,1997-09-04,1.5
10109,1997-09-05,0.0
10110,1997-09-06,0.2
10111,1997-09-07,0.5
10112,1997-09-08,0.0
10113,1997-09-09,0.0
10114,1997-09-10,0.0
10115,1997-09-11,0.0
10116,1997-09-12,2.5
10117,1997-09-13,0.2
10118,1997-09-14,0.0
10119,1997-09-15,0.0
10120,1997-09-16,0.0
10121,1997-09-17,0.0
10122,1997-09-18,0.0
10123,1997-09-19,0.0
10124,1997-09-20,0.0
10125,1997-09-21,0.0
10126,1997-09-22,0.0
10127,1997-09-23,0.0
10128,1997-09-24,0.0
10129,1997-09-25,0.0
10130,1997-09-26,0.0
10131,1997-09-27,0.0
10132,1997-09-28,0.0
10133,1997-09-29,0.0
10134,1997-09-30,0.0
10135,1997-10-01,0.0
10136,1997-10-02,0.1
10137,1997-10-03,0.0
10138,1997-10-04,0.0
10139,1997-10-05,0.1
10140,1997-10-06,2.4
10141,1997-10-07,7.2
10142,1997-10-08,10.3
10143,1997-10-09,2.4
10144,1997-10-10,5.9
10145,1997-10-11,8.3
10146,1997-10-12,2.8
10147,1997-10-13,1.9
10148,1997-10-14,2.5
10149,1997-10-15,12.6
10150,1997-10-16,0.2
10151,1997-10-17,0.0
10152,1997-10-18,0.0
10153,1997-10-19,0.0
10154,1997-10-20,1.9
10155,1997-10-21,0.5
10156,1997-10-22,0.0
10157,1997-10-23,0.0
10158,1997-10-24,0.0
10159,1997-10-25,0.0
10160,1997-10-26,0.0
10161,1997-10-27,0.0
10162,1997-10-28,0.0
10163,1997-10-29,0.0
10164,1997-10-30,0.0
10165,1997-10-31,0.0
10166,1997-11-01,0.0
10167,1997-11-02,0.0
10168,1997-11-03,0.0
10169,1997-11-04,4.0
10170,1997-11-05,3.0
10171,1997-11-06,12.3
10172,1997-11-07,4.5
10173,1997-11-08,7.1
10174,1997-11-09,2.2
10175,1997-11-10,2.6
10176,1997-11-11,2.3
10177,1997-11-12,0.1
10178,1997-11-13,0.1
10179,1997-11-14,0.0
10180,1997-11-15,6.1
10181,1997-11-16,2.3
10182,1997-11-17,0.4
10183,1997-11-18,3.4
10184,1997-11-19,11.5
10185,1997-11-20,7.0
10186,1997-11-21,0.1
10187,1997-11-22,6.0
10188,1997-11-23,0.2
10189,1997-11-24,0.0
10190,1997-11-25,0.0
10191,1997-11-26,1.5
10192,1997-11-27,8.6
10193,1997-11-28,7.7
10194,1997-11-29,1.3
10195,1997-11-30,3.7
10196,1997-12-01,0.7
10197,1997-12-02,8.9
10198,1997-12-03,0.2
10199,1997-12-04,0.0
10200,1997-12-05,0.0
10201,1997-12-06,0.0
10202,1997-12-07,0.0
10203,1997-12-08,1.6
10204,1997-12-09,0.1
10205,1997-12-10,5.1
10206,1997-12-11,11.0
10207,1997-12-12,1.9
10208,1997-12-13,0.0
10209,1997-12-14,0.4
10210,1997-12-15,0.2
10211,1997-12-16,0.0
10212,1997-12-17,8.2
10213,1997-12-18,18.2
10214,1997-12-19,8.7
10215,1997-12-20,0.1
10216,1997-12-21,0.1
10217,1997-12-22,0.2
10218,1997-12-23,1.6
10219,1997-12-24,4.2
10220,1997-12-25,4.8
10221,1997-12-26,2.0
10222,1997-12-27,1.2
10223,1997-12-28,0.3
10224,1997-12-29,0.1
10225,1997-12-30,0.0
10226,1997-12-31,7.7
10227,1998-01-01,2.6
10228,1998-01-02,9.6
10229,1998-01-03,7.4
10230,1998-01-04,3.2
10231,1998-01-05,5.2
10232,1998-01-06,1.8
10233,1998-01-07,2.6
10234,1998-01-08,0.2
10235,1998-01-09,0.0
10236,1998-01-10,0.0
10237,1998-01-11,0.0
10238,1998-01-12,0.0
10239,1998-01-13,1.0
10240,1998-01-14,1.1
10241,1998-01-15,5.3
10242,1998-01-16,2.2
10243,1998-01-17,0.0
10244,1998-01-18,10.0
10245,1998-01-19,4.4
10246,1998-01-20,0.3
10247,1998-01-21,0.0
10248,1998-01-22,0.0
10249,1998-01-23,0.0
10250,1998-01-24,0.1
10251,1998-01-25,0.1
10252,1998-01-26,0.0
10253,1998-01-27,0.0
10254,1998-01-28,0.0
10255,1998-01-29,0.0
10256,1998-01-30,0.2
10257,1998-01-31,0.1
10258,1998-02-01,0.0
10259,1998-02-02,0.0
10260,1998-02-03,0.0
10261,1998-02-04,0.0
10262,1998-02-05,0.0
10263,1998-02-06,0.0
10264,1998-02-07,1.1
10265,1998-02-08,0.0
10266,1998-02-09,0.0
10267,1998-02-10,0.0
10268,1998-02-11,0.0
10269,1998-02-12,0.0
10270,1998-02-13,0.0
10271,1998-02-14,0.0
10272,1998-02-15,0.0
10273,1998-02-16,0.0
10274,1998-02-17,0.0
10275,1998-02-18,0.0
10276,1998-02-19,0.0
10277,1998-02-20,0.0
10278,1998-02-21,2.3
10279,1998-02-22,6.0
10280,1998-02-23,0.0
10281,1998-02-24,0.2
10282,1998-02-25,0.0
10283,1998-02-26,0.1
10284,1998-02-27,0.7
10285,1998-02-28,3.0
10286,1998-03-01,0.5
10287,1998-03-02,0.1
10288,1998-03-03,2.2
10289,1998-03-04,6.1
10290,1998-03-05,0.6
10291,1998-03-06,6.0
10292,1998-03-07,8.6
10293,1998-03-08,4.7
10294,1998-03-09,0.0
10295,1998-03-10,0.2
10296,1998-03-11,8.5
10297,1998-03-12,0.5
10298,1998-03-13,0.6
10299,1998-03-14,0.4
10300,1998-03-15,0.1
10301,1998-03-16,0.1
10302,1998-03-17,0.2
10303,1998-03-18,0.2
10304,1998-03-19,0.1
10305,1998-03-20,0.0
10306,1998-03-21,0.3
10307,1998-03-22,0.0
10308,1998-03-23,1.9
10309,1998-03-24,0.0
10310,1998-03-25,0.0
10311,1998-03-26,3.3
10312,1998-03-27,0.8
10313,1998-03-28,0.0
10314,1998-03-29,0.0
10315,1998-03-30,0.4
10316,1998-03-31,0.8
10317,1998-04-01,1.5
10318,1998-04-02,6.7
10319,1998-04-03,12.4
10320,1998-04-04,4.3
10321,1998-04-05,4.7
10322,1998-04-06,5.6
10323,1998-04-07,19.5
10324,1998-04-08,1.5
10325,1998-04-09,4.7
10326,1998-04-10,1.4
10327,1998-04-11,2.1
10328,1998-04-12,4.5
10329,1998-04-13,2.4
10330,1998-04-14,1.4
10331,1998-04-15,10.7
10332,1998-04-16,4.6
10333,1998-04-17,13.5
10334,1998-04-18,0.6
10335,1998-04-19,3.2
10336,1998-04-20,3.8
10337,1998-04-21,0.3
10338,1998-04-22,0.5
10339,1998-04-23,1.1
10340,1998-04-24,0.5
10341,1998-04-25,7.6
10342,1998-04-26,2.1
10343,1998-04-27,8.8
10344,1998-04-28,3.3
10345,1998-04-29,0.2
10346,1998-04-30,0.2
10347,1998-05-01,0.3
10348,1998-05-02,3.2
10349,1998-05-03,0.1
10350,1998-05-04,0.0
10351,1998-05-05,0.9
10352,1998-05-06,0.8
10353,1998-05-07,0.1
10354,1998-05-08,0.0
10355,1998-05-09,0.0
10356,1998-05-10,0.0
10357,1998-05-11,0.0
10358,1998-05-12,0.0
10359,1998-05-13,0.1
10360,1998-05-14,0.8
10361,1998-05-15,0.0
10362,1998-05-16,0.0
10363,1998-05-17,0.0
10364,1998-05-18,0.0
10365,1998-05-19,0.0
10366,1998-05-20,0.0
10367,1998-05-21,1.5
10368,1998-05-22,0.1
10369,1998-05-23,0.0
10370,1998-05-24,0.9
10371,1998-05-25,4.5
10372,1998-05-26,4.1
10373,1998-05-27,3.4
10374,1998-05-28,1.2
10375,1998-05-29,0.0
10376,1998-05-30,1.0
10377,1998-05-31,0.6
10378,1998-06-01,0.8
10379,1998-06-02,7.5
10380,1998-06-03,1.1
10381,1998-06-04,0.0
10382,1998-06-05,5.3
10383,1998-06-06,11.3
10384,1998-06-07,3.8
10385,1998-06-08,0.1
10386,1998-06-09,2.2
10387,1998-06-10,2.0
10388,1998-06-11,7.2
10389,1998-06-12,4.1
10390,1998-06-13,8.0
10391,1998-06-14,3.3
10392,1998-06-15,6.5
10393,1998-06-16,6.7
10394,1998-06-17,0.2
10395,1998-06-18,0.2
10396,1998-06-19,0.0
10397,1998-06-20,0.0
10398,1998-06-21,1.0
10399,1998-06-22,0.2
10400,1998-06-23,0.0
10401,1998-06-24,0.0
10402,1998-06-25,0.5
10403,1998-06-26,0.1
10404,1998-06-27,3.9
10405,1998-06-28,0.4
10406,1998-06-29,0.2
10407,1998-06-30,4.4
10408,1998-07-01,0.2
10409,1998-07-02,0.0
10410,1998-07-03,0.2
10411,1998-07-04,0.3
10412,1998-07-05,0.8
10413,1998-07-06,1.4
10414,1998-07-07,2.1
10415,1998-07-08,0.5
10416,1998-07-09,0.5
10417,1998-07-10,1.7
10418,1998-07-11,4.1
10419,1998-07-12,1.9
10420,1998-07-13,12.7
10421,1998-07-14,0.5
10422,1998-07-15,1.0
10423,1998-07-16,5.5
10424,1998-07-17,1.8
10425,1998-07-18,0.7
10426,1998-07-19,0.0
10427,1998-07-20,0.0
10428,1998-07-21,10.0
10429,1998-07-22,0.0
10430,1998-07-23,0.9
10431,1998-07-24,0.0
10432,1998-07-25,0.0
10433,1998-07-26,0.0
10434,1998-07-27,2.9
10435,1998-07-28,0.7
10436,1998-07-29,1.9
10437,1998-07-30,0.7
10438,1998-07-31,0.6
10439,1998-08-01,3.5
10440,1998-08-02,4.8
10441,1998-08-03,0.1
10442,1998-08-04,1.5
10443,1998-08-05,0.0
10444,1998-08-06,0.0
10445,1998-08-07,0.0
10446,1998-08-08,0.0
10447,1998-08-09,0.0
10448,1998-08-10,0.0
10449,1998-08-11,0.0
10450,1998-08-12,0.0
10451,1998-08-13,0.0
10452,1998-08-14,0.0
10453,1998-08-15,0.0
10454,1998-08-16,0.0
10455,1998-08-17,0.0
10456,1998-08-18,0.9
10457,1998-08-19,0.0
10458,1998-08-20,0.0
10459,1998-08-21,2.6
10460,1998-08-22,4.3
10461,1998-08-23,1.5
10462,1998-08-24,2.5
10463,1998-08-25,0.0
10464,1998-08-26,1.1
10465,1998-08-27,0.4
10466,1998-08-28,0.0
10467,1998-08-29,0.6
10468,1998-08-30,0.1
10469,1998-08-31,0.1
10470,1998-09-01,2.6
10471,1998-09-02,11.8
10472,1998-09-03,3.1
10473,1998-09-04,10.6
10474,1998-09-05,3.0
10475,1998-09-06,0.5
10476,1998-09-07,1.8
10477,1998-09-08,3.4
10478,1998-09-09,4.5
10479,1998-09-10,0.6
10480,1998-09-11,11.4
10481,1998-09-12,1.9
10482,1998-09-13,7.8
10483,1998-09-14,0.4
10484,1998-09-15,1.2
10485,1998-09-16,1.7
10486,1998-09-17,0.0
10487,1998-09-18,0.0
10488,1998-09-19,0.0
10489,1998-09-20,0.1
10490,1998-09-21,0.0
10491,1998-09-22,0.0
10492,1998-09-23,0.0
10493,1998-09-24,0.1
10494,1998-09-25,0.2
10495,1998-09-26,7.5
10496,1998-09-27,5.1
10497,1998-09-28,0.9
10498,1998-09-29,0.4
10499,1998-09-30,4.3
10500,1998-10-01,0.8
10501,1998-10-02,0.4
10502,1998-10-03,1.1
10503,1998-10-04,2.6
10504,1998-10-05,0.0
10505,1998-10-06,0.4
10506,1998-10-07,0.4
10507,1998-10-08,12.0
10508,1998-10-09,0.2
10509,1998-10-10,6.5
10510,1998-10-11,8.8
10511,1998-10-12,0.3
10512,1998-10-13,0.4
10513,1998-10-14,2.7
10514,1998-10-15,0.2
10515,1998-10-16,0.3
10516,1998-10-17,5.9
10517,1998-10-18,0.8
10518,1998-10-19,0.5
10519,1998-10-20,0.3
10520,1998-10-21,1.5
10521,1998-10-22,0.8
10522,1998-10-23,8.8
10523,1998-10-24,21.5
10524,1998-10-25,2.9
10525,1998-10-26,2.8
10526,1998-10-27,0.9
10527,1998-10-28,13.5
10528,1998-10-29,3.7
10529,1998-10-30,8.9
10530,1998-10-31,11.6
10531,1998-11-01,5.6
10532,1998-11-02,2.8
10533,1998-11-03,0.3
10534,1998-11-04,0.6
10535,1998-11-05,0.1
10536,1998-11-06,1.2
10537,1998-11-07,0.0
10538,1998-11-08,5.3
10539,1998-11-09,1.9
10540,1998-11-10,0.4
10541,1998-11-11,0.0
10542,1998-11-12,3.2
10543,1998-11-13,1.7
10544,1998-11-14,10.0
10545,1998-11-15,1.3
10546,1998-11-16,1.1
10547,1998-11-17,0.0
10548,1998-11-18,0.0
10549,1998-11-19,1.1
10550,1998-11-20,0.0
10551,1998-11-21,0.0
10552,1998-11-22,0.0
10553,1998-11-23,0.0
10554,1998-11-24,0.9
10555,1998-11-25,6.3
10556,1998-11-26,2.6
10557,1998-11-27,0.4
10558,1998-11-28,4.0
10559,1998-11-29,3.2
10560,1998-11-30,2.0
10561,1998-12-01,0.0
10562,1998-12-02,0.0
10563,1998-12-03,0.1
10564,1998-12-04,0.6
10565,1998-12-05,2.4
10566,1998-12-06,0.1
10567,1998-12-07,0.0
10568,1998-12-08,2.1
10569,1998-12-09,4.8
10570,1998-12-10,5.0
10571,1998-12-11,1.8
10572,1998-12-12,8.3
10573,1998-12-13,0.2
10574,1998-12-14,0.1
10575,1998-12-15,0.3
10576,1998-12-16,0.1
10577,1998-12-17,0.0
10578,1998-12-18,2.9
10579,1998-12-19,2.5
10580,1998-12-20,2.4
10581,1998-12-21,0.0
10582,1998-12-22,0.1
10583,1998-12-23,0.1
10584,1998-12-24,2.4
10585,1998-12-25,2.6
10586,1998-12-26,4.9
10587,1998-12-27,13.1
10588,1998-12-28,6.9
10589,1998-12-29,0.0
10590,1998-12-30,0.2
10591,1998-12-31,4.9
10592,1999-01-01,0.0
10593,1999-01-02,4.0
10594,1999-01-03,6.4
10595,1999-01-04,1.9
10596,1999-01-05,0.0
10597,1999-01-06,0.0
10598,1999-01-07,7.4
10599,1999-01-08,2.8
10600,1999-01-09,2.9
10601,1999-01-10,0.2
10602,1999-01-11,0.1
10603,1999-01-12,6.7
10604,1999-01-13,2.9
10605,1999-01-14,1.2
10606,1999-01-15,0.4
10607,1999-01-16,10.3
10608,1999-01-17,3.4
10609,1999-01-18,0.0
10610,1999-01-19,0.0
10611,1999-01-20,1.7
10612,1999-01-21,1.5
10613,1999-01-22,0.1
10614,1999-01-23,0.3
10615,1999-01-24,0.3
10616,1999-01-25,7.5
10617,1999-01-26,7.4
10618,1999-01-27,1.2
10619,1999-01-28,7.8
10620,1999-01-29,0.1
10621,1999-01-30,0.0
10622,1999-01-31,0.0
10623,1999-02-01,0.4
10624,1999-02-02,0.1
10625,1999-02-03,0.0
10626,1999-02-04,0.4
10627,1999-02-05,1.1
10628,1999-02-06,2.5
10629,1999-02-07,4.7
10630,1999-02-08,5.1
10631,1999-02-09,0.6
10632,1999-02-10,0.9
10633,1999-02-11,0.3
10634,1999-02-12,0.0
10635,1999-02-13,0.0
10636,1999-02-14,1.3
10637,1999-02-15,2.9
10638,1999-02-16,1.4
10639,1999-02-17,0.8
10640,1999-02-18,3.5
10641,1999-02-19,8.2
10642,1999-02-20,3.8
10643,1999-02-21,6.7
10644,1999-02-22,2.7
10645,1999-02-23,0.0
10646,1999-02-24,1.7
10647,1999-02-25,0.0
10648,1999-02-26,0.0
10649,1999-02-27,1.5
10650,1999-02-28,0.0
10651,1999-03-01,8.8
10652,1999-03-02,3.5
10653,1999-03-03,3.9
10654,1999-03-04,3.0
10655,1999-03-05,6.5
10656,1999-03-06,2.3
10657,1999-03-07,4.4
10658,1999-03-08,7.9
10659,1999-03-09,1.3
10660,1999-03-10,0.4
10661,1999-03-11,0.0
10662,1999-03-12,0.0
10663,1999-03-13,0.0
10664,1999-03-14,0.0
10665,1999-03-15,0.0
10666,1999-03-16,0.0
10667,1999-03-17,0.0
10668,1999-03-18,4.9
10669,1999-03-19,0.1
10670,1999-03-20,0.4
10671,1999-03-21,8.3
10672,1999-03-22,2.1
10673,1999-03-23,1.7
10674,1999-03-24,0.1
10675,1999-03-25,2.1
10676,1999-03-26,3.2
10677,1999-03-27,0.0
10678,1999-03-28,0.0
10679,1999-03-29,0.0
10680,1999-03-30,0.1
10681,1999-03-31,0.0
10682,1999-04-01,0.0
10683,1999-04-02,1.1
10684,1999-04-03,5.4
10685,1999-04-04,0.7
10686,1999-04-05,0.4
10687,1999-04-06,1.1
10688,1999-04-07,2.0
10689,1999-04-08,0.9
10690,1999-04-09,0.0
10691,1999-04-10,1.7
10692,1999-04-11,0.3
10693,1999-04-12,7.4
10694,1999-04-13,2.4
10695,1999-04-14,11.3
10696,1999-04-15,3.4
10697,1999-04-16,1.8
10698,1999-04-17,2.3
10699,1999-04-18,3.5
10700,1999-04-19,2.0
10701,1999-04-20,7.7
10702,1999-04-21,5.2
10703,1999-04-22,2.1
10704,1999-04-23,2.9
10705,1999-04-24,3.9
10706,1999-04-25,0.1
10707,1999-04-26,0.1
10708,1999-04-27,0.1
10709,1999-04-28,0.3
10710,1999-04-29,0.2
10711,1999-04-30,0.1
10712,1999-05-01,0.3
10713,1999-05-02,0.1
10714,1999-05-03,0.0
10715,1999-05-04,0.7
10716,1999-05-05,0.7
10717,1999-05-06,0.4
10718,1999-05-07,9.4
10719,1999-05-08,0.2
10720,1999-05-09,0.0
10721,1999-05-10,3.5
10722,1999-05-11,2.2
10723,1999-05-12,0.5
10724,1999-05-13,0.1
10725,1999-05-14,1.0
10726,1999-05-15,1.0
10727,1999-05-16,0.0
10728,1999-05-17,4.2
10729,1999-05-18,6.0
10730,1999-05-19,2.4
10731,1999-05-20,9.8
10732,1999-05-21,0.3
10733,1999-05-22,0.4
10734,1999-05-23,0.1
10735,1999-05-24,0.4
10736,1999-05-25,0.3
10737,1999-05-26,0.0
10738,1999-05-27,0.1
10739,1999-05-28,0.2
10740,1999-05-29,0.0
10741,1999-05-30,7.5
10742,1999-05-31,0.0
10743,1999-06-01,0.5
10744,1999-06-02,1.6
10745,1999-06-03,6.6
10746,1999-06-04,4.1
10747,1999-06-05,2.6
10748,1999-06-06,0.8
10749,1999-06-07,3.9
10750,1999-06-08,1.1
10751,1999-06-09,0.6
10752,1999-06-10,0.6
10753,1999-06-11,0.7
10754,1999-06-12,0.2
10755,1999-06-13,6.3
10756,1999-06-14,2.7
10757,1999-06-15,0.2
10758,1999-06-16,0.1
10759,1999-06-17,0.2
10760,1999-06-18,0.0
10761,1999-06-19,0.0
10762,1999-06-20,1.5
10763,1999-06-21,0.6
10764,1999-06-22,0.4
10765,1999-06-23,0.0
10766,1999-06-24,0.0
10767,1999-06-25,0.0
10768,1999-06-26,6.5
10769,1999-06-27,6.1
10770,1999-06-28,0.6
10771,1999-06-29,1.4
10772,1999-06-30,1.6
10773,1999-07-01,0.1
10774,1999-07-02,0.0
10775,1999-07-03,0.0
10776,1999-07-04,21.0
10777,1999-07-05,3.9
10778,1999-07-06,12.8
10779,1999-07-07,0.6
10780,1999-07-08,0.0
10781,1999-07-09,0.0
10782,1999-07-10,0.1
10783,1999-07-11,0.4
10784,1999-07-12,0.1
10785,1999-07-13,0.4
10786,1999-07-14,2.6
10787,1999-07-15,1.3
10788,1999-07-16,0.1
10789,1999-07-17,0.0
10790,1999-07-18,0.3
10791,1999-07-19,1.2
10792,1999-07-20,1.0
10793,1999-07-21,0.0
10794,1999-07-22,0.5
10795,1999-07-23,0.0
10796,1999-07-24,0.0
10797,1999-07-25,0.0
10798,1999-07-26,0.6
10799,1999-07-27,0.0
10800,1999-07-28,0.2
10801,1999-07-29,0.0
10802,1999-07-30,0.0
10803,1999-07-31,0.0
10804,1999-08-01,0.0
10805,1999-08-02,0.0
10806,1999-08-03,5.5
10807,1999-08-04,1.8
10808,1999-08-05,5.3
10809,1999-08-06,5.2
10810,1999-08-07,1.4
10811,1999-08-08,7.2
10812,1999-08-09,4.0
10813,1999-08-10,6.8
10814,1999-08-11,1.0
10815,1999-08-12,0.3
10816,1999-08-13,0.1
10817,1999-08-14,5.3
10818,1999-08-15,1.3
10819,1999-08-16,2.5
10820,1999-08-17,0.4
10821,1999-08-18,12.0
10822,1999-08-19,0.8
10823,1999-08-20,0.3
10824,1999-08-21,0.1
10825,1999-08-22,0.0
10826,1999-08-23,0.0
10827,1999-08-24,0.0
10828,1999-08-25,0.4
10829,1999-08-26,0.2
10830,1999-08-27,0.1
10831,1999-08-28,0.2
10832,1999-08-29,0.0
10833,1999-08-30,0.0
10834,1999-08-31,0.3
10835,1999-09-01,0.1
10836,1999-09-02,0.0
10837,1999-09-03,0.0
10838,1999-09-04,0.0
10839,1999-09-05,1.1
10840,1999-09-06,4.8
10841,1999-09-07,0.5
10842,1999-09-08,0.0
10843,1999-09-09,0.0
10844,1999-09-10,0.0
10845,1999-09-11,0.0
10846,1999-09-12,0.0
10847,1999-09-13,17.1
10848,1999-09-14,10.2
10849,1999-09-15,7.3
10850,1999-09-16,0.1
10851,1999-09-17,1.3
10852,1999-09-18,1.0
10853,1999-09-19,15.6
10854,1999-09-20,5.2
10855,1999-09-21,9.5
10856,1999-09-22,4.5
10857,1999-09-23,0.3
10858,1999-09-24,2.7
10859,1999-09-25,2.4
10860,1999-09-26,1.0
10861,1999-09-27,9.7
10862,1999-09-28,4.3
10863,1999-09-29,8.3
10864,1999-09-30,10.7
10865,1999-10-01,0.6
10866,1999-10-02,10.9
10867,1999-10-03,0.5
10868,1999-10-04,4.9
10869,1999-10-05,0.8
10870,1999-10-06,0.1
10871,1999-10-07,0.1
10872,1999-10-08,2.1
10873,1999-10-09,0.2
10874,1999-10-10,0.4
10875,1999-10-11,0.9
10876,1999-10-12,0.0
10877,1999-10-13,0.0
10878,1999-10-14,0.0
10879,1999-10-15,0.0
10880,1999-10-16,0.0
10881,1999-10-17,0.0
10882,1999-10-18,0.0
10883,1999-10-19,3.3
10884,1999-10-20,2.0
10885,1999-10-21,6.1
10886,1999-10-22,8.6
10887,1999-10-23,0.4
10888,1999-10-24,4.7
10889,1999-10-25,1.1
10890,1999-10-26,0.5
10891,1999-10-27,0.0
10892,1999-10-28,0.0
10893,1999-10-29,0.0
10894,1999-10-30,3.2
10895,1999-10-31,0.0
10896,1999-11-01,4.1
10897,1999-11-02,10.7
10898,1999-11-03,0.0
10899,1999-11-04,0.0
10900,1999-11-05,4.0
10901,1999-11-06,0.5
10902,1999-11-07,0.0
10903,1999-11-08,0.2
10904,1999-11-09,0.7
10905,1999-11-10,0.9
10906,1999-11-11,0.6
10907,1999-11-12,0.0
10908,1999-11-13,0.0
10909,1999-11-14,0.2
10910,1999-11-15,0.0
10911,1999-11-16,1.3
10912,1999-11-17,1.2
10913,1999-11-18,6.0
10914,1999-11-19,0.7
10915,1999-11-20,1.6
10916,1999-11-21,0.0
10917,1999-11-22,1.5
10918,1999-11-23,0.4
10919,1999-11-24,0.1
10920,1999-11-25,0.1
10921,1999-11-26,0.0
10922,1999-11-27,1.3
10923,1999-11-28,0.0
10924,1999-11-29,0.0
10925,1999-11-30,0.0
10926,1999-12-01,1.5
10927,1999-12-02,0.7
10928,1999-12-03,1.6
10929,1999-12-04,1.8
10930,1999-12-05,0.0
10931,1999-12-06,0.3
10932,1999-12-07,2.3
10933,1999-12-08,1.7
10934,1999-12-09,3.7
10935,1999-12-10,1.4
10936,1999-12-11,9.5
10937,1999-12-12,16.4
10938,1999-12-13,5.6
10939,1999-12-14,2.7
10940,1999-12-15,1.5
10941,1999-12-16,0.0
10942,1999-12-17,11.1
10943,1999-12-18,16.1
10944,1999-12-19,12.4
10945,1999-12-20,0.0
10946,1999-12-21,0.0
10947,1999-12-22,0.6
10948,1999-12-23,7.7
10949,1999-12-24,7.0
10950,1999-12-25,7.4
10951,1999-12-26,18.9
10952,1999-12-27,10.2
10953,1999-12-28,4.5
10954,1999-12-29,0.3
10955,1999-12-30,5.8
10956,1999-12-31,2.5
10957,2000-01-01,0.3
10958,2000-01-02,0.3
10959,2000-01-03,0.1
10960,2000-01-04,4.8
10961,2000-01-05,0.3
10962,2000-01-06,2.4
10963,2000-01-07,0.1
10964,2000-01-08,2.6
10965,2000-01-09,0.3
10966,2000-01-10,0.0
10967,2000-01-11,0.0
10968,2000-01-12,0.1
10969,2000-01-13,1.3
10970,2000-01-14,3.3
10971,2000-01-15,0.0
10972,2000-01-16,0.0
10973,2000-01-17,0.1
10974,2000-01-18,0.4
10975,2000-01-19,0.1
10976,2000-01-20,0.1
10977,2000-01-21,0.3
10978,2000-01-22,4.8
10979,2000-01-23,1.7
10980,2000-01-24,0.0
10981,2000-01-25,0.0
10982,2000-01-26,0.0
10983,2000-01-27,0.0
10984,2000-01-28,0.0
10985,2000-01-29,6.8
10986,2000-01-30,1.2
10987,2000-01-31,0.3
10988,2000-02-01,0.2
10989,2000-02-02,5.2
10990,2000-02-03,0.4
10991,2000-02-04,0.0
10992,2000-02-05,0.0
10993,2000-02-06,1.2
10994,2000-02-07,4.7
10995,2000-02-08,6.5
10996,2000-02-09,0.7
10997,2000-02-10,4.5
10998,2000-02-11,0.0
10999,2000-02-12,2.4
11000,2000-02-13,6.4
11001,2000-02-14,2.9
11002,2000-02-15,3.6
11003,2000-02-16,3.7
11004,2000-02-17,4.3
11005,2000-02-18,4.8
11006,2000-02-19,3.3
11007,2000-02-20,0.3
11008,2000-02-21,0.1
11009,2000-02-22,0.1
11010,2000-02-23,0.1
11011,2000-02-24,0.6
11012,2000-02-25,2.0
11013,2000-02-26,0.0
11014,2000-02-27,0.0
11015,2000-02-28,5.5
11016,2000-02-29,4.9
11017,2000-03-01,3.6
11018,2000-03-02,0.1
11019,2000-03-03,10.2
11020,2000-03-04,0.1
11021,2000-03-05,0.0
11022,2000-03-06,0.0
11023,2000-03-07,0.1
11024,2000-03-08,1.4
11025,2000-03-09,0.6
11026,2000-03-10,0.3
11027,2000-03-11,0.3
11028,2000-03-12,0.0
11029,2000-03-13,0.0
11030,2000-03-14,1.3
11031,2000-03-15,0.2
11032,2000-03-16,0.1
11033,2000-03-17,0.2
11034,2000-03-18,0.9
11035,2000-03-19,0.6
11036,2000-03-20,0.0
11037,2000-03-21,0.0
11038,2000-03-22,0.0
11039,2000-03-23,2.1
11040,2000-03-24,7.3
11041,2000-03-25,2.7
11042,2000-03-26,5.1
11043,2000-03-27,2.4
11044,2000-03-28,0.3
11045,2000-03-29,2.8
11046,2000-03-30,10.3
11047,2000-03-31,6.1
11048,2000-04-01,1.9
11049,2000-04-02,0.0
11050,2000-04-03,2.0
11051,2000-04-04,5.5
11052,2000-04-05,2.6
11053,2000-04-06,0.0
11054,2000-04-07,0.0
11055,2000-04-08,0.0
11056,2000-04-09,1.5
11057,2000-04-10,0.4
11058,2000-04-11,3.7
11059,2000-04-12,2.7
11060,2000-04-13,7.3
11061,2000-04-14,6.9
11062,2000-04-15,5.6
11063,2000-04-16,3.0
11064,2000-04-17,0.6
11065,2000-04-18,0.1
11066,2000-04-19,1.1
11067,2000-04-20,0.3
11068,2000-04-21,4.2
11069,2000-04-22,15.7
11070,2000-04-23,8.1
11071,2000-04-24,0.5
11072,2000-04-25,0.0
11073,2000-04-26,2.7
11074,2000-04-27,7.5
11075,2000-04-28,12.2
11076,2000-04-29,0.0
11077,2000-04-30,1.0
11078,2000-05-01,0.1
11079,2000-05-02,0.1
11080,2000-05-03,0.2
11081,2000-05-04,0.4
11082,2000-05-05,1.9
11083,2000-05-06,1.0
11084,2000-05-07,6.8
11085,2000-05-08,3.2
11086,2000-05-09,0.2
11087,2000-05-10,2.6
11088,2000-05-11,9.1
11089,2000-05-12,0.1
11090,2000-05-13,0.5
11091,2000-05-14,0.3
11092,2000-05-15,0.1
11093,2000-05-16,3.4
11094,2000-05-17,1.5
11095,2000-05-18,7.0
11096,2000-05-19,4.0
11097,2000-05-20,1.0
11098,2000-05-21,8.2
11099,2000-05-22,0.9
11100,2000-05-23,0.3
11101,2000-05-24,1.0
11102,2000-05-25,1.7
11103,2000-05-26,3.0
11104,2000-05-27,2.5
11105,2000-05-28,7.9
11106,2000-05-29,0.6
11107,2000-05-30,10.1
11108,2000-05-31,1.1
11109,2000-06-01,0.0
11110,2000-06-02,0.1
11111,2000-06-03,6.5
11112,2000-06-04,0.4
11113,2000-06-05,23.6
11114,2000-06-06,1.3
11115,2000-06-07,0.0
11116,2000-06-08,0.0
11117,2000-06-09,0.2
11118,2000-06-10,2.5
11119,2000-06-11,0.3
11120,2000-06-12,0.0
11121,2000-06-13,0.0
11122,2000-06-14,0.1
11123,2000-06-15,0.5
11124,2000-06-16,0.1
11125,2000-06-17,0.0
11126,2000-06-18,0.0
11127,2000-06-19,0.0
11128,2000-06-20,0.1
11129,2000-06-21,0.4
11130,2000-06-22,0.8
11131,2000-06-23,1.6
11132,2000-06-24,1.5
11133,2000-06-25,1.0
11134,2000-06-26,0.0
11135,2000-06-27,0.0
11136,2000-06-28,0.0
11137,2000-06-29,0.0
11138,2000-06-30,0.2
11139,2000-07-01,2.0
11140,2000-07-02,11.6
11141,2000-07-03,0.5
11142,2000-07-04,19.5
11143,2000-07-05,0.8
11144,2000-07-06,0.9
11145,2000-07-07,14.3
11146,2000-07-08,5.7
11147,2000-07-09,8.6
11148,2000-07-10,3.7
11149,2000-07-11,2.8
11150,2000-07-12,0.8
11151,2000-07-13,5.9
11152,2000-07-14,4.6
11153,2000-07-15,4.6
11154,2000-07-16,0.8
11155,2000-07-17,1.1
11156,2000-07-18,0.1
11157,2000-07-19,0.1
11158,2000-07-20,0.4
11159,2000-07-21,0.0
11160,2000-07-22,0.0
11161,2000-07-23,0.0
11162,2000-07-24,25.5
11163,2000-07-25,0.3
11164,2000-07-26,7.9
11165,2000-07-27,5.4
11166,2000-07-28,4.5
11167,2000-07-29,0.5
11168,2000-07-30,0.5
11169,2000-07-31,0.0
11170,2000-08-01,0.0
11171,2000-08-02,0.4
11172,2000-08-03,1.7
11173,2000-08-04,2.1
11174,2000-08-05,0.0
11175,2000-08-06,0.5
11176,2000-08-07,1.9
11177,2000-08-08,6.9
11178,2000-08-09,0.3
11179,2000-08-10,0.1
11180,2000-08-11,0.0
11181,2000-08-12,0.3
11182,2000-08-13,2.2
11183,2000-08-14,0.6
11184,2000-08-15,0.4
11185,2000-08-16,1.6
11186,2000-08-17,0.3
11187,2000-08-18,4.9
11188,2000-08-19,11.3
11189,2000-08-20,7.5
11190,2000-08-21,0.2
11191,2000-08-22,0.1
11192,2000-08-23,0.0
11193,2000-08-24,0.0
11194,2000-08-25,0.0
11195,2000-08-26,0.3
11196,2000-08-27,2.2
11197,2000-08-28,0.1
11198,2000-08-29,0.1
11199,2000-08-30,0.0
11200,2000-08-31,0.0
11201,2000-09-01,3.3
11202,2000-09-02,5.2
11203,2000-09-03,0.2
11204,2000-09-04,0.2
11205,2000-09-05,0.7
11206,2000-09-06,7.4
11207,2000-09-07,0.0
11208,2000-09-08,0.1
11209,2000-09-09,0.1
11210,2000-09-10,0.0
11211,2000-09-11,0.0
11212,2000-09-12,0.5
11213,2000-09-13,0.1
11214,2000-09-14,0.1
11215,2000-09-15,3.0
11216,2000-09-16,1.0
11217,2000-09-17,0.3
11218,2000-09-18,0.0
11219,2000-09-19,6.3
11220,2000-09-20,0.0
11221,2000-09-21,0.4
11222,2000-09-22,0.2
11223,2000-09-23,0.0
11224,2000-09-24,0.9
11225,2000-09-25,0.0
11226,2000-09-26,1.2
11227,2000-09-27,0.2
11228,2000-09-28,12.5
11229,2000-09-29,11.5
11230,2000-09-30,0.2
11231,2000-10-01,0.1
11232,2000-10-02,6.4
11233,2000-10-03,0.0
11234,2000-10-04,0.4
11235,2000-10-05,1.9
11236,2000-10-06,0.2
11237,2000-10-07,4.3
11238,2000-10-08,5.9
11239,2000-10-09,10.6
11240,2000-10-10,9.2
11241,2000-10-11,7.8
11242,2000-10-12,0.5
11243,2000-10-13,0.0
11244,2000-10-14,0.0
11245,2000-10-15,0.1
11246,2000-10-16,35.5
11247,2000-10-17,0.2
11248,2000-10-18,21.1
11249,2000-10-19,2.2
11250,2000-10-20,3.9
11251,2000-10-21,0.2
11252,2000-10-22,0.0
11253,2000-10-23,0.6
11254,2000-10-24,0.2
11255,2000-10-25,1.6
11256,2000-10-26,0.4
11257,2000-10-27,0.5
11258,2000-10-28,0.3
11259,2000-10-29,0.6
11260,2000-10-30,9.5
11261,2000-10-31,0.4
11262,2000-11-01,5.2
11263,2000-11-02,5.0
11264,2000-11-03,0.0
11265,2000-11-04,0.3
11266,2000-11-05,3.7
11267,2000-11-06,12.3
11268,2000-11-07,7.6
11269,2000-11-08,4.3
11270,2000-11-09,0.4
11271,2000-11-10,0.1
11272,2000-11-11,0.0
11273,2000-11-12,14.0
11274,2000-11-13,1.7
11275,2000-11-14,1.1
11276,2000-11-15,0.5
11277,2000-11-16,5.8
11278,2000-11-17,0.2
11279,2000-11-18,1.0
11280,2000-11-19,5.1
11281,2000-11-20,1.1
11282,2000-11-21,7.4
11283,2000-11-22,1.0
11284,2000-11-23,5.3
11285,2000-11-24,0.8
11286,2000-11-25,11.6
11287,2000-11-26,0.3
11288,2000-11-27,7.0
11289,2000-11-28,0.6
11290,2000-11-29,5.1
11291,2000-11-30,0.0
11292,2000-12-01,7.6
11293,2000-12-02,7.3
11294,2000-12-03,5.5
11295,2000-12-04,2.3
11296,2000-12-05,0.6
11297,2000-12-06,7.8
11298,2000-12-07,5.5
11299,2000-12-08,0.1
11300,2000-12-09,0.9
11301,2000-12-10,6.8
11302,2000-12-11,0.7
11303,2000-12-12,6.9
11304,2000-12-13,0.9
11305,2000-12-14,11.0
11306,2000-12-15,0.9
11307,2000-12-16,2.3
11308,2000-12-17,0.0
11309,2000-12-18,9.2
11310,2000-12-19,0.2
11311,2000-12-20,0.0
11312,2000-12-21,0.0
11313,2000-12-22,0.0
11314,2000-12-23,0.0
11315,2000-12-24,0.6
11316,2000-12-25,4.3
11317,2000-12-26,2.4
11318,2000-12-27,1.3
11319,2000-12-28,0.8
11320,2000-12-29,0.8
11321,2000-12-30,0.0
11322,2000-12-31,0.2
11323,2001-01-01,11.5
11324,2001-01-02,0.1
11325,2001-01-03,4.4
11326,2001-01-04,9.0
11327,2001-01-05,27.9
11328,2001-01-06,1.7
11329,2001-01-07,0.1
11330,2001-01-08,0.7
11331,2001-01-09,0.6
11332,2001-01-10,5.6
11333,2001-01-11,1.4
11334,2001-01-12,0.0
11335,2001-01-13,0.0
11336,2001-01-14,0.0
11337,2001-01-15,0.0
11338,2001-01-16,0.0
11339,2001-01-17,0.3
11340,2001-01-18,0.3
11341,2001-01-19,0.2
11342,2001-01-20,0.1
11343,2001-01-21,8.3
11344,2001-01-22,7.4
11345,2001-01-23,7.4
11346,2001-01-24,4.1
11347,2001-01-25,2.8
11348,2001-01-26,3.0
11349,2001-01-27,5.5
11350,2001-01-28,0.1
11351,2001-01-29,0.4
11352,2001-01-30,0.1
11353,2001-01-31,1.1
11354,2001-02-01,0.0
11355,2001-02-02,3.0
11356,2001-02-03,5.2
11357,2001-02-04,3.1
11358,2001-02-05,6.2
11359,2001-02-06,5.4
11360,2001-02-07,10.2
11361,2001-02-08,1.1
11362,2001-02-09,2.2
11363,2001-02-10,0.0
11364,2001-02-11,0.1
11365,2001-02-12,2.2
11366,2001-02-13,2.5
11367,2001-02-14,0.0
11368,2001-02-15,0.0
11369,2001-02-16,0.1
11370,2001-02-17,0.1
11371,2001-02-18,0.0
11372,2001-02-19,0.0
11373,2001-02-20,0.1
11374,2001-02-21,0.1
11375,2001-02-22,1.1
11376,2001-02-23,1.5
11377,2001-02-24,2.2
11378,2001-02-25,0.6
11379,2001-02-26,0.2
11380,2001-02-27,1.2
11381,2001-02-28,2.3
11382,2001-03-01,3.1
11383,2001-03-02,0.1
11384,2001-03-03,2.2
11385,2001-03-04,5.1
11386,2001-03-05,0.0
11387,2001-03-06,0.8
11388,2001-03-07,6.4
11389,2001-03-08,6.8
11390,2001-03-09,4.5
11391,2001-03-10,5.1
11392,2001-03-11,5.2
11393,2001-03-12,4.3
11394,2001-03-13,4.4
11395,2001-03-14,9.2
11396,2001-03-15,5.0
11397,2001-03-16,0.4
11398,2001-03-17,3.1
11399,2001-03-18,10.1
11400,2001-03-19,0.0
11401,2001-03-20,10.7
11402,2001-03-21,10.2
11403,2001-03-22,13.0
11404,2001-03-23,8.1
11405,2001-03-24,14.6
11406,2001-03-25,7.1
11407,2001-03-26,0.3
11408,2001-03-27,3.0
11409,2001-03-28,8.0
11410,2001-03-29,10.9
11411,2001-03-30,0.7
11412,2001-03-31,0.0
11413,2001-04-01,0.0
11414,2001-04-02,0.1
11415,2001-04-03,1.0
11416,2001-04-04,8.6
11417,2001-04-05,6.2
11418,2001-04-06,9.1
11419,2001-04-07,7.7
11420,2001-04-08,2.6
11421,2001-04-09,14.3
11422,2001-04-10,7.0
11423,2001-04-11,2.5
11424,2001-04-12,0.0
11425,2001-04-13,0.0
11426,2001-04-14,1.2
11427,2001-04-15,10.9
11428,2001-04-16,3.2
11429,2001-04-17,0.4
11430,2001-04-18,5.2
11431,2001-04-19,1.3
11432,2001-04-20,5.6
11433,2001-04-21,1.4
11434,2001-04-22,0.1
11435,2001-04-23,0.1
11436,2001-04-24,3.1
11437,2001-04-25,3.2
11438,2001-04-26,2.5
11439,2001-04-27,5.7
11440,2001-04-28,5.0
11441,2001-04-29,0.8
11442,2001-04-30,6.3
11443,2001-05-01,5.9
11444,2001-05-02,2.5
11445,2001-05-03,9.2
11446,2001-05-04,1.3
11447,2001-05-05,0.0
11448,2001-05-06,0.0
11449,2001-05-07,0.0
11450,2001-05-08,0.1
11451,2001-05-09,1.0
11452,2001-05-10,0.4
11453,2001-05-11,0.0
11454,2001-05-12,0.0
11455,2001-05-13,0.8
11456,2001-05-14,14.8
11457,2001-05-15,9.5
11458,2001-05-16,1.9
11459,2001-05-17,0.8
11460,2001-05-18,0.8
11461,2001-05-19,0.0
11462,2001-05-20,0.0
11463,2001-05-21,0.0
11464,2001-05-22,0.0
11465,2001-05-23,0.0
11466,2001-05-24,0.0
11467,2001-05-25,0.0
11468,2001-05-26,0.6
11469,2001-05-27,0.0
11470,2001-05-28,0.0
11471,2001-05-29,0.0
11472,2001-05-30,0.0
11473,2001-05-31,0.0
11474,2001-06-01,0.2
11475,2001-06-02,2.8
11476,2001-06-03,0.2
11477,2001-06-04,0.0
11478,2001-06-05,0.0
11479,2001-06-06,1.1
11480,2001-06-07,9.2
11481,2001-06-08,1.2
11482,2001-06-09,0.0
11483,2001-06-10,2.9
11484,2001-06-11,0.2
11485,2001-06-12,0.0
11486,2001-06-13,3.2
11487,2001-06-14,1.0
11488,2001-06-15,0.1
11489,2001-06-16,3.8
11490,2001-06-17,5.9
11491,2001-06-18,0.6
11492,2001-06-19,0.0
11493,2001-06-20,0.0
11494,2001-06-21,0.1
11495,2001-06-22,0.0
11496,2001-06-23,0.0
11497,2001-06-24,0.0
11498,2001-06-25,0.0
11499,2001-06-26,1.0
11500,2001-06-27,8.1
11501,2001-06-28,0.0
11502,2001-06-29,0.1
11503,2001-06-30,0.2
11504,2001-07-01,0.0
11505,2001-07-02,0.0
11506,2001-07-03,0.0
11507,2001-07-04,3.5
11508,2001-07-05,1.9
11509,2001-07-06,9.1
11510,2001-07-07,30.2
11511,2001-07-08,0.5
11512,2001-07-09,0.0
11513,2001-07-10,0.8
11514,2001-07-11,1.1
11515,2001-07-12,2.7
11516,2001-07-13,5.5
11517,2001-07-14,12.5
11518,2001-07-15,0.6
11519,2001-07-16,0.2
11520,2001-07-17,6.8
11521,2001-07-18,9.2
11522,2001-07-19,5.3
11523,2001-07-20,0.4
11524,2001-07-21,0.4
11525,2001-07-22,0.0
11526,2001-07-23,3.4
11527,2001-07-24,0.1
11528,2001-07-25,0.2
11529,2001-07-26,1.4
11530,2001-07-27,0.5
11531,2001-07-28,0.0
11532,2001-07-29,0.0
11533,2001-07-30,0.0
11534,2001-07-31,0.0
11535,2001-08-01,0.0
11536,2001-08-02,12.1
11537,2001-08-03,2.7
11538,2001-08-04,3.9
11539,2001-08-05,2.3
11540,2001-08-06,2.9
11541,2001-08-07,21.5
11542,2001-08-08,1.2
11543,2001-08-09,0.4
11544,2001-08-10,0.3
11545,2001-08-11,0.1
11546,2001-08-12,0.0
11547,2001-08-13,0.0
11548,2001-08-14,0.0
11549,2001-08-15,5.3
11550,2001-08-16,10.2
11551,2001-08-17,0.1
11552,2001-08-18,1.4
11553,2001-08-19,2.1
11554,2001-08-20,0.1
11555,2001-08-21,0.0
11556,2001-08-22,0.1
11557,2001-08-23,0.0
11558,2001-08-24,0.0
11559,2001-08-25,0.0
11560,2001-08-26,0.0
11561,2001-08-27,0.0
11562,2001-08-28,0.0
11563,2001-08-29,0.0
11564,2001-08-30,1.0
11565,2001-08-31,5.4
11566,2001-09-01,0.4
11567,2001-09-02,0.4
11568,2001-09-03,4.1
11569,2001-09-04,12.4
11570,2001-09-05,0.0
11571,2001-09-06,6.0
11572,2001-09-07,0.1
11573,2001-09-08,3.2
11574,2001-09-09,0.1
11575,2001-09-10,0.6
11576,2001-09-11,0.4
11577,2001-09-12,0.3
11578,2001-09-13,4.6
11579,2001-09-14,0.9
11580,2001-09-15,3.3
11581,2001-09-16,1.3
11582,2001-09-17,4.5
11583,2001-09-18,12.2
11584,2001-09-19,15.4
11585,2001-09-20,4.6
11586,2001-09-21,0.6
11587,2001-09-22,0.1
11588,2001-09-23,0.2
11589,2001-09-24,0.2
11590,2001-09-25,2.1
11591,2001-09-26,6.0
11592,2001-09-27,0.1
11593,2001-09-28,0.0
11594,2001-09-29,11.4
11595,2001-09-30,2.4
11596,2001-10-01,5.7
11597,2001-10-02,1.6
11598,2001-10-03,10.9
11599,2001-10-04,0.0
11600,2001-10-05,0.0
11601,2001-10-06,6.6
11602,2001-10-07,2.9
11603,2001-10-08,0.2
11604,2001-10-09,0.7
11605,2001-10-10,0.0
11606,2001-10-11,0.0
11607,2001-10-12,0.0
11608,2001-10-13,0.0
11609,2001-10-14,0.4
11610,2001-10-15,0.3
11611,2001-10-16,0.1
11612,2001-10-17,0.0
11613,2001-10-18,4.4
11614,2001-10-19,0.7
11615,2001-10-20,19.6
11616,2001-10-21,13.9
11617,2001-10-22,0.1
11618,2001-10-23,11.5
11619,2001-10-24,3.5
11620,2001-10-25,1.6
11621,2001-10-26,0.2
11622,2001-10-27,1.4
11623,2001-10-28,0.0
11624,2001-10-29,0.3
11625,2001-10-30,0.0
11626,2001-10-31,0.2
11627,2001-11-01,0.0
11628,2001-11-02,0.0
11629,2001-11-03,0.0
11630,2001-11-04,0.0
11631,2001-11-05,0.1
11632,2001-11-06,5.8
11633,2001-11-07,8.7
11634,2001-11-08,8.6
11635,2001-11-09,0.0
11636,2001-11-10,0.0
11637,2001-11-11,0.0
11638,2001-11-12,4.5
11639,2001-11-13,1.1
11640,2001-11-14,0.1
11641,2001-11-15,0.0
11642,2001-11-16,0.0
11643,2001-11-17,0.1
11644,2001-11-18,0.0
11645,2001-11-19,0.0
11646,2001-11-20,0.0
11647,2001-11-21,0.0
11648,2001-11-22,2.4
11649,2001-11-23,0.4
11650,2001-11-24,2.9
11651,2001-11-25,0.1
11652,2001-11-26,11.2
11653,2001-11-27,2.1
11654,2001-11-28,1.8
11655,2001-11-29,11.9
11656,2001-11-30,4.7
11657,2001-12-01,1.1
11658,2001-12-02,2.2
11659,2001-12-03,2.8
11660,2001-12-04,3.7
11661,2001-12-05,2.7
11662,2001-12-06,0.0
11663,2001-12-07,0.0
11664,2001-12-08,0.0
11665,2001-12-09,0.0
11666,2001-12-10,0.0
11667,2001-12-11,0.0
11668,2001-12-12,0.0
11669,2001-12-13,0.0
11670,2001-12-14,0.0
11671,2001-12-15,0.0
11672,2001-12-16,0.0
11673,2001-12-17,0.1
11674,2001-12-18,0.0
11675,2001-12-19,0.2
11676,2001-12-20,0.7
11677,2001-12-21,2.9
11678,2001-12-22,2.1
11679,2001-12-23,0.0
11680,2001-12-24,0.8
11681,2001-12-25,9.8
11682,2001-12-26,0.9
11683,2001-12-27,3.7
11684,2001-12-28,4.3
11685,2001-12-29,20.9
11686,2001-12-30,0.0
11687,2001-12-31,0.0
11688,2002-01-01,0.0
11689,2002-01-02,0.0
11690,2002-01-03,0.0
11691,2002-01-04,0.0
11692,2002-01-05,0.0
11693,2002-01-06,0.1
11694,2002-01-07,0.3
11695,2002-01-08,0.0
11696,2002-01-09,0.0
11697,2002-01-10,0.5
11698,2002-01-11,1.4
11699,2002-01-12,0.1
11700,2002-01-13,0.0
11701,2002-01-14,0.2
11702,2002-01-15,9.5
11703,2002-01-16,0.0
11704,2002-01-17,0.7
11705,2002-01-18,0.6
11706,2002-01-19,4.8
11707,2002-01-20,0.4
11708,2002-01-21,0.2
11709,2002-01-22,0.7
11710,2002-01-23,2.0
11711,2002-01-24,2.1
11712,2002-01-25,2.1
11713,2002-01-26,2.3
11714,2002-01-27,12.2
11715,2002-01-28,1.0
11716,2002-01-29,0.0
11717,2002-01-30,0.0
11718,2002-01-31,0.2
11719,2002-02-01,0.5
11720,2002-02-02,0.0
11721,2002-02-03,0.1
11722,2002-02-04,1.0
11723,2002-02-05,8.4
11724,2002-02-06,0.8
11725,2002-02-07,1.7
11726,2002-02-08,2.1
11727,2002-02-09,5.9
11728,2002-02-10,1.7
11729,2002-02-11,1.6
11730,2002-02-12,3.1
11731,2002-02-13,14.1
11732,2002-02-14,4.2
11733,2002-02-15,0.0
11734,2002-02-16,0.0
11735,2002-02-17,0.0
11736,2002-02-18,2.5
11737,2002-02-19,1.2
11738,2002-02-20,14.8
11739,2002-02-21,0.4
11740,2002-02-22,5.5
11741,2002-02-23,5.2
11742,2002-02-24,4.7
11743,2002-02-25,3.4
11744,2002-02-26,5.3
11745,2002-02-27,5.1
11746,2002-02-28,0.8
11747,2002-03-01,0.1
11748,2002-03-02,0.7
11749,2002-03-03,0.1
11750,2002-03-04,0.0
11751,2002-03-05,0.1
11752,2002-03-06,0.1
11753,2002-03-07,0.4
11754,2002-03-08,0.0
11755,2002-03-09,0.5
11756,2002-03-10,0.0
11757,2002-03-11,0.0
11758,2002-03-12,6.4
11759,2002-03-13,1.8
11760,2002-03-14,2.5
11761,2002-03-15,4.3
11762,2002-03-16,0.0
11763,2002-03-17,3.3
11764,2002-03-18,14.4
11765,2002-03-19,7.8
11766,2002-03-20,7.6
11767,2002-03-21,13.1
11768,2002-03-22,0.7
11769,2002-03-23,0.0
11770,2002-03-24,0.0
11771,2002-03-25,0.0
11772,2002-03-26,0.0
11773,2002-03-27,0.0
11774,2002-03-28,0.0
11775,2002-03-29,0.0
11776,2002-03-30,0.1
11777,2002-03-31,0.3
11778,2002-04-01,0.1
11779,2002-04-02,0.0
11780,2002-04-03,0.0
11781,2002-04-04,0.0
11782,2002-04-05,0.0
11783,2002-04-06,0.0
11784,2002-04-07,0.0
11785,2002-04-08,0.0
11786,2002-04-09,0.0
11787,2002-04-10,0.2
11788,2002-04-11,0.0
11789,2002-04-12,0.0
11790,2002-04-13,0.8
11791,2002-04-14,1.0
11792,2002-04-15,1.7
11793,2002-04-16,0.7
11794,2002-04-17,0.2
11795,2002-04-18,1.6
11796,2002-04-19,5.8
11797,2002-04-20,0.1
11798,2002-04-21,0.0
11799,2002-04-22,0.0
11800,2002-04-23,0.2
11801,2002-04-24,0.0
11802,2002-04-25,0.0
11803,2002-04-26,3.8
11804,2002-04-27,1.1
11805,2002-04-28,7.6
11806,2002-04-29,2.0
11807,2002-04-30,0.6
11808,2002-05-01,5.0
11809,2002-05-02,3.5
11810,2002-05-03,0.4
11811,2002-05-04,2.6
11812,2002-05-05,3.8
11813,2002-05-06,0.9
11814,2002-05-07,0.0
11815,2002-05-08,0.0
11816,2002-05-09,2.7
11817,2002-05-10,3.0
11818,2002-05-11,9.4
11819,2002-05-12,2.5
11820,2002-05-13,1.6
11821,2002-05-14,2.7
11822,2002-05-15,0.0
11823,2002-05-16,0.0
11824,2002-05-17,1.0
11825,2002-05-18,0.9
11826,2002-05-19,0.6
11827,2002-05-20,0.7
11828,2002-05-21,1.5
11829,2002-05-22,19.0
11830,2002-05-23,0.2
11831,2002-05-24,2.4
11832,2002-05-25,0.7
11833,2002-05-26,2.6
11834,2002-05-27,2.9
11835,2002-05-28,1.2
11836,2002-05-29,0.8
11837,2002-05-30,0.8
11838,2002-05-31,0.0
11839,2002-06-01,0.0
11840,2002-06-02,0.0
11841,2002-06-03,2.7
11842,2002-06-04,11.1
11843,2002-06-05,21.9
11844,2002-06-06,0.2
11845,2002-06-07,0.4
11846,2002-06-08,0.8
11847,2002-06-09,4.5
11848,2002-06-10,2.0
11849,2002-06-11,3.8
11850,2002-06-12,1.8
11851,2002-06-13,1.0
11852,2002-06-14,6.9
11853,2002-06-15,0.3
11854,2002-06-16,0.4
11855,2002-06-17,0.0
11856,2002-06-18,0.2
11857,2002-06-19,2.6
11858,2002-06-20,12.9
11859,2002-06-21,0.4
11860,2002-06-22,0.0
11861,2002-06-23,0.4
11862,2002-06-24,0.0
11863,2002-06-25,0.0
11864,2002-06-26,0.0
11865,2002-06-27,0.2
11866,2002-06-28,0.4
11867,2002-06-29,0.2
11868,2002-06-30,0.0
11869,2002-07-01,11.5
11870,2002-07-02,0.7
11871,2002-07-03,20.9
11872,2002-07-04,0.9
11873,2002-07-05,3.2
11874,2002-07-06,1.4
11875,2002-07-07,0.4
11876,2002-07-08,0.0
11877,2002-07-09,7.7
11878,2002-07-10,4.1
11879,2002-07-11,0.7
11880,2002-07-12,0.1
11881,2002-07-13,5.9
11882,2002-07-14,0.7
11883,2002-07-15,0.1
11884,2002-07-16,0.0
11885,2002-07-17,0.0
11886,2002-07-18,0.0
11887,2002-07-19,0.0
11888,2002-07-20,1.4
11889,2002-07-21,0.1
11890,2002-07-22,0.1
11891,2002-07-23,0.0
11892,2002-07-24,1.1
11893,2002-07-25,0.5
11894,2002-07-26,0.3
11895,2002-07-27,0.0
11896,2002-07-28,0.0
11897,2002-07-29,0.0
11898,2002-07-30,0.6
11899,2002-07-31,4.4
11900,2002-08-01,0.1
11901,2002-08-02,4.5
11902,2002-08-03,5.7
11903,2002-08-04,5.8
11904,2002-08-05,2.3
11905,2002-08-06,6.9
11906,2002-08-07,0.5
11907,2002-08-08,4.1
11908,2002-08-09,3.5
11909,2002-08-10,0.3
11910,2002-08-11,0.2
11911,2002-08-12,1.1
11912,2002-08-13,0.0
11913,2002-08-14,0.0
11914,2002-08-15,0.0
11915,2002-08-16,0.0
11916,2002-08-17,0.0
11917,2002-08-18,1.7
11918,2002-08-19,4.7
11919,2002-08-20,10.6
11920,2002-08-21,1.3
11921,2002-08-22,0.1
11922,2002-08-23,0.6
11923,2002-08-24,1.2
11924,2002-08-25,0.0
11925,2002-08-26,10.8
11926,2002-08-27,18.7
11927,2002-08-28,3.8
11928,2002-08-29,0.1
11929,2002-08-30,0.1
11930,2002-08-31,1.2
11931,2002-09-01,0.2
11932,2002-09-02,0.0
11933,2002-09-03,0.0
11934,2002-09-04,6.6
11935,2002-09-05,1.0
11936,2002-09-06,0.0
11937,2002-09-07,0.6
11938,2002-09-08,4.4
11939,2002-09-09,7.4
11940,2002-09-10,0.7
11941,2002-09-11,0.8
11942,2002-09-12,0.2
11943,2002-09-13,0.0
11944,2002-09-14,0.1
11945,2002-09-15,0.2
11946,2002-09-16,0.0
11947,2002-09-17,0.0
11948,2002-09-18,0.0
11949,2002-09-19,0.8
11950,2002-09-20,0.0
11951,2002-09-21,0.2
11952,2002-09-22,0.5
11953,2002-09-23,0.4
11954,2002-09-24,0.0
11955,2002-09-25,4.8
11956,2002-09-26,2.0
11957,2002-09-27,0.2
11958,2002-09-28,0.0
11959,2002-09-29,0.0
11960,2002-09-30,0.0
11961,2002-10-01,0.0
11962,2002-10-02,0.2
11963,2002-10-03,1.8
11964,2002-10-04,0.1
11965,2002-10-05,0.4
11966,2002-10-06,0.8
11967,2002-10-07,0.0
11968,2002-10-08,0.0
11969,2002-10-09,0.0
11970,2002-10-10,0.0
11971,2002-10-11,0.0
11972,2002-10-12,1.6
11973,2002-10-13,1.9
11974,2002-10-14,0.1
11975,2002-10-15,3.5
11976,2002-10-16,9.3
11977,2002-10-17,7.6
11978,2002-10-18,1.2
11979,2002-10-19,0.0
11980,2002-10-20,0.9
11981,2002-10-21,10.1
11982,2002-10-22,4.8
11983,2002-10-23,4.8
11984,2002-10-24,4.1
11985,2002-10-25,11.1
11986,2002-10-26,0.7
11987,2002-10-27,8.8
11988,2002-10-28,0.0
11989,2002-10-29,0.7
11990,2002-10-30,0.5
11991,2002-10-31,0.7
11992,2002-11-01,3.6
11993,2002-11-02,19.7
11994,2002-11-03,6.8
11995,2002-11-04,0.7
11996,2002-11-05,0.0
11997,2002-11-06,17.0
11998,2002-11-07,0.9
11999,2002-11-08,10.4
12000,2002-11-09,4.7
12001,2002-11-10,16.8
12002,2002-11-11,4.9
12003,2002-11-12,2.4
12004,2002-11-13,3.1
12005,2002-11-14,1.8
12006,2002-11-15,0.0
12007,2002-11-16,1.8
12008,2002-11-17,1.5
12009,2002-11-18,0.2
12010,2002-11-19,0.2
12011,2002-11-20,0.9
12012,2002-11-21,5.4
12013,2002-11-22,0.0
12014,2002-11-23,7.1
12015,2002-11-24,0.0
12016,2002-11-25,7.4
12017,2002-11-26,0.1
12018,2002-11-27,0.0
12019,2002-11-28,2.8
12020,2002-11-29,0.5
12021,2002-11-30,0.3
12022,2002-12-01,7.4
12023,2002-12-02,1.2
12024,2002-12-03,0.1
12025,2002-12-04,3.1
12026,2002-12-05,2.0
12027,2002-12-06,0.0
12028,2002-12-07,0.0
12029,2002-12-08,0.0
12030,2002-12-09,0.0
12031,2002-12-10,0.0
12032,2002-12-11,1.3
12033,2002-12-12,0.2
12034,2002-12-13,2.7
12035,2002-12-14,2.5
12036,2002-12-15,6.9
12037,2002-12-16,0.2
12038,2002-12-17,0.1
12039,2002-12-18,0.0
12040,2002-12-19,0.0
12041,2002-12-20,4.1
12042,2002-12-21,3.7
12043,2002-12-22,15.2
12044,2002-12-23,0.6
12045,2002-12-24,1.7
12046,2002-12-25,2.9
12047,2002-12-26,9.7
12048,2002-12-27,14.6
12049,2002-12-28,0.9
12050,2002-12-29,7.1
12051,2002-12-30,4.8
12052,2002-12-31,1.2
12053,2003-01-01,11.2
12054,2003-01-02,11.4
12055,2003-01-03,1.0
12056,2003-01-04,13.3
12057,2003-01-05,0.0
12058,2003-01-06,0.0
12059,2003-01-07,0.0
12060,2003-01-08,0.0
12061,2003-01-09,0.0
12062,2003-01-10,0.1
12063,2003-01-11,0.0
12064,2003-01-12,0.0
12065,2003-01-13,0.1
12066,2003-01-14,0.0
12067,2003-01-15,1.8
12068,2003-01-16,0.0
12069,2003-01-17,0.2
12070,2003-01-18,0.1
12071,2003-01-19,3.7
12072,2003-01-20,7.9
12073,2003-01-21,2.4
12074,2003-01-22,1.9
12075,2003-01-23,1.6
12076,2003-01-24,0.0
12077,2003-01-25,0.1
12078,2003-01-26,5.6
12079,2003-01-27,0.1
12080,2003-01-28,3.9
12081,2003-01-29,2.4
12082,2003-01-30,0.5
12083,2003-01-31,1.5
12084,2003-02-01,6.7
12085,2003-02-02,3.8
12086,2003-02-03,4.6
12087,2003-02-04,1.3
12088,2003-02-05,0.1
12089,2003-02-06,0.0
12090,2003-02-07,3.2
12091,2003-02-08,0.1
12092,2003-02-09,2.3
12093,2003-02-10,0.1
12094,2003-02-11,0.2
12095,2003-02-12,0.0
12096,2003-02-13,0.0
12097,2003-02-14,0.0
12098,2003-02-15,0.0
12099,2003-02-16,0.0
12100,2003-02-17,0.0
12101,2003-02-18,0.0
12102,2003-02-19,0.0
12103,2003-02-20,0.0
12104,2003-02-21,0.0
12105,2003-02-22,0.0
12106,2003-02-23,0.0
12107,2003-02-24,0.0
12108,2003-02-25,0.4
12109,2003-02-26,0.1
12110,2003-02-27,0.0
12111,2003-02-28,3.4
12112,2003-03-01,3.0
12113,2003-03-02,7.9
12114,2003-03-03,0.0
12115,2003-03-04,1.5
12116,2003-03-05,0.0
12117,2003-03-06,1.4
12118,2003-03-07,0.4
12119,2003-03-08,0.0
12120,2003-03-09,0.0
12121,2003-03-10,0.0
12122,2003-03-11,0.8
12123,2003-03-12,1.0
12124,2003-03-13,0.0
12125,2003-03-14,0.0
12126,2003-03-15,0.0
12127,2003-03-16,0.0
12128,2003-03-17,0.0
12129,2003-03-18,0.0
12130,2003-03-19,0.0
12131,2003-03-20,0.0
12132,2003-03-21,0.5
12133,2003-03-22,0.0
12134,2003-03-23,0.0
12135,2003-03-24,0.0
12136,2003-03-25,0.3
12137,2003-03-26,0.3
12138,2003-03-27,0.0
12139,2003-03-28,0.3
12140,2003-03-29,1.6
12141,2003-03-30,1.4
12142,2003-03-31,0.0
12143,2003-04-01,2.8
12144,2003-04-02,2.6
12145,2003-04-03,0.7
12146,2003-04-04,0.0
12147,2003-04-05,0.0
12148,2003-04-06,0.1
12149,2003-04-07,0.0
12150,2003-04-08,0.0
12151,2003-04-09,0.0
12152,2003-04-10,3.1
12153,2003-04-11,0.0
12154,2003-04-12,1.7
12155,2003-04-13,0.0
12156,2003-04-14,0.0
12157,2003-04-15,0.0
12158,2003-04-16,0.0
12159,2003-04-17,0.0
12160,2003-04-18,0.0
12161,2003-04-19,0.0
12162,2003-04-20,2.4
12163,2003-04-21,0.1
12164,2003-04-22,0.3
12165,2003-04-23,0.0
12166,2003-04-24,2.1
12167,2003-04-25,3.2
12168,2003-04-26,17.1
12169,2003-04-27,3.3
12170,2003-04-28,2.1
12171,2003-04-29,2.6
12172,2003-04-30,7.2
12173,2003-05-01,0.6
12174,2003-05-02,3.4
12175,2003-05-03,0.0
12176,2003-05-04,0.1
12177,2003-05-05,21.0
12178,2003-05-06,4.2
12179,2003-05-07,0.0
12180,2003-05-08,1.3
12181,2003-05-09,2.2
12182,2003-05-10,0.0
12183,2003-05-11,0.2
12184,2003-05-12,2.9
12185,2003-05-13,2.8
12186,2003-05-14,1.6
12187,2003-05-15,0.3
12188,2003-05-16,0.1
12189,2003-05-17,3.2
12190,2003-05-18,7.5
12191,2003-05-19,20.6
12192,2003-05-20,0.6
12193,2003-05-21,1.6
12194,2003-05-22,1.9
12195,2003-05-23,0.0
12196,2003-05-24,7.5
12197,2003-05-25,0.6
12198,2003-05-26,0.0
12199,2003-05-27,0.0
12200,2003-05-28,0.0
12201,2003-05-29,0.3
12202,2003-05-30,0.1
12203,2003-05-31,0.0
12204,2003-06-01,0.0
12205,2003-06-02,2.8
12206,2003-06-03,11.7
12207,2003-06-04,1.7
12208,2003-06-05,1.4
12209,2003-06-06,0.7
12210,2003-06-07,0.0
12211,2003-06-08,5.9
12212,2003-06-09,0.0
12213,2003-06-10,5.2
12214,2003-06-11,0.0
12215,2003-06-12,0.3
12216,2003-06-13,0.0
12217,2003-06-14,7.1
12218,2003-06-15,0.0
12219,2003-06-16,0.0
12220,2003-06-17,4.4
12221,2003-06-18,0.1
12222,2003-06-19,0.4
12223,2003-06-20,0.1
12224,2003-06-21,0.0
12225,2003-06-22,0.0
12226,2003-06-23,0.0
12227,2003-06-24,0.0
12228,2003-06-25,0.8
12229,2003-06-26,3.7
12230,2003-06-27,0.5
12231,2003-06-28,0.0
12232,2003-06-29,0.0
12233,2003-06-30,10.8
12234,2003-07-01,3.5
12235,2003-07-02,5.1
12236,2003-07-03,4.7
12237,2003-07-04,1.0
12238,2003-07-05,0.3
12239,2003-07-06,0.3
12240,2003-07-07,0.1
12241,2003-07-08,0.0
12242,2003-07-09,0.0
12243,2003-07-10,0.0
12244,2003-07-11,0.2
12245,2003-07-12,0.0
12246,2003-07-13,0.0
12247,2003-07-14,0.0
12248,2003-07-15,0.0
12249,2003-07-16,1.3
12250,2003-07-17,4.5
12251,2003-07-18,0.0
12252,2003-07-19,0.0
12253,2003-07-20,0.0
12254,2003-07-21,0.1
12255,2003-07-22,0.5
12256,2003-07-23,0.4
12257,2003-07-24,6.3
12258,2003-07-25,3.8
12259,2003-07-26,10.4
12260,2003-07-27,1.9
12261,2003-07-28,0.2
12262,2003-07-29,0.5
12263,2003-07-30,8.8
12264,2003-07-31,1.2
12265,2003-08-01,0.0
12266,2003-08-02,0.0
12267,2003-08-03,0.0
12268,2003-08-04,0.0
12269,2003-08-05,0.0
12270,2003-08-06,0.0
12271,2003-08-07,0.5
12272,2003-08-08,0.0
12273,2003-08-09,0.0
12274,2003-08-10,0.0
12275,2003-08-11,0.2
12276,2003-08-12,0.0
12277,2003-08-13,0.0
12278,2003-08-14,0.2
12279,2003-08-15,0.0
12280,2003-08-16,0.0
12281,2003-08-17,1.6
12282,2003-08-18,15.0
12283,2003-08-19,0.0
12284,2003-08-20,0.0
12285,2003-08-21,0.0
12286,2003-08-22,0.2
12287,2003-08-23,0.5
12288,2003-08-24,0.0
12289,2003-08-25,0.0
12290,2003-08-26,0.0
12291,2003-08-27,0.0
12292,2003-08-28,3.5
12293,2003-08-29,10.1
12294,2003-08-30,4.0
12295,2003-08-31,0.1
12296,2003-09-01,0.1
12297,2003-09-02,0.2
12298,2003-09-03,0.0
12299,2003-09-04,0.0
12300,2003-09-05,0.1
12301,2003-09-06,1.2
12302,2003-09-07,0.0
12303,2003-09-08,1.4
12304,2003-09-09,1.0
12305,2003-09-10,2.6
12306,2003-09-11,0.2
12307,2003-09-12,0.8
12308,2003-09-13,0.2
12309,2003-09-14,0.0
12310,2003-09-15,0.0
12311,2003-09-16,0.0
12312,2003-09-17,0.0
12313,2003-09-18,0.0
12314,2003-09-19,0.0
12315,2003-09-20,0.0
12316,2003-09-21,0.0
12317,2003-09-22,1.1
12318,2003-09-23,1.4
12319,2003-09-24,0.0
12320,2003-09-25,0.0
12321,2003-09-26,0.0
12322,2003-09-27,0.5
12323,2003-09-28,0.1
12324,2003-09-29,0.0
12325,2003-09-30,0.0
12326,2003-10-01,6.2
12327,2003-10-02,0.1
12328,2003-10-03,8.4
12329,2003-10-04,0.9
12330,2003-10-05,0.9
12331,2003-10-06,3.9
12332,2003-10-07,9.5
12333,2003-10-08,0.9
12334,2003-10-09,0.8
12335,2003-10-10,0.2
12336,2003-10-11,0.2
12337,2003-10-12,0.0
12338,2003-10-13,0.0
12339,2003-10-14,0.0
12340,2003-10-15,0.0
12341,2003-10-16,0.0
12342,2003-10-17,0.0
12343,2003-10-18,0.0
12344,2003-10-19,0.0
12345,2003-10-20,0.0
12346,2003-10-21,1.7
12347,2003-10-22,0.1
12348,2003-10-23,2.6
12349,2003-10-24,0.7
12350,2003-10-25,0.2
12351,2003-10-26,2.4
12352,2003-10-27,0.0
12353,2003-10-28,0.0
12354,2003-10-29,3.7
12355,2003-10-30,5.9
12356,2003-10-31,6.3
12357,2003-11-01,0.5
12358,2003-11-02,6.4
12359,2003-11-03,4.1
12360,2003-11-04,0.0
12361,2003-11-05,0.1
12362,2003-11-06,0.0
12363,2003-11-07,0.0
12364,2003-11-08,0.0
12365,2003-11-09,1.1
12366,2003-11-10,0.0
12367,2003-11-11,0.0
12368,2003-11-12,1.9
12369,2003-11-13,0.1
12370,2003-11-14,1.0
12371,2003-11-15,0.1
12372,2003-11-16,7.0
12373,2003-11-17,2.6
12374,2003-11-18,0.8
12375,2003-11-19,0.4
12376,2003-11-20,0.2
12377,2003-11-21,0.3
12378,2003-11-22,0.1
12379,2003-11-23,2.4
12380,2003-11-24,0.6
12381,2003-11-25,2.1
12382,2003-11-26,4.5
12383,2003-11-27,0.1
12384,2003-11-28,0.1
12385,2003-11-29,2.2
12386,2003-11-30,8.2
12387,2003-12-01,6.4
12388,2003-12-02,3.8
12389,2003-12-03,0.4
12390,2003-12-04,0.1
12391,2003-12-05,0.1
12392,2003-12-06,0.3
12393,2003-12-07,0.0
12394,2003-12-08,0.0
12395,2003-12-09,0.0
12396,2003-12-10,0.0
12397,2003-12-11,7.5
12398,2003-12-12,0.4
12399,2003-12-13,5.3
12400,2003-12-14,1.3
12401,2003-12-15,0.3
12402,2003-12-16,0.0
12403,2003-12-17,0.0
12404,2003-12-18,0.0
12405,2003-12-19,0.3
12406,2003-12-20,4.5
12407,2003-12-21,2.5
12408,2003-12-22,0.5
12409,2003-12-23,4.4
12410,2003-12-24,0.8
12411,2003-12-25,0.3
12412,2003-12-26,0.1
12413,2003-12-27,14.0
12414,2003-12-28,9.2
12415,2003-12-29,0.5
12416,2003-12-30,0.0
12417,2003-12-31,0.0
12418,2004-01-01,5.1
12419,2004-01-02,1.3
12420,2004-01-03,0.0
12421,2004-01-04,0.3
12422,2004-01-05,0.2
12423,2004-01-06,1.4
12424,2004-01-07,0.5
12425,2004-01-08,5.3
12426,2004-01-09,3.0
12427,2004-01-10,0.6
12428,2004-01-11,12.0
12429,2004-01-12,13.2
12430,2004-01-13,8.8
12431,2004-01-14,5.1
12432,2004-01-15,2.8
12433,2004-01-16,5.7
12434,2004-01-17,0.2
12435,2004-01-18,0.1
12436,2004-01-19,5.3
12437,2004-01-20,5.3
12438,2004-01-21,1.7
12439,2004-01-22,3.3
12440,2004-01-23,0.2
12441,2004-01-24,2.5
12442,2004-01-25,0.1
12443,2004-01-26,7.0
12444,2004-01-27,0.5
12445,2004-01-28,7.1
12446,2004-01-29,0.8
12447,2004-01-30,0.0
12448,2004-01-31,4.2
12449,2004-02-01,1.6
12450,2004-02-02,0.0
12451,2004-02-03,0.0
12452,2004-02-04,0.0
12453,2004-02-05,0.0
12454,2004-02-06,1.2
12455,2004-02-07,0.7
12456,2004-02-08,2.3
12457,2004-02-09,0.0
12458,2004-02-10,0.0
12459,2004-02-11,0.4
12460,2004-02-12,0.1
12461,2004-02-13,0.1
12462,2004-02-14,0.1
12463,2004-02-15,0.3
12464,2004-02-16,0.0
12465,2004-02-17,1.0
12466,2004-02-18,2.0
12467,2004-02-19,1.2
12468,2004-02-20,0.0
12469,2004-02-21,0.1
12470,2004-02-22,0.0
12471,2004-02-23,0.3
12472,2004-02-24,0.5
12473,2004-02-25,4.2
12474,2004-02-26,0.3
12475,2004-02-27,0.9
12476,2004-02-28,0.3
12477,2004-02-29,0.1
12478,2004-03-01,0.0
12479,2004-03-02,0.0
12480,2004-03-03,0.0
12481,2004-03-04,5.5
12482,2004-03-05,4.8
12483,2004-03-06,0.9
12484,2004-03-07,3.2
12485,2004-03-08,0.0
12486,2004-03-09,0.5
12487,2004-03-10,0.7
12488,2004-03-11,0.5
12489,2004-03-12,6.7
12490,2004-03-13,0.5
12491,2004-03-14,1.2
12492,2004-03-15,0.3
12493,2004-03-16,0.0
12494,2004-03-17,0.0
12495,2004-03-18,0.5
12496,2004-03-19,2.8
12497,2004-03-20,1.5
12498,2004-03-21,8.9
12499,2004-03-22,3.0
12500,2004-03-23,1.8
12501,2004-03-24,0.4
12502,2004-03-25,1.8
12503,2004-03-26,0.3
12504,2004-03-27,0.0
12505,2004-03-28,0.0
12506,2004-03-29,0.0
12507,2004-03-30,0.0
12508,2004-03-31,0.6
12509,2004-04-01,0.3
12510,2004-04-02,5.4
12511,2004-04-03,0.6
12512,2004-04-04,3.7
12513,2004-04-05,4.6
12514,2004-04-06,6.0
12515,2004-04-07,4.0
12516,2004-04-08,2.9
12517,2004-04-09,0.1
12518,2004-04-10,0.2
12519,2004-04-11,0.0
12520,2004-04-12,0.0
12521,2004-04-13,0.4
12522,2004-04-14,0.0
12523,2004-04-15,0.0
12524,2004-04-16,0.1
12525,2004-04-17,3.2
12526,2004-04-18,6.6
12527,2004-04-19,3.6
12528,2004-04-20,0.7
12529,2004-04-21,0.5
12530,2004-04-22,0.0
12531,2004-04-23,0.0
12532,2004-04-24,0.0
12533,2004-04-25,0.0
12534,2004-04-26,0.0
12535,2004-04-27,2.2
12536,2004-04-28,6.4
12537,2004-04-29,5.2
12538,2004-04-30,13.2
12539,2004-05-01,0.0
12540,2004-05-02,0.3
12541,2004-05-03,0.4
12542,2004-05-04,5.9
12543,2004-05-05,3.8
12544,2004-05-06,0.3
12545,2004-05-07,5.5
12546,2004-05-08,21.2
12547,2004-05-09,3.7
12548,2004-05-10,1.8
12549,2004-05-11,0.4
12550,2004-05-12,0.1
12551,2004-05-13,0.5
12552,2004-05-14,0.0
12553,2004-05-15,0.0
12554,2004-05-16,0.0
12555,2004-05-17,0.0
12556,2004-05-18,0.0
12557,2004-05-19,0.0
12558,2004-05-20,0.0
12559,2004-05-21,0.4
12560,2004-05-22,0.1
12561,2004-05-23,0.7
12562,2004-05-24,0.0
12563,2004-05-25,0.0
12564,2004-05-26,0.1
12565,2004-05-27,0.0
12566,2004-05-28,0.0
12567,2004-05-29,0.0
12568,2004-05-30,7.6
12569,2004-05-31,0.6
12570,2004-06-01,9.2
12571,2004-06-02,2.5
12572,2004-06-03,0.1
12573,2004-06-04,2.3
12574,2004-06-05,1.1
12575,2004-06-06,0.0
12576,2004-06-07,0.0
12577,2004-06-08,0.0
12578,2004-06-09,1.2
12579,2004-06-10,4.8
12580,2004-06-11,3.3
12581,2004-06-12,0.8
12582,2004-06-13,0.1
12583,2004-06-14,0.0
12584,2004-06-15,0.1
12585,2004-06-16,0.1
12586,2004-06-17,0.0
12587,2004-06-18,0.6
12588,2004-06-19,3.2
12589,2004-06-20,2.7
12590,2004-06-21,1.7
12591,2004-06-22,11.2
12592,2004-06-23,3.7
12593,2004-06-24,1.1
12594,2004-06-25,0.8
12595,2004-06-26,0.0
12596,2004-06-27,0.5
12597,2004-06-28,0.0
12598,2004-06-29,0.0
12599,2004-06-30,0.2
12600,2004-07-01,0.5
12601,2004-07-02,2.6
12602,2004-07-03,0.4
12603,2004-07-04,1.7
12604,2004-07-05,0.4
12605,2004-07-06,0.0
12606,2004-07-07,12.6
12607,2004-07-08,1.7
12608,2004-07-09,20.3
12609,2004-07-10,1.9
12610,2004-07-11,7.1
12611,2004-07-12,3.0
12612,2004-07-13,0.7
12613,2004-07-14,0.0
12614,2004-07-15,0.4
12615,2004-07-16,0.2
12616,2004-07-17,4.8
12617,2004-07-18,4.0
12618,2004-07-19,0.3
12619,2004-07-20,2.9
12620,2004-07-21,0.1
12621,2004-07-22,2.5
12622,2004-07-23,1.6
12623,2004-07-24,0.0
12624,2004-07-25,0.1
12625,2004-07-26,0.8
12626,2004-07-27,0.0
12627,2004-07-28,0.0
12628,2004-07-29,0.0
12629,2004-07-30,0.0
12630,2004-07-31,0.0
12631,2004-08-01,0.0
12632,2004-08-02,0.0
12633,2004-08-03,2.9
12634,2004-08-04,4.5
12635,2004-08-05,9.1
12636,2004-08-06,2.6
12637,2004-08-07,0.1
12638,2004-08-08,0.0
12639,2004-08-09,1.8
12640,2004-08-10,2.5
12641,2004-08-11,0.1
12642,2004-08-12,12.5
12643,2004-08-13,6.5
12644,2004-08-14,2.2
12645,2004-08-15,0.5
12646,2004-08-16,2.2
12647,2004-08-17,0.6
12648,2004-08-18,7.5
12649,2004-08-19,1.7
12650,2004-08-20,5.4
12651,2004-08-21,1.7
12652,2004-08-22,0.1
12653,2004-08-23,1.1
12654,2004-08-24,9.1
12655,2004-08-25,8.7
12656,2004-08-26,0.6
12657,2004-08-27,2.7
12658,2004-08-28,9.0
12659,2004-08-29,0.4
12660,2004-08-30,0.6
12661,2004-08-31,0.3
12662,2004-09-01,0.0
12663,2004-09-02,0.1
12664,2004-09-03,0.1
12665,2004-09-04,0.0
12666,2004-09-05,0.0
12667,2004-09-06,0.0
12668,2004-09-07,0.0
12669,2004-09-08,0.0
12670,2004-09-09,0.0
12671,2004-09-10,0.0
12672,2004-09-11,1.8
12673,2004-09-12,0.1
12674,2004-09-13,5.3
12675,2004-09-14,0.3
12676,2004-09-15,0.1
12677,2004-09-16,0.0
12678,2004-09-17,0.0
12679,2004-09-18,2.5
12680,2004-09-19,0.0
12681,2004-09-20,0.3
12682,2004-09-21,0.2
12683,2004-09-22,0.1
12684,2004-09-23,2.3
12685,2004-09-24,0.8
12686,2004-09-25,1.7
12687,2004-09-26,0.6
12688,2004-09-27,1.2
12689,2004-09-28,0.3
12690,2004-09-29,0.4
12691,2004-09-30,0.3
12692,2004-10-01,1.0
12693,2004-10-02,0.0
12694,2004-10-03,0.0
12695,2004-10-04,0.2
12696,2004-10-05,2.8
12697,2004-10-06,0.0
12698,2004-10-07,0.0
12699,2004-10-08,2.2
12700,2004-10-09,0.6
12701,2004-10-10,1.1
12702,2004-10-11,0.0
12703,2004-10-12,2.2
12704,2004-10-13,5.6
12705,2004-10-14,6.8
12706,2004-10-15,1.5
12707,2004-10-16,3.4
12708,2004-10-17,1.3
12709,2004-10-18,0.5
12710,2004-10-19,0.7
12711,2004-10-20,6.7
12712,2004-10-21,0.8
12713,2004-10-22,0.0
12714,2004-10-23,1.6
12715,2004-10-24,1.1
12716,2004-10-25,0.1
12717,2004-10-26,0.0
12718,2004-10-27,5.0
12719,2004-10-28,2.1
12720,2004-10-29,0.8
12721,2004-10-30,0.0
12722,2004-10-31,0.1
12723,2004-11-01,3.9
12724,2004-11-02,0.1
12725,2004-11-03,0.1
12726,2004-11-04,0.1
12727,2004-11-05,0.0
12728,2004-11-06,0.1
12729,2004-11-07,0.8
12730,2004-11-08,4.5
12731,2004-11-09,0.3
12732,2004-11-10,1.5
12733,2004-11-11,0.4
12734,2004-11-12,0.1
12735,2004-11-13,0.5
12736,2004-11-14,0.0
12737,2004-11-15,0.1
12738,2004-11-16,0.2
12739,2004-11-17,0.4
12740,2004-11-18,2.5
12741,2004-11-19,3.1
12742,2004-11-20,2.6
12743,2004-11-21,0.8
12744,2004-11-22,0.4
12745,2004-11-23,0.8
12746,2004-11-24,0.0
12747,2004-11-25,0.0
12748,2004-11-26,0.3
12749,2004-11-27,0.2
12750,2004-11-28,2.4
12751,2004-11-29,0.7
12752,2004-11-30,0.0
12753,2004-12-01,0.5
12754,2004-12-02,0.5
12755,2004-12-03,0.0
12756,2004-12-04,0.0
12757,2004-12-05,0.2
12758,2004-12-06,0.1
12759,2004-12-07,0.0
12760,2004-12-08,0.0
12761,2004-12-09,0.0
12762,2004-12-10,0.0
12763,2004-12-11,0.2
12764,2004-12-12,0.0
12765,2004-12-13,0.0
12766,2004-12-14,0.0
12767,2004-12-15,0.0
12768,2004-12-16,3.0
12769,2004-12-17,7.7
12770,2004-12-18,6.9
12771,2004-12-19,16.3
12772,2004-12-20,0.0
12773,2004-12-21,0.0
12774,2004-12-22,5.4
12775,2004-12-23,0.4
12776,2004-12-24,3.3
12777,2004-12-25,4.8
12778,2004-12-26,1.6
12779,2004-12-27,0.0
12780,2004-12-28,6.8
12781,2004-12-29,0.0
12782,2004-12-30,0.7
12783,2004-12-31,0.4
12784,2005-01-01,0.5
12785,2005-01-02,0.8
12786,2005-01-03,0.0
12787,2005-01-04,0.0
12788,2005-01-05,1.6
12789,2005-01-06,0.3
12790,2005-01-07,0.2
12791,2005-01-08,0.7
12792,2005-01-09,0.0
12793,2005-01-10,0.9
12794,2005-01-11,0.4
12795,2005-01-12,0.8
12796,2005-01-13,0.1
12797,2005-01-14,0.0
12798,2005-01-15,0.0
12799,2005-01-16,0.0
12800,2005-01-17,2.9
12801,2005-01-18,10.3
12802,2005-01-19,1.2
12803,2005-01-20,1.2
12804,2005-01-21,1.1
12805,2005-01-22,1.0
12806,2005-01-23,1.8
12807,2005-01-24,1.1
12808,2005-01-25,0.0
12809,2005-01-26,0.0
12810,2005-01-27,1.6
12811,2005-01-28,4.3
12812,2005-01-29,0.5
12813,2005-01-30,0.4
12814,2005-01-31,0.3
12815,2005-02-01,0.5
12816,2005-02-02,1.5
12817,2005-02-03,0.5
12818,2005-02-04,0.0
12819,2005-02-05,0.1
12820,2005-02-06,0.0
12821,2005-02-07,0.0
12822,2005-02-08,0.0
12823,2005-02-09,0.0
12824,2005-02-10,1.2
12825,2005-02-11,8.1
12826,2005-02-12,6.7
12827,2005-02-13,5.3
12828,2005-02-14,3.4
12829,2005-02-15,0.8
12830,2005-02-16,0.0
12831,2005-02-17,0.0
12832,2005-02-18,2.5
12833,2005-02-19,4.4
12834,2005-02-20,2.6
12835,2005-02-21,0.8
12836,2005-02-22,1.3
12837,2005-02-23,0.4
12838,2005-02-24,0.7
12839,2005-02-25,0.2
12840,2005-02-26,0.8
12841,2005-02-27,0.4
12842,2005-02-28,0.0
12843,2005-03-01,0.7
12844,2005-03-02,3.9
12845,2005-03-03,2.3
12846,2005-03-04,2.9
12847,2005-03-05,2.4
12848,2005-03-06,0.1
12849,2005-03-07,1.8
12850,2005-03-08,0.9
12851,2005-03-09,1.0
12852,2005-03-10,0.4
12853,2005-03-11,0.3
12854,2005-03-12,3.2
12855,2005-03-13,0.5
12856,2005-03-14,0.0
12857,2005-03-15,0.0
12858,2005-03-16,0.0
12859,2005-03-17,0.0
12860,2005-03-18,0.0
12861,2005-03-19,0.1
12862,2005-03-20,0.0
12863,2005-03-21,0.0
12864,2005-03-22,1.7
12865,2005-03-23,0.0
12866,2005-03-24,5.4
12867,2005-03-25,0.0
12868,2005-03-26,1.2
12869,2005-03-27,4.2
12870,2005-03-28,1.4
12871,2005-03-29,2.6
12872,2005-03-30,5.7
12873,2005-03-31,1.3
12874,2005-04-01,0.0
12875,2005-04-02,0.0
12876,2005-04-03,0.7
12877,2005-04-04,2.5
12878,2005-04-05,1.2
12879,2005-04-06,2.9
12880,2005-04-07,1.5
12881,2005-04-08,4.4
12882,2005-04-09,1.0
12883,2005-04-10,0.7
12884,2005-04-11,0.0
12885,2005-04-12,0.0
12886,2005-04-13,1.3
12887,2005-04-14,0.8
12888,2005-04-15,14.1
12889,2005-04-16,2.7
12890,2005-04-17,0.6
12891,2005-04-18,3.9
12892,2005-04-19,0.5
12893,2005-04-20,1.5
12894,2005-04-21,0.1
12895,2005-04-22,0.0
12896,2005-04-23,3.0
12897,2005-04-24,4.4
12898,2005-04-25,0.9
12899,2005-04-26,7.4
12900,2005-04-27,0.8
12901,2005-04-28,1.5
12902,2005-04-29,1.1
12903,2005-04-30,0.0
12904,2005-05-01,0.0
12905,2005-05-02,4.5
12906,2005-05-03,7.7
12907,2005-05-04,6.8
12908,2005-05-05,0.3
12909,2005-05-06,1.0
12910,2005-05-07,4.4
12911,2005-05-08,1.0
12912,2005-05-09,1.1
12913,2005-05-10,0.1
12914,2005-05-11,0.0
12915,2005-05-12,0.0
12916,2005-05-13,9.6
12917,2005-05-14,11.0
12918,2005-05-15,0.0
12919,2005-05-16,0.2
12920,2005-05-17,0.1
12921,2005-05-18,0.0
12922,2005-05-19,0.3
12923,2005-05-20,1.2
12924,2005-05-21,0.1
12925,2005-05-22,0.5
12926,2005-05-23,0.9
12927,2005-05-24,0.8
12928,2005-05-25,0.0
12929,2005-05-26,0.0
12930,2005-05-27,0.0
12931,2005-05-28,0.0
12932,2005-05-29,8.1
12933,2005-05-30,1.6
12934,2005-05-31,0.1
12935,2005-06-01,0.0
12936,2005-06-02,0.1
12937,2005-06-03,4.2
12938,2005-06-04,1.1
12939,2005-06-05,1.1
12940,2005-06-06,9.2
12941,2005-06-07,0.0
12942,2005-06-08,0.0
12943,2005-06-09,0.0
12944,2005-06-10,0.0
12945,2005-06-11,0.0
12946,2005-06-12,0.0
12947,2005-06-13,0.0
12948,2005-06-14,0.0
12949,2005-06-15,2.5
12950,2005-06-16,0.3
12951,2005-06-17,0.1
12952,2005-06-18,0.0
12953,2005-06-19,0.0
12954,2005-06-20,0.0
12955,2005-06-21,0.0
12956,2005-06-22,0.0
12957,2005-06-23,2.7
12958,2005-06-24,0.4
12959,2005-06-25,0.2
12960,2005-06-26,0.0
12961,2005-06-27,0.9
12962,2005-06-28,16.5
12963,2005-06-29,3.7
12964,2005-06-30,9.4
12965,2005-07-01,1.4
12966,2005-07-02,3.3
12967,2005-07-03,0.0
12968,2005-07-04,20.3
12969,2005-07-05,1.5
12970,2005-07-06,2.7
12971,2005-07-07,4.1
12972,2005-07-08,4.5
12973,2005-07-09,0.4
12974,2005-07-10,2.1
12975,2005-07-11,0.0
12976,2005-07-12,0.3
12977,2005-07-13,0.1
12978,2005-07-14,0.0
12979,2005-07-15,0.0
12980,2005-07-16,0.0
12981,2005-07-17,0.0
12982,2005-07-18,0.7
12983,2005-07-19,0.5
12984,2005-07-20,1.8
12985,2005-07-21,0.0
12986,2005-07-22,0.3
12987,2005-07-23,0.8
12988,2005-07-24,5.8
12989,2005-07-25,1.2
12990,2005-07-26,6.4
12991,2005-07-27,0.8
12992,2005-07-28,2.1
12993,2005-07-29,5.3
12994,2005-07-30,6.3
12995,2005-07-31,1.8
12996,2005-08-01,1.1
12997,2005-08-02,0.2
12998,2005-08-03,0.1
12999,2005-08-04,0.3
13000,2005-08-05,3.3
13001,2005-08-06,0.1
13002,2005-08-07,0.4
13003,2005-08-08,0.2
13004,2005-08-09,0.0
13005,2005-08-10,0.1
13006,2005-08-11,0.5
13007,2005-08-12,0.0
13008,2005-08-13,4.0
13009,2005-08-14,8.8
13010,2005-08-15,0.8
13011,2005-08-16,0.0
13012,2005-08-17,0.0
13013,2005-08-18,0.0
13014,2005-08-19,10.6
13015,2005-08-20,2.2
13016,2005-08-21,1.0
13017,2005-08-22,3.0
13018,2005-08-23,3.5
13019,2005-08-24,0.1
13020,2005-08-25,14.4
13021,2005-08-26,0.5
13022,2005-08-27,0.1
13023,2005-08-28,0.0
13024,2005-08-29,0.0
13025,2005-08-30,0.0
13026,2005-08-31,0.0
13027,2005-09-01,0.4
13028,2005-09-02,0.0
13029,2005-09-03,0.0
13030,2005-09-04,0.0
13031,2005-09-05,5.4
13032,2005-09-06,3.8
13033,2005-09-07,0.0
13034,2005-09-08,0.4
13035,2005-09-09,2.3
13036,2005-09-10,9.2
13037,2005-09-11,5.9
13038,2005-09-12,1.5
13039,2005-09-13,0.1
13040,2005-09-14,0.5
13041,2005-09-15,1.2
13042,2005-09-16,7.0
13043,2005-09-17,0.2
13044,2005-09-18,0.0
13045,2005-09-19,0.0
13046,2005-09-20,0.0
13047,2005-09-21,0.0
13048,2005-09-22,0.0
13049,2005-09-23,0.0
13050,2005-09-24,0.5
13051,2005-09-25,1.7
13052,2005-09-26,0.0
13053,2005-09-27,1.7
13054,2005-09-28,0.2
13055,2005-09-29,3.7
13056,2005-09-30,1.1
13057,2005-10-01,3.0
13058,2005-10-02,0.5
13059,2005-10-03,0.0
13060,2005-10-04,0.1
13061,2005-10-05,0.0
13062,2005-10-06,0.1
13063,2005-10-07,0.2
13064,2005-10-08,0.2
13065,2005-10-09,0.0
13066,2005-10-10,0.0
13067,2005-10-11,0.0
13068,2005-10-12,0.7
13069,2005-10-13,0.1
13070,2005-10-14,0.0
13071,2005-10-15,0.0
13072,2005-10-16,0.4
13073,2005-10-17,0.0
13074,2005-10-18,2.3
13075,2005-10-19,3.4
13076,2005-10-20,0.9
13077,2005-10-21,4.0
13078,2005-10-22,7.5
13079,2005-10-23,0.7
13080,2005-10-24,4.3
13081,2005-10-25,2.6
13082,2005-10-26,0.6
13083,2005-10-27,0.0
13084,2005-10-28,2.3
13085,2005-10-29,1.3
13086,2005-10-30,0.1
13087,2005-10-31,5.9
13088,2005-11-01,0.1
13089,2005-11-02,11.5
13090,2005-11-03,0.8
13091,2005-11-04,2.9
13092,2005-11-05,0.6
13093,2005-11-06,2.5
13094,2005-11-07,2.4
13095,2005-11-08,0.0
13096,2005-11-09,1.2
13097,2005-11-10,0.0
13098,2005-11-11,0.0
13099,2005-11-12,4.1
13100,2005-11-13,0.0
13101,2005-11-14,0.0
13102,2005-11-15,3.5
13103,2005-11-16,0.7
13104,2005-11-17,0.0
13105,2005-11-18,0.0
13106,2005-11-19,0.1
13107,2005-11-20,0.0
13108,2005-11-21,0.0
13109,2005-11-22,0.0
13110,2005-11-23,0.0
13111,2005-11-24,3.0
13112,2005-11-25,0.5
13113,2005-11-26,4.9
13114,2005-11-27,0.9
13115,2005-11-28,0.5
13116,2005-11-29,0.0
13117,2005-11-30,0.0
13118,2005-12-01,0.0
13119,2005-12-02,4.6
13120,2005-12-03,2.1
13121,2005-12-04,7.9
13122,2005-12-05,0.2
13123,2005-12-06,1.1
13124,2005-12-07,0.1
13125,2005-12-08,5.8
13126,2005-12-09,0.0
13127,2005-12-10,0.0
13128,2005-12-11,0.0
13129,2005-12-12,0.1
13130,2005-12-13,0.0
13131,2005-12-14,0.2
13132,2005-12-15,0.1
13133,2005-12-16,2.9
13134,2005-12-17,0.0
13135,2005-12-18,0.0
13136,2005-12-19,2.8
13137,2005-12-20,0.1
13138,2005-12-21,0.0
13139,2005-12-22,0.0
13140,2005-12-23,0.0
13141,2005-12-24,0.3
13142,2005-12-25,0.6
13143,2005-12-26,1.7
13144,2005-12-27,0.9
13145,2005-12-28,0.7
13146,2005-12-29,0.0
13147,2005-12-30,11.2
13148,2005-12-31,0.4
13149,2006-01-01,3.7
13150,2006-01-02,0.0
13151,2006-01-03,0.3
13152,2006-01-04,1.4
13153,2006-01-05,0.3
13154,2006-01-06,1.3
13155,2006-01-07,0.7
13156,2006-01-08,1.8
13157,2006-01-09,0.1
13158,2006-01-10,0.1
13159,2006-01-11,3.2
13160,2006-01-12,0.1
13161,2006-01-13,0.0
13162,2006-01-14,0.0
13163,2006-01-15,0.0
13164,2006-01-16,1.0
13165,2006-01-17,12.1
13166,2006-01-18,0.6
13167,2006-01-19,0.1
13168,2006-01-20,2.0
13169,2006-01-21,0.2
13170,2006-01-22,0.1
13171,2006-01-23,0.0
13172,2006-01-24,0.0
13173,2006-01-25,0.0
13174,2006-01-26,0.7
13175,2006-01-27,0.0
13176,2006-01-28,0.4
13177,2006-01-29,0.0
13178,2006-01-30,0.0
13179,2006-01-31,0.0
13180,2006-02-01,0.0
13181,2006-02-02,0.3
13182,2006-02-03,0.0
13183,2006-02-04,0.1
13184,2006-02-05,0.3
13185,2006-02-06,0.5
13186,2006-02-07,0.2
13187,2006-02-08,3.4
13188,2006-02-09,0.2
13189,2006-02-10,0.7
13190,2006-02-11,0.0
13191,2006-02-12,7.7
13192,2006-02-13,8.0
13193,2006-02-14,0.2
13194,2006-02-15,12.7
13195,2006-02-16,7.2
13196,2006-02-17,1.2
13197,2006-02-18,8.1
13198,2006-02-19,8.5
13199,2006-02-20,2.9
13200,2006-02-21,3.2
13201,2006-02-22,1.3
13202,2006-02-23,0.4
13203,2006-02-24,1.8
13204,2006-02-25,0.4
13205,2006-02-26,0.0
13206,2006-02-27,1.2
13207,2006-02-28,5.7
13208,2006-03-01,1.4
13209,2006-03-02,1.1
13210,2006-03-03,8.8
13211,2006-03-04,0.2
13212,2006-03-05,0.6
13213,2006-03-06,0.7
13214,2006-03-07,5.4
13215,2006-03-08,7.4
13216,2006-03-09,3.3
13217,2006-03-10,3.6
13218,2006-03-11,1.9
13219,2006-03-12,0.0
13220,2006-03-13,0.0
13221,2006-03-14,0.0
13222,2006-03-15,0.0
13223,2006-03-16,0.0
13224,2006-03-17,0.0
13225,2006-03-18,0.0
13226,2006-03-19,0.0
13227,2006-03-20,3.1
13228,2006-03-21,2.8
13229,2006-03-22,0.2
13230,2006-03-23,0.1
13231,2006-03-24,10.1
13232,2006-03-25,4.7
13233,2006-03-26,3.1
13234,2006-03-27,2.3
13235,2006-03-28,3.5
13236,2006-03-29,1.4
13237,2006-03-30,15.5
13238,2006-03-31,1.3
13239,2006-04-01,4.3
13240,2006-04-02,2.3
13241,2006-04-03,1.1
13242,2006-04-04,0.0
13243,2006-04-05,0.0
13244,2006-04-06,0.0
13245,2006-04-07,0.0
13246,2006-04-08,2.6
13247,2006-04-09,0.4
13248,2006-04-10,0.8
13249,2006-04-11,1.1
13250,2006-04-12,1.7
13251,2006-04-13,0.6
13252,2006-04-14,0.6
13253,2006-04-15,9.0
13254,2006-04-16,9.8
13255,2006-04-17,0.5
13256,2006-04-18,0.0
13257,2006-04-19,0.0
13258,2006-04-20,0.0
13259,2006-04-21,0.1
13260,2006-04-22,0.0
13261,2006-04-23,0.7
13262,2006-04-24,1.2
13263,2006-04-25,0.3
13264,2006-04-26,1.2
13265,2006-04-27,0.1
13266,2006-04-28,0.0
13267,2006-04-29,1.6
13268,2006-04-30,12.5
13269,2006-05-01,3.8
13270,2006-05-02,0.2
13271,2006-05-03,0.0
13272,2006-05-04,0.0
13273,2006-05-05,0.1
13274,2006-05-06,9.9
13275,2006-05-07,6.7
13276,2006-05-08,8.8
13277,2006-05-09,11.8
13278,2006-05-10,0.6
13279,2006-05-11,0.0
13280,2006-05-12,0.5
13281,2006-05-13,4.7
13282,2006-05-14,0.8
13283,2006-05-15,0.2
13284,2006-05-16,5.0
13285,2006-05-17,0.5
13286,2006-05-18,2.8
13287,2006-05-19,2.0
13288,2006-05-20,13.8
13289,2006-05-21,3.3
13290,2006-05-22,1.8
13291,2006-05-23,0.9
13292,2006-05-24,1.4
13293,2006-05-25,11.3
13294,2006-05-26,1.4
13295,2006-05-27,1.2
13296,2006-05-28,0.5
13297,2006-05-29,8.6
13298,2006-05-30,2.8
13299,2006-05-31,1.1
13300,2006-06-01,4.9
13301,2006-06-02,0.0
13302,2006-06-03,0.0
13303,2006-06-04,0.7
13304,2006-06-05,1.0
13305,2006-06-06,0.0
13306,2006-06-07,0.0
13307,2006-06-08,0.0
13308,2006-06-09,0.0
13309,2006-06-10,0.0
13310,2006-06-11,0.0
13311,2006-06-12,0.0
13312,2006-06-13,0.8
13313,2006-06-14,4.1
13314,2006-06-15,0.5
13315,2006-06-16,0.0
13316,2006-06-17,0.0
13317,2006-06-18,0.2
13318,2006-06-19,1.0
13319,2006-06-20,0.1
13320,2006-06-21,1.2
13321,2006-06-22,0.2
13322,2006-06-23,0.0
13323,2006-06-24,0.1
13324,2006-06-25,19.0
13325,2006-06-26,1.6
13326,2006-06-27,1.0
13327,2006-06-28,0.0
13328,2006-06-29,0.0
13329,2006-06-30,0.0
13330,2006-07-01,0.0
13331,2006-07-02,0.0
13332,2006-07-03,0.0
13333,2006-07-04,1.9
13334,2006-07-05,1.5
13335,2006-07-06,3.9
13336,2006-07-07,1.8
13337,2006-07-08,0.4
13338,2006-07-09,1.3
13339,2006-07-10,0.0
13340,2006-07-11,0.0
13341,2006-07-12,0.0
13342,2006-07-13,0.0
13343,2006-07-14,0.0
13344,2006-07-15,0.0
13345,2006-07-16,0.0
13346,2006-07-17,0.0
13347,2006-07-18,0.0
13348,2006-07-19,1.2
13349,2006-07-20,0.5
13350,2006-07-21,0.1
13351,2006-07-22,3.0
13352,2006-07-23,0.0
13353,2006-07-24,0.1
13354,2006-07-25,0.0
13355,2006-07-26,1.2
13356,2006-07-27,10.5
13357,2006-07-28,6.4
13358,2006-07-29,0.0
13359,2006-07-30,7.7
13360,2006-07-31,0.9
13361,2006-08-01,3.9
13362,2006-08-02,0.9
13363,2006-08-03,8.7
13364,2006-08-04,0.5
13365,2006-08-05,1.0
13366,2006-08-06,0.1
13367,2006-08-07,4.6
13368,2006-08-08,0.1
13369,2006-08-09,2.8
13370,2006-08-10,0.9
13371,2006-08-11,1.3
13372,2006-08-12,13.5
13373,2006-08-13,21.6
13374,2006-08-14,8.4
13375,2006-08-15,1.1
13376,2006-08-16,3.6
13377,2006-08-17,11.4
13378,2006-08-18,2.4
13379,2006-08-19,5.7
13380,2006-08-20,0.6
13381,2006-08-21,3.8
13382,2006-08-22,0.6
13383,2006-08-23,0.8
13384,2006-08-24,15.5
13385,2006-08-25,0.7
13386,2006-08-26,8.3
13387,2006-08-27,1.0
13388,2006-08-28,8.8
13389,2006-08-29,6.4
13390,2006-08-30,0.4
13391,2006-08-31,0.0
13392,2006-09-01,0.0
13393,2006-09-02,0.1
13394,2006-09-03,1.6
13395,2006-09-04,0.3
13396,2006-09-05,0.2
13397,2006-09-06,0.0
13398,2006-09-07,0.1
13399,2006-09-08,0.0
13400,2006-09-09,0.0
13401,2006-09-10,0.0
13402,2006-09-11,0.0
13403,2006-09-12,0.0
13404,2006-09-13,0.0
13405,2006-09-14,4.7
13406,2006-09-15,0.4
13407,2006-09-16,0.0
13408,2006-09-17,0.6
13409,2006-09-18,0.8
13410,2006-09-19,1.5
13411,2006-09-20,0.0
13412,2006-09-21,0.0
13413,2006-09-22,1.8
13414,2006-09-23,22.1
13415,2006-09-24,8.3
13416,2006-09-25,3.8
13417,2006-09-26,1.2
13418,2006-09-27,0.0
13419,2006-09-28,0.0
13420,2006-09-29,1.5
13421,2006-09-30,0.4
13422,2006-10-01,1.0
13423,2006-10-02,0.9
13424,2006-10-03,3.5
13425,2006-10-04,0.4
13426,2006-10-05,1.2
13427,2006-10-06,7.6
13428,2006-10-07,0.2
13429,2006-10-08,0.0
13430,2006-10-09,5.2
13431,2006-10-10,0.0
13432,2006-10-11,5.1
13433,2006-10-12,0.9
13434,2006-10-13,0.0
13435,2006-10-14,0.2
13436,2006-10-15,0.0
13437,2006-10-16,0.0
13438,2006-10-17,0.2
13439,2006-10-18,3.8
13440,2006-10-19,6.1
13441,2006-10-20,0.9
13442,2006-10-21,0.4
13443,2006-10-22,4.4
13444,2006-10-23,5.7
13445,2006-10-24,1.7
13446,2006-10-25,0.1
13447,2006-10-26,0.3
13448,2006-10-27,0.3
13449,2006-10-28,0.3
13450,2006-10-29,3.3
13451,2006-10-30,0.0
13452,2006-10-31,0.4
13453,2006-11-01,0.2
13454,2006-11-02,0.3
13455,2006-11-03,0.0
13456,2006-11-04,0.0
13457,2006-11-05,0.0
13458,2006-11-06,0.0
13459,2006-11-07,0.0
13460,2006-11-08,0.0
13461,2006-11-09,0.2
13462,2006-11-10,0.0
13463,2006-11-11,3.8
13464,2006-11-12,0.5
13465,2006-11-13,1.1
13466,2006-11-14,0.9
13467,2006-11-15,0.1
13468,2006-11-16,7.1
13469,2006-11-17,0.7
13470,2006-11-18,3.9
13471,2006-11-19,8.8
13472,2006-11-20,13.6
13473,2006-11-21,2.6
13474,2006-11-22,2.2
13475,2006-11-23,6.3
13476,2006-11-24,2.0
13477,2006-11-25,5.0
13478,2006-11-26,0.0
13479,2006-11-27,0.0
13480,2006-11-28,2.3
13481,2006-11-29,0.0
13482,2006-11-30,0.1
13483,2006-12-01,0.0
13484,2006-12-02,0.3
13485,2006-12-03,6.0
13486,2006-12-04,6.2
13487,2006-12-05,5.0
13488,2006-12-06,0.1
13489,2006-12-07,8.4
13490,2006-12-08,11.9
13491,2006-12-09,0.5
13492,2006-12-10,0.0
13493,2006-12-11,12.3
13494,2006-12-12,2.3
13495,2006-12-13,0.0
13496,2006-12-14,0.0
13497,2006-12-15,0.0
13498,2006-12-16,4.5
13499,2006-12-17,0.1
13500,2006-12-18,0.1
13501,2006-12-19,0.0
13502,2006-12-20,0.0
13503,2006-12-21,0.0
13504,2006-12-22,0.0
13505,2006-12-23,0.0
13506,2006-12-24,0.0
13507,2006-12-25,0.1
13508,2006-12-26,0.2
13509,2006-12-27,0.3
13510,2006-12-28,0.0
13511,2006-12-29,0.0
13512,2006-12-30,8.6
13513,2006-12-31,5.0
13514,2007-01-01,7.4
13515,2007-01-02,3.1
13516,2007-01-03,0.2
13517,2007-01-04,1.6
13518,2007-01-05,0.5
13519,2007-01-06,3.1
13520,2007-01-07,0.0
13521,2007-01-08,7.3
13522,2007-01-09,0.3
13523,2007-01-10,1.7
13524,2007-01-11,2.6
13525,2007-01-12,0.4
13526,2007-01-13,0.5
13527,2007-01-14,0.0
13528,2007-01-15,0.0
13529,2007-01-16,3.0
13530,2007-01-17,10.1
13531,2007-01-18,10.4
13532,2007-01-19,6.4
13533,2007-01-20,3.0
13534,2007-01-21,0.3
13535,2007-01-22,0.6
13536,2007-01-23,0.0
13537,2007-01-24,0.8
13538,2007-01-25,0.0
13539,2007-01-26,0.3
13540,2007-01-27,0.3
13541,2007-01-28,0.3
13542,2007-01-29,0.1
13543,2007-01-30,0.4
13544,2007-01-31,0.2
13545,2007-02-01,0.1
13546,2007-02-02,0.1
13547,2007-02-03,0.0
13548,2007-02-04,0.0
13549,2007-02-05,0.8
13550,2007-02-06,2.6
13551,2007-02-07,0.3
13552,2007-02-08,5.4
13553,2007-02-09,0.5
13554,2007-02-10,6.0
13555,2007-02-11,7.8
13556,2007-02-12,7.5
13557,2007-02-13,1.8
13558,2007-02-14,16.5
13559,2007-02-15,0.0
13560,2007-02-16,0.2
13561,2007-02-17,0.0
13562,2007-02-18,0.0
13563,2007-02-19,0.7
13564,2007-02-20,0.0
13565,2007-02-21,3.1
13566,2007-02-22,0.6
13567,2007-02-23,2.2
13568,2007-02-24,5.0
13569,2007-02-25,8.0
13570,2007-02-26,1.3
13571,2007-02-27,3.2
13572,2007-02-28,5.1
13573,2007-03-01,6.0
13574,2007-03-02,4.8
13575,2007-03-03,2.3
13576,2007-03-04,0.0
13577,2007-03-05,2.7
13578,2007-03-06,15.2
13579,2007-03-07,1.0
13580,2007-03-08,0.2
13581,2007-03-09,4.1
13582,2007-03-10,0.0
13583,2007-03-11,0.0
13584,2007-03-12,0.0
13585,2007-03-13,0.0
13586,2007-03-14,0.0
13587,2007-03-15,0.0
13588,2007-03-16,0.0
13589,2007-03-17,0.2
13590,2007-03-18,5.0
13591,2007-03-19,5.5
13592,2007-03-20,2.4
13593,2007-03-21,3.6
13594,2007-03-22,0.7
13595,2007-03-23,2.0
13596,2007-03-24,1.8
13597,2007-03-25,0.6
13598,2007-03-26,0.0
13599,2007-03-27,0.0
13600,2007-03-28,1.4
13601,2007-03-29,1.5
13602,2007-03-30,8.4
13603,2007-03-31,7.2
13604,2007-04-01,0.2
13605,2007-04-02,0.0
13606,2007-04-03,0.0
13607,2007-04-04,0.0
13608,2007-04-05,0.0
13609,2007-04-06,0.0
13610,2007-04-07,0.0
13611,2007-04-08,0.0
13612,2007-04-09,0.0
13613,2007-04-10,0.0
13614,2007-04-11,0.0
13615,2007-04-12,0.0
13616,2007-04-13,0.0
13617,2007-04-14,0.0
13618,2007-04-15,0.0
13619,2007-04-16,0.0
13620,2007-04-17,0.0
13621,2007-04-18,0.0
13622,2007-04-19,0.0
13623,2007-04-20,0.0
13624,2007-04-21,0.0
13625,2007-04-22,0.0
13626,2007-04-23,0.0
13627,2007-04-24,0.0
13628,2007-04-25,0.0
13629,2007-04-26,0.1
13630,2007-04-27,0.0
13631,2007-04-28,3.7
13632,2007-04-29,1.3
13633,2007-04-30,0.0
13634,2007-05-01,0.0
13635,2007-05-02,0.0
13636,2007-05-03,0.0
13637,2007-05-04,2.3
13638,2007-05-05,0.3
13639,2007-05-06,0.4
13640,2007-05-07,5.6
13641,2007-05-08,3.6
13642,2007-05-09,7.0
13643,2007-05-10,0.0
13644,2007-05-11,2.7
13645,2007-05-12,1.0
13646,2007-05-13,7.1
13647,2007-05-14,3.2
13648,2007-05-15,5.0
13649,2007-05-16,6.9
13650,2007-05-17,7.8
13651,2007-05-18,2.3
13652,2007-05-19,0.7
13653,2007-05-20,4.4
13654,2007-05-21,0.1
13655,2007-05-22,0.1
13656,2007-05-23,0.0
13657,2007-05-24,0.1
13658,2007-05-25,0.4
13659,2007-05-26,3.1
13660,2007-05-27,3.9
13661,2007-05-28,3.0
13662,2007-05-29,0.7
13663,2007-05-30,4.6
13664,2007-05-31,1.3
13665,2007-06-01,7.4
13666,2007-06-02,0.2
13667,2007-06-03,0.5
13668,2007-06-04,0.5
13669,2007-06-05,0.2
13670,2007-06-06,0.3
13671,2007-06-07,7.5
13672,2007-06-08,5.2
13673,2007-06-09,1.1
13674,2007-06-10,0.4
13675,2007-06-11,0.9
13676,2007-06-12,0.4
13677,2007-06-13,2.2
13678,2007-06-14,13.1
13679,2007-06-15,1.3
13680,2007-06-16,2.6
13681,2007-06-17,6.9
13682,2007-06-18,3.6
13683,2007-06-19,2.8
13684,2007-06-20,0.0
13685,2007-06-21,1.5
13686,2007-06-22,5.3
13687,2007-06-23,1.6
13688,2007-06-24,1.2
13689,2007-06-25,6.6
13690,2007-06-26,5.8
13691,2007-06-27,1.8
13692,2007-06-28,0.5
13693,2007-06-29,2.2
13694,2007-06-30,0.5
13695,2007-07-01,0.4
13696,2007-07-02,5.3
13697,2007-07-03,14.4
13698,2007-07-04,1.5
13699,2007-07-05,6.1
13700,2007-07-06,0.7
13701,2007-07-07,0.0
13702,2007-07-08,7.9
13703,2007-07-09,4.1
13704,2007-07-10,2.2
13705,2007-07-11,0.9
13706,2007-07-12,0.8
13707,2007-07-13,0.2
13708,2007-07-14,0.0
13709,2007-07-15,0.0
13710,2007-07-16,8.1
13711,2007-07-17,0.4
13712,2007-07-18,0.1
13713,2007-07-19,0.0
13714,2007-07-20,5.7
13715,2007-07-21,0.1
13716,2007-07-22,0.8
13717,2007-07-23,18.1
13718,2007-07-24,7.2
13719,2007-07-25,0.2
13720,2007-07-26,0.2
13721,2007-07-27,2.1
13722,2007-07-28,5.8
13723,2007-07-29,4.4
13724,2007-07-30,0.1
13725,2007-07-31,0.0
13726,2007-08-01,0.4
13727,2007-08-02,3.0
13728,2007-08-03,0.1
13729,2007-08-04,0.0
13730,2007-08-05,0.0
13731,2007-08-06,3.3
13732,2007-08-07,0.0
13733,2007-08-08,7.4
13734,2007-08-09,1.1
13735,2007-08-10,1.3
13736,2007-08-11,0.0
13737,2007-08-12,5.4
13738,2007-08-13,0.0
13739,2007-08-14,2.1
13740,2007-08-15,7.4
13741,2007-08-16,1.6
13742,2007-08-17,0.2
13743,2007-08-18,0.2
13744,2007-08-19,10.3
13745,2007-08-20,11.1
13746,2007-08-21,3.1
13747,2007-08-22,22.6
13748,2007-08-23,5.4
13749,2007-08-24,0.7
13750,2007-08-25,0.1
13751,2007-08-26,0.0
13752,2007-08-27,0.0
13753,2007-08-28,0.0
13754,2007-08-29,0.0
13755,2007-08-30,0.0
13756,2007-08-31,0.2
13757,2007-09-01,0.8
13758,2007-09-02,0.3
13759,2007-09-03,1.0
13760,2007-09-04,0.2
13761,2007-09-05,0.6
13762,2007-09-06,0.7
13763,2007-09-07,0.2
13764,2007-09-08,0.0
13765,2007-09-09,0.1
13766,2007-09-10,0.7
13767,2007-09-11,0.2
13768,2007-09-12,0.0
13769,2007-09-13,0.0
13770,2007-09-14,0.0
13771,2007-09-15,0.1
13772,2007-09-16,0.0
13773,2007-09-17,4.4
13774,2007-09-18,1.0
13775,2007-09-19,0.3
13776,2007-09-20,0.0
13777,2007-09-21,0.0
13778,2007-09-22,0.0
13779,2007-09-23,0.2
13780,2007-09-24,1.9
13781,2007-09-25,0.3
13782,2007-09-26,1.9
13783,2007-09-27,2.4
13784,2007-09-28,10.1
13785,2007-09-29,2.6
13786,2007-09-30,0.0
13787,2007-10-01,14.9
13788,2007-10-02,6.0
13789,2007-10-03,1.2
13790,2007-10-04,0.0
13791,2007-10-05,0.0
13792,2007-10-06,0.0
13793,2007-10-07,0.0
13794,2007-10-08,0.0
13795,2007-10-09,14.9
13796,2007-10-10,0.3
13797,2007-10-11,0.0
13798,2007-10-12,0.2
13799,2007-10-13,0.2
13800,2007-10-14,0.0
13801,2007-10-15,0.1
13802,2007-10-16,0.1
13803,2007-10-17,0.5
13804,2007-10-18,0.1
13805,2007-10-19,0.4
13806,2007-10-20,0.0
13807,2007-10-21,0.0
13808,2007-10-22,0.0
13809,2007-10-23,0.0
13810,2007-10-24,0.0
13811,2007-10-25,0.0
13812,2007-10-26,0.2
13813,2007-10-27,0.1
13814,2007-10-28,0.1
13815,2007-10-29,21.6
13816,2007-10-30,0.2
13817,2007-10-31,0.0
13818,2007-11-01,0.2
13819,2007-11-02,0.3
13820,2007-11-03,0.2
13821,2007-11-04,0.1
13822,2007-11-05,0.6
13823,2007-11-06,0.3
13824,2007-11-07,0.1
13825,2007-11-08,4.7
13826,2007-11-09,0.0
13827,2007-11-10,2.2
13828,2007-11-11,0.7
13829,2007-11-12,0.4
13830,2007-11-13,3.2
13831,2007-11-14,0.0
13832,2007-11-15,0.0
13833,2007-11-16,0.0
13834,2007-11-17,0.0
13835,2007-11-18,3.0
13836,2007-11-19,3.5
13837,2007-11-20,11.9
13838,2007-11-21,4.7
13839,2007-11-22,0.0
13840,2007-11-23,0.2
13841,2007-11-24,0.0
13842,2007-11-25,0.1
13843,2007-11-26,0.0
13844,2007-11-27,0.0
13845,2007-11-28,0.0
13846,2007-11-29,2.0
13847,2007-11-30,1.1
13848,2007-12-01,8.2
13849,2007-12-02,17.4
13850,2007-12-03,3.0
13851,2007-12-04,0.9
13852,2007-12-05,1.2
13853,2007-12-06,12.4
13854,2007-12-07,6.2
13855,2007-12-08,7.1
13856,2007-12-09,4.1
13857,2007-12-10,3.0
13858,2007-12-11,1.3
13859,2007-12-12,0.0
13860,2007-12-13,0.0
13861,2007-12-14,0.0
13862,2007-12-15,0.0
13863,2007-12-16,0.0
13864,2007-12-17,0.0
13865,2007-12-18,0.0
13866,2007-12-19,0.0
13867,2007-12-20,0.0
13868,2007-12-21,0.0
13869,2007-12-22,0.0
13870,2007-12-23,0.0
13871,2007-12-24,0.0
13872,2007-12-25,0.4
13873,2007-12-26,1.5
13874,2007-12-27,0.2
13875,2007-12-28,0.3
13876,2007-12-29,1.6
13877,2007-12-30,1.5
13878,2007-12-31,0.0
13879,2008-01-01,0.4
13880,2008-01-02,0.0
13881,2008-01-03,2.2
13882,2008-01-04,1.5
13883,2008-01-05,12.2
13884,2008-01-06,0.6
13885,2008-01-07,1.4
13886,2008-01-08,0.0
13887,2008-01-09,2.1
13888,2008-01-10,0.1
13889,2008-01-11,3.4
13890,2008-01-12,0.8
13891,2008-01-13,0.0
13892,2008-01-14,1.3
13893,2008-01-15,11.6
13894,2008-01-16,3.4
13895,2008-01-17,2.6
13896,2008-01-18,2.0
13897,2008-01-19,0.3
13898,2008-01-20,0.0
13899,2008-01-21,2.0
13900,2008-01-22,1.9
13901,2008-01-23,0.0
13902,2008-01-24,1.3
13903,2008-01-25,0.0
13904,2008-01-26,0.0
13905,2008-01-27,0.0
13906,2008-01-28,0.1
13907,2008-01-29,0.0
13908,2008-01-30,3.7
13909,2008-01-31,2.7
13910,2008-02-01,7.6
13911,2008-02-02,0.0
13912,2008-02-03,0.1
13913,2008-02-04,5.1
13914,2008-02-05,8.3
13915,2008-02-06,3.1
13916,2008-02-07,0.0
13917,2008-02-08,0.0
13918,2008-02-09,0.0
13919,2008-02-10,0.0
13920,2008-02-11,0.0
13921,2008-02-12,0.0
13922,2008-02-13,0.0
13923,2008-02-14,0.0
13924,2008-02-15,0.0
13925,2008-02-16,0.0
13926,2008-02-17,0.0
13927,2008-02-18,0.0
13928,2008-02-19,0.0
13929,2008-02-20,1.2
13930,2008-02-21,0.3
13931,2008-02-22,0.0
13932,2008-02-23,0.1
13933,2008-02-24,0.1
13934,2008-02-25,2.2
13935,2008-02-26,7.7
13936,2008-02-27,0.4
13937,2008-02-28,4.4
13938,2008-02-29,4.0
13939,2008-03-01,2.5
13940,2008-03-02,2.2
13941,2008-03-03,3.9
13942,2008-03-04,1.5
13943,2008-03-05,0.4
13944,2008-03-06,0.2
13945,2008-03-07,0.4
13946,2008-03-08,0.0
13947,2008-03-09,6.1
13948,2008-03-10,11.6
13949,2008-03-11,13.5
13950,2008-03-12,6.2
13951,2008-03-13,6.6
13952,2008-03-14,4.0
13953,2008-03-15,3.3
13954,2008-03-16,5.8
13955,2008-03-17,0.3
13956,2008-03-18,0.4
13957,2008-03-19,1.5
13958,2008-03-20,4.6
13959,2008-03-21,10.5
13960,2008-03-22,2.0
13961,2008-03-23,3.7
13962,2008-03-24,2.1
13963,2008-03-25,0.1
13964,2008-03-26,2.8
13965,2008-03-27,6.4
13966,2008-03-28,6.9
13967,2008-03-29,0.1
13968,2008-03-30,7.8
13969,2008-03-31,1.2
13970,2008-04-01,0.6
13971,2008-04-02,0.6
13972,2008-04-03,0.0
13973,2008-04-04,0.0
13974,2008-04-05,3.3
13975,2008-04-06,3.3
13976,2008-04-07,3.3
13977,2008-04-08,0.0
13978,2008-04-09,0.6
13979,2008-04-10,0.4
13980,2008-04-11,0.9
13981,2008-04-12,3.9
13982,2008-04-13,4.9
13983,2008-04-14,8.3
13984,2008-04-15,2.3
13985,2008-04-16,0.2
13986,2008-04-17,0.1
13987,2008-04-18,5.8
13988,2008-04-19,8.4
13989,2008-04-20,1.3
13990,2008-04-21,4.7
13991,2008-04-22,0.3
13992,2008-04-23,2.5
13993,2008-04-24,1.8
13994,2008-04-25,0.0
13995,2008-04-26,0.0
13996,2008-04-27,0.0
13997,2008-04-28,5.0
13998,2008-04-29,8.2
13999,2008-04-30,3.0
14000,2008-05-01,2.6
14001,2008-05-02,0.5
14002,2008-05-03,0.0
14003,2008-05-04,0.0
14004,2008-05-05,0.0
14005,2008-05-06,0.0
14006,2008-05-07,0.0
14007,2008-05-08,0.0
14008,2008-05-09,0.3
14009,2008-05-10,0.0
14010,2008-05-11,0.0
14011,2008-05-12,0.0
14012,2008-05-13,0.0
14013,2008-05-14,4.5
14014,2008-05-15,2.7
14015,2008-05-16,6.5
14016,2008-05-17,5.5
14017,2008-05-18,4.7
14018,2008-05-19,0.0
14019,2008-05-20,0.0
14020,2008-05-21,0.0
14021,2008-05-22,0.0
14022,2008-05-23,1.3
14023,2008-05-24,10.4
14024,2008-05-25,1.6
14025,2008-05-26,8.9
14026,2008-05-27,15.3
14027,2008-05-28,7.1
14028,2008-05-29,8.0
14029,2008-05-30,0.1
14030,2008-05-31,10.6
14031,2008-06-01,0.7
14032,2008-06-02,4.4
14033,2008-06-03,5.8
14034,2008-06-04,1.6
14035,2008-06-05,0.6
14036,2008-06-06,9.2
14037,2008-06-07,1.4
14038,2008-06-08,0.2
14039,2008-06-09,0.2
14040,2008-06-10,0.0
14041,2008-06-11,0.1
14042,2008-06-12,9.5
14043,2008-06-13,0.2
14044,2008-06-14,0.4
14045,2008-06-15,2.1
14046,2008-06-16,0.5
14047,2008-06-17,0.0
14048,2008-06-18,0.0
14049,2008-06-19,5.4
14050,2008-06-20,0.1
14051,2008-06-21,0.2
14052,2008-06-22,3.4
14053,2008-06-23,0.0
14054,2008-06-24,0.0
14055,2008-06-25,0.0
14056,2008-06-26,0.0
14057,2008-06-27,1.2
14058,2008-06-28,0.4
14059,2008-06-29,0.0
14060,2008-06-30,0.0
14061,2008-07-01,0.0
14062,2008-07-02,9.4
14063,2008-07-03,2.2
14064,2008-07-04,0.0
14065,2008-07-05,6.9
14066,2008-07-06,0.4
14067,2008-07-07,5.2
14068,2008-07-08,1.4
14069,2008-07-09,0.3
14070,2008-07-10,2.5
14071,2008-07-11,1.2
14072,2008-07-12,0.9
14073,2008-07-13,1.7
14074,2008-07-14,0.0
14075,2008-07-15,0.1
14076,2008-07-16,0.9
14077,2008-07-17,0.3
14078,2008-07-18,0.7
14079,2008-07-19,2.9
14080,2008-07-20,0.1
14081,2008-07-21,0.0
14082,2008-07-22,0.0
14083,2008-07-23,0.0
14084,2008-07-24,0.0
14085,2008-07-25,0.2
14086,2008-07-26,1.1
14087,2008-07-27,0.1
14088,2008-07-28,0.4
14089,2008-07-29,1.5
14090,2008-07-30,0.0
14091,2008-07-31,3.2
14092,2008-08-01,0.4
14093,2008-08-02,1.0
14094,2008-08-03,7.0
14095,2008-08-04,10.7
14096,2008-08-05,0.0
14097,2008-08-06,0.0
14098,2008-08-07,22.5
14099,2008-08-08,8.8
14100,2008-08-09,0.4
14101,2008-08-10,2.2
14102,2008-08-11,0.2
14103,2008-08-12,3.8
14104,2008-08-13,0.6
14105,2008-08-14,0.7
14106,2008-08-15,0.0
14107,2008-08-16,0.0
14108,2008-08-17,0.6
14109,2008-08-18,1.6
14110,2008-08-19,0.9
14111,2008-08-20,0.4
14112,2008-08-21,5.1
14113,2008-08-22,15.3
14114,2008-08-23,0.3
14115,2008-08-24,8.5
14116,2008-08-25,0.1
14117,2008-08-26,0.2
14118,2008-08-27,0.0
14119,2008-08-28,0.8
14120,2008-08-29,0.2
14121,2008-08-30,0.0
14122,2008-08-31,3.2
14123,2008-09-01,0.4
14124,2008-09-02,3.1
14125,2008-09-03,2.7
14126,2008-09-04,1.4
14127,2008-09-05,7.6
14128,2008-09-06,0.1
14129,2008-09-07,2.9
14130,2008-09-08,0.2
14131,2008-09-09,0.5
14132,2008-09-10,0.5
14133,2008-09-11,16.6
14134,2008-09-12,12.6
14135,2008-09-13,3.4
14136,2008-09-14,0.0
14137,2008-09-15,0.1
14138,2008-09-16,0.0
14139,2008-09-17,0.0
14140,2008-09-18,0.0
14141,2008-09-19,0.0
14142,2008-09-20,0.0
14143,2008-09-21,0.0
14144,2008-09-22,0.3
14145,2008-09-23,2.3
14146,2008-09-24,3.1
14147,2008-09-25,0.2
14148,2008-09-26,0.0
14149,2008-09-27,0.0
14150,2008-09-28,0.0
14151,2008-09-29,0.4
14152,2008-09-30,7.7
14153,2008-10-01,3.4
14154,2008-10-02,4.0
14155,2008-10-03,4.6
14156,2008-10-04,0.1
14157,2008-10-05,10.6
14158,2008-10-06,1.5
14159,2008-10-07,3.3
14160,2008-10-08,0.2
14161,2008-10-09,0.0
14162,2008-10-10,0.0
14163,2008-10-11,0.0
14164,2008-10-12,0.1
14165,2008-10-13,0.0
14166,2008-10-14,0.1
14167,2008-10-15,2.1
14168,2008-10-16,4.8
14169,2008-10-17,0.0
14170,2008-10-18,0.0
14171,2008-10-19,0.0
14172,2008-10-20,0.0
14173,2008-10-21,8.7
14174,2008-10-22,0.1
14175,2008-10-23,0.0
14176,2008-10-24,0.5
14177,2008-10-25,0.0
14178,2008-10-26,5.6
14179,2008-10-27,16.1
14180,2008-10-28,0.6
14181,2008-10-29,0.1
14182,2008-10-30,2.8
14183,2008-10-31,2.5
14184,2008-11-01,20.7
14185,2008-11-02,0.0
14186,2008-11-03,0.9
14187,2008-11-04,0.2
14188,2008-11-05,2.6
14189,2008-11-06,0.2
14190,2008-11-07,1.0
14191,2008-11-08,1.4
14192,2008-11-09,6.1
14193,2008-11-10,4.4
14194,2008-11-11,7.1
14195,2008-11-12,0.3
14196,2008-11-13,0.1
14197,2008-11-14,0.5
14198,2008-11-15,0.6
14199,2008-11-16,0.5
14200,2008-11-17,0.0
14201,2008-11-18,1.7
14202,2008-11-19,0.1
14203,2008-11-20,0.6
14204,2008-11-21,1.9
14205,2008-11-22,0.1
14206,2008-11-23,6.5
14207,2008-11-24,1.3
14208,2008-11-25,0.5
14209,2008-11-26,0.0
14210,2008-11-27,0.7
14211,2008-11-28,1.2
14212,2008-11-29,0.9
14213,2008-11-30,7.3
14214,2008-12-01,2.3
14215,2008-12-02,5.1
14216,2008-12-03,10.1
14217,2008-12-04,4.3
14218,2008-12-05,2.2
14219,2008-12-06,1.2
14220,2008-12-07,0.0
14221,2008-12-08,0.0
14222,2008-12-09,3.7
14223,2008-12-10,0.3
14224,2008-12-11,0.2
14225,2008-12-12,0.0
14226,2008-12-13,2.3
14227,2008-12-14,1.8
14228,2008-12-15,0.0
14229,2008-12-16,0.0
14230,2008-12-17,1.3
14231,2008-12-18,0.1
14232,2008-12-19,0.2
14233,2008-12-20,0.1
14234,2008-12-21,0.1
14235,2008-12-22,0.3
14236,2008-12-23,0.1
14237,2008-12-24,0.2
14238,2008-12-25,0.1
14239,2008-12-26,0.0
14240,2008-12-27,0.0
14241,2008-12-28,0.0
14242,2008-12-29,0.0
14243,2008-12-30,0.3
14244,2008-12-31,0.1
14245,2009-01-01,0.0
14246,2009-01-02,0.0
14247,2009-01-03,0.0
14248,2009-01-04,0.1
14249,2009-01-05,3.9
14250,2009-01-06,0.0
14251,2009-01-07,0.0
14252,2009-01-08,0.0
14253,2009-01-09,0.0
14254,2009-01-10,0.0
14255,2009-01-11,0.0
14256,2009-01-12,0.9
14257,2009-01-13,8.7
14258,2009-01-14,0.3
14259,2009-01-15,0.1
14260,2009-01-16,0.4
14261,2009-01-17,2.0
14262,2009-01-18,10.9
14263,2009-01-19,8.2
14264,2009-01-20,0.4
14265,2009-01-21,0.0
14266,2009-01-22,13.0
14267,2009-01-23,14.6
14268,2009-01-24,0.0
14269,2009-01-25,0.0
14270,2009-01-26,0.6
14271,2009-01-27,0.2
14272,2009-01-28,0.0
14273,2009-01-29,0.0
14274,2009-01-30,0.0
14275,2009-01-31,0.0
14276,2009-02-01,0.0
14277,2009-02-02,7.1
14278,2009-02-03,0.0
14279,2009-02-04,0.2
14280,2009-02-05,4.8
14281,2009-02-06,0.2
14282,2009-02-07,2.4
14283,2009-02-08,1.0
14284,2009-02-09,14.3
14285,2009-02-10,7.9
14286,2009-02-11,2.0
14287,2009-02-12,0.7
14288,2009-02-13,2.2
14289,2009-02-14,0.0
14290,2009-02-15,0.6
14291,2009-02-16,1.9
14292,2009-02-17,0.5
14293,2009-02-18,0.1
14294,2009-02-19,0.1
14295,2009-02-20,0.5
14296,2009-02-21,0.2
14297,2009-02-22,0.5
14298,2009-02-23,1.8
14299,2009-02-24,0.0
14300,2009-02-25,0.0
14301,2009-02-26,0.1
14302,2009-02-27,0.0
14303,2009-02-28,0.0
14304,2009-03-01,0.9
14305,2009-03-02,0.3
14306,2009-03-03,0.0
14307,2009-03-04,7.9
14308,2009-03-05,0.0
14309,2009-03-06,0.0
14310,2009-03-07,0.4
14311,2009-03-08,2.7
14312,2009-03-09,1.5
14313,2009-03-10,9.1
14314,2009-03-11,0.0
14315,2009-03-12,0.4
14316,2009-03-13,0.2
14317,2009-03-14,0.3
14318,2009-03-15,0.0
14319,2009-03-16,0.0
14320,2009-03-17,0.0
14321,2009-03-18,0.0
14322,2009-03-19,0.0
14323,2009-03-20,0.0
14324,2009-03-21,0.0
14325,2009-03-22,0.0
14326,2009-03-23,1.9
14327,2009-03-24,1.2
14328,2009-03-25,8.3
14329,2009-03-26,6.0
14330,2009-03-27,2.6
14331,2009-03-28,5.2
14332,2009-03-29,0.8
14333,2009-03-30,0.0
14334,2009-03-31,0.0
14335,2009-04-01,0.0
14336,2009-04-02,0.0
14337,2009-04-03,0.3
14338,2009-04-04,0.0
14339,2009-04-05,0.1
14340,2009-04-06,0.1
14341,2009-04-07,4.2
14342,2009-04-08,4.0
14343,2009-04-09,0.4
14344,2009-04-10,0.9
14345,2009-04-11,0.7
14346,2009-04-12,1.0
14347,2009-04-13,0.0
14348,2009-04-14,6.8
14349,2009-04-15,1.5
14350,2009-04-16,8.1
14351,2009-04-17,2.0
14352,2009-04-18,7.2
14353,2009-04-19,1.6
14354,2009-04-20,0.0
14355,2009-04-21,0.0
14356,2009-04-22,0.0
14357,2009-04-23,0.0
14358,2009-04-24,0.0
14359,2009-04-25,3.0
14360,2009-04-26,6.7
14361,2009-04-27,7.7
14362,2009-04-28,3.8
14363,2009-04-29,2.8
14364,2009-04-30,0.0
14365,2009-05-01,0.2
14366,2009-05-02,0.4
14367,2009-05-03,0.3
14368,2009-05-04,0.2
14369,2009-05-05,0.5
14370,2009-05-06,0.2
14371,2009-05-07,0.7
14372,2009-05-08,1.2
14373,2009-05-09,2.5
14374,2009-05-10,6.2
14375,2009-05-11,7.3
14376,2009-05-12,9.7
14377,2009-05-13,7.6
14378,2009-05-14,7.6
14379,2009-05-15,5.9
14380,2009-05-16,1.4
14381,2009-05-17,4.0
14382,2009-05-18,0.5
14383,2009-05-19,0.4
14384,2009-05-20,0.1
14385,2009-05-21,0.2
14386,2009-05-22,0.0
14387,2009-05-23,1.3
14388,2009-05-24,0.0
14389,2009-05-25,2.6
14390,2009-05-26,10.6
14391,2009-05-27,0.9
14392,2009-05-28,0.9
14393,2009-05-29,0.0
14394,2009-05-30,0.0
14395,2009-05-31,0.6
14396,2009-06-01,0.4
14397,2009-06-02,0.0
14398,2009-06-03,0.0
14399,2009-06-04,0.0
14400,2009-06-05,0.0
14401,2009-06-06,1.0
14402,2009-06-07,4.3
14403,2009-06-08,7.8
14404,2009-06-09,3.1
14405,2009-06-10,14.7
14406,2009-06-11,1.0
14407,2009-06-12,0.0
14408,2009-06-13,0.0
14409,2009-06-14,0.9
14410,2009-06-15,13.8
14411,2009-06-16,0.5
14412,2009-06-17,0.0
14413,2009-06-18,0.1
14414,2009-06-19,0.0
14415,2009-06-20,1.1
14416,2009-06-21,1.3
14417,2009-06-22,0.1
14418,2009-06-23,0.0
14419,2009-06-24,0.0
14420,2009-06-25,0.7
14421,2009-06-26,12.5
14422,2009-06-27,0.1
14423,2009-06-28,0.3
14424,2009-06-29,0.0
14425,2009-06-30,0.0
14426,2009-07-01,0.0
14427,2009-07-02,3.3
14428,2009-07-03,0.1
14429,2009-07-04,0.0
14430,2009-07-05,2.3
14431,2009-07-06,0.4
14432,2009-07-07,5.4
14433,2009-07-08,3.0
14434,2009-07-09,0.8
14435,2009-07-10,0.3
14436,2009-07-11,0.2
14437,2009-07-12,4.7
14438,2009-07-13,0.1
14439,2009-07-14,0.0
14440,2009-07-15,0.0
14441,2009-07-16,8.4
14442,2009-07-17,5.3
14443,2009-07-18,1.6
14444,2009-07-19,1.7
14445,2009-07-20,0.4
14446,2009-07-21,1.3
14447,2009-07-22,7.0
14448,2009-07-23,1.2
14449,2009-07-24,1.6
14450,2009-07-25,1.1
14451,2009-07-26,0.0
14452,2009-07-27,1.2
14453,2009-07-28,0.5
14454,2009-07-29,0.8
14455,2009-07-30,0.1
14456,2009-07-31,0.0
14457,2009-08-01,1.9
14458,2009-08-02,10.1
14459,2009-08-03,0.3
14460,2009-08-04,0.0
14461,2009-08-05,0.0
14462,2009-08-06,0.0
14463,2009-08-07,1.2
14464,2009-08-08,0.1
14465,2009-08-09,0.0
14466,2009-08-10,0.2
14467,2009-08-11,1.1
14468,2009-08-12,0.0
14469,2009-08-13,2.8
14470,2009-08-14,0.0
14471,2009-08-15,0.0
14472,2009-08-16,0.0
14473,2009-08-17,0.0
14474,2009-08-18,0.0
14475,2009-08-19,0.0
14476,2009-08-20,0.8
14477,2009-08-21,0.0
14478,2009-08-22,0.0
14479,2009-08-23,0.0
14480,2009-08-24,2.4
14481,2009-08-25,7.7
14482,2009-08-26,0.0
14483,2009-08-27,0.4
14484,2009-08-28,0.1
14485,2009-08-29,0.2
14486,2009-08-30,0.0
14487,2009-08-31,0.0
14488,2009-09-01,6.1
14489,2009-09-02,3.0
14490,2009-09-03,4.1
14491,2009-09-04,12.1
14492,2009-09-05,0.6
14493,2009-09-06,0.1
14494,2009-09-07,0.0
14495,2009-09-08,0.0
14496,2009-09-09,0.3
14497,2009-09-10,0.0
14498,2009-09-11,0.0
14499,2009-09-12,0.0
14500,2009-09-13,0.2
14501,2009-09-14,1.4
14502,2009-09-15,0.3
14503,2009-09-16,0.3
14504,2009-09-17,0.1
14505,2009-09-18,0.2
14506,2009-09-19,0.0
14507,2009-09-20,0.2
14508,2009-09-21,0.0
14509,2009-09-22,0.0
14510,2009-09-23,0.0
14511,2009-09-24,0.5
14512,2009-09-25,0.0
14513,2009-09-26,0.0
14514,2009-09-27,0.0
14515,2009-09-28,0.0
14516,2009-09-29,0.1
14517,2009-09-30,0.0
14518,2009-10-01,0.5
14519,2009-10-02,0.5
14520,2009-10-03,0.0
14521,2009-10-04,0.1
14522,2009-10-05,10.7
14523,2009-10-06,8.7
14524,2009-10-07,11.4
14525,2009-10-08,3.6
14526,2009-10-09,4.6
14527,2009-10-10,1.2
14528,2009-10-11,3.6
14529,2009-10-12,0.1
14530,2009-10-13,0.3
14531,2009-10-14,0.0
14532,2009-10-15,0.0
14533,2009-10-16,0.3
14534,2009-10-17,0.6
14535,2009-10-18,0.0
14536,2009-10-19,0.0
14537,2009-10-20,0.0
14538,2009-10-21,12.3
14539,2009-10-22,0.1
14540,2009-10-23,0.2
14541,2009-10-24,4.9
14542,2009-10-25,0.0
14543,2009-10-26,0.3
14544,2009-10-27,0.0
14545,2009-10-28,0.0
14546,2009-10-29,0.0
14547,2009-10-30,0.1
14548,2009-10-31,0.1
14549,2009-11-01,15.5
14550,2009-11-02,2.0
14551,2009-11-03,14.0
14552,2009-11-04,1.2
14553,2009-11-05,2.4
14554,2009-11-06,2.3
14555,2009-11-07,5.2
14556,2009-11-08,0.1
14557,2009-11-09,0.6
14558,2009-11-10,0.2
14559,2009-11-11,0.0
14560,2009-11-12,0.6
14561,2009-11-13,0.4
14562,2009-11-14,1.5
14563,2009-11-15,1.9
14564,2009-11-16,4.5
14565,2009-11-17,1.9
14566,2009-11-18,0.0
14567,2009-11-19,0.0
14568,2009-11-20,0.2
14569,2009-11-21,0.1
14570,2009-11-22,6.3
14571,2009-11-23,8.3
14572,2009-11-24,1.3
14573,2009-11-25,3.7
14574,2009-11-26,2.5
14575,2009-11-27,3.5
14576,2009-11-28,7.8
14577,2009-11-29,3.3
14578,2009-11-30,0.8
14579,2009-12-01,0.9
14580,2009-12-02,6.3
14581,2009-12-03,2.2
14582,2009-12-04,0.4
14583,2009-12-05,5.7
14584,2009-12-06,6.5
14585,2009-12-07,4.6
14586,2009-12-08,2.1
14587,2009-12-09,5.2
14588,2009-12-10,4.7
14589,2009-12-11,0.1
14590,2009-12-12,0.3
14591,2009-12-13,0.2
14592,2009-12-14,0.0
14593,2009-12-15,0.0
14594,2009-12-16,0.0
14595,2009-12-17,2.8
14596,2009-12-18,1.8
14597,2009-12-19,0.0
14598,2009-12-20,3.5
14599,2009-12-21,2.2
14600,2009-12-22,5.7
14601,2009-12-23,0.1
14602,2009-12-24,7.3
14603,2009-12-25,3.3
14604,2009-12-26,0.0
14605,2009-12-27,1.5
14606,2009-12-28,0.0
14607,2009-12-29,10.7
14608,2009-12-30,2.6
14609,2009-12-31,5.4
14610,2010-01-01,0.1
14611,2010-01-02,0.0
14612,2010-01-03,0.2
14613,2010-01-04,0.0
14614,2010-01-05,0.1
14615,2010-01-06,0.2
14616,2010-01-07,0.0
14617,2010-01-08,0.0
14618,2010-01-09,1.4
14619,2010-01-10,0.4
14620,2010-01-11,0.0
14621,2010-01-12,0.1
14622,2010-01-13,3.3
14623,2010-01-14,0.1
14624,2010-01-15,0.1
14625,2010-01-16,7.3
14626,2010-01-17,2.3
14627,2010-01-18,0.1
14628,2010-01-19,0.1
14629,2010-01-20,3.6
14630,2010-01-21,0.3
14631,2010-01-22,0.1
14632,2010-01-23,4.4
14633,2010-01-24,1.9
14634,2010-01-25,0.3
14635,2010-01-26,0.0
14636,2010-01-27,0.5
14637,2010-01-28,2.0
14638,2010-01-29,9.6
14639,2010-01-30,0.2
14640,2010-01-31,0.6
14641,2010-02-01,0.4
14642,2010-02-02,8.3
14643,2010-02-03,10.7
14644,2010-02-04,0.1
14645,2010-02-05,7.9
14646,2010-02-06,2.7
14647,2010-02-07,0.2
14648,2010-02-08,2.4
14649,2010-02-09,0.2
14650,2010-02-10,1.5
14651,2010-02-11,1.7
14652,2010-02-12,0.0
14653,2010-02-13,0.1
14654,2010-02-14,0.3
14655,2010-02-15,1.9
14656,2010-02-16,0.0
14657,2010-02-17,2.5
14658,2010-02-18,0.5
14659,2010-02-19,0.6
14660,2010-02-20,1.9
14661,2010-02-21,0.5
14662,2010-02-22,4.8
14663,2010-02-23,8.4
14664,2010-02-24,5.5
14665,2010-02-25,6.1
14666,2010-02-26,6.0
14667,2010-02-27,2.7
14668,2010-02-28,13.0
14669,2010-03-01,0.0
14670,2010-03-02,0.1
14671,2010-03-03,0.0
14672,2010-03-04,0.0
14673,2010-03-05,0.4
14674,2010-03-06,1.3
14675,2010-03-07,0.0
14676,2010-03-08,0.0
14677,2010-03-09,0.0
14678,2010-03-10,0.0
14679,2010-03-11,0.0
14680,2010-03-12,0.0
14681,2010-03-13,0.1
14682,2010-03-14,0.7
14683,2010-03-15,0.0
14684,2010-03-16,0.0
14685,2010-03-17,0.0
14686,2010-03-18,0.0
14687,2010-03-19,3.8
14688,2010-03-20,5.6
14689,2010-03-21,0.5
14690,2010-03-22,0.0
14691,2010-03-23,0.0
14692,2010-03-24,0.0
14693,2010-03-25,4.2
14694,2010-03-26,0.6
14695,2010-03-27,0.8
14696,2010-03-28,1.6
14697,2010-03-29,6.4
14698,2010-03-30,7.2
14699,2010-03-31,1.6
14700,2010-04-01,0.4
14701,2010-04-02,4.3
14702,2010-04-03,5.6
14703,2010-04-04,6.8
14704,2010-04-05,0.0
14705,2010-04-06,0.0
14706,2010-04-07,2.8
14707,2010-04-08,0.3
14708,2010-04-09,0.0
14709,2010-04-10,0.0
14710,2010-04-11,0.2
14711,2010-04-12,0.1
14712,2010-04-13,0.3
14713,2010-04-14,0.3
14714,2010-04-15,0.5
14715,2010-04-16,0.0
14716,2010-04-17,0.0
14717,2010-04-18,0.0
14718,2010-04-19,0.0
14719,2010-04-20,0.0
14720,2010-04-21,0.0
14721,2010-04-22,0.0
14722,2010-04-23,0.0
14723,2010-04-24,0.0
14724,2010-04-25,1.8
14725,2010-04-26,0.2
14726,2010-04-27,0.0
14727,2010-04-28,0.0
14728,2010-04-29,0.6
14729,2010-04-30,0.0
14730,2010-05-01,0.6
14731,2010-05-02,6.3
14732,2010-05-03,1.4
14733,2010-05-04,0.0
14734,2010-05-05,0.0
14735,2010-05-06,0.1
14736,2010-05-07,0.2
14737,2010-05-08,0.0
14738,2010-05-09,0.7
14739,2010-05-10,0.9
14740,2010-05-11,10.4
14741,2010-05-12,0.9
14742,2010-05-13,2.2
14743,2010-05-14,0.7
14744,2010-05-15,0.0
14745,2010-05-16,0.1
14746,2010-05-17,1.1
14747,2010-05-18,0.4
14748,2010-05-19,0.0
14749,2010-05-20,0.0
14750,2010-05-21,0.0
14751,2010-05-22,0.0
14752,2010-05-23,0.0
14753,2010-05-24,0.0
14754,2010-05-25,8.2
14755,2010-05-26,18.5
14756,2010-05-27,1.5
14757,2010-05-28,0.0
14758,2010-05-29,1.8
14759,2010-05-30,1.9
14760,2010-05-31,0.7
14761,2010-06-01,5.1
14762,2010-06-02,0.4
14763,2010-06-03,0.0
14764,2010-06-04,0.0
14765,2010-06-05,0.0
14766,2010-06-06,4.5
14767,2010-06-07,0.3
14768,2010-06-08,0.6
14769,2010-06-09,6.7
14770,2010-06-10,12.6
14771,2010-06-11,0.6
14772,2010-06-12,12.7
14773,2010-06-13,0.0
14774,2010-06-14,0.9
14775,2010-06-15,0.4
14776,2010-06-16,0.0
14777,2010-06-17,0.3
14778,2010-06-18,0.0
14779,2010-06-19,1.3
14780,2010-06-20,0.9
14781,2010-06-21,0.6
14782,2010-06-22,0.0
14783,2010-06-23,0.0
14784,2010-06-24,0.0
14785,2010-06-25,0.0
14786,2010-06-26,0.0
14787,2010-06-27,0.0
14788,2010-06-28,0.0
14789,2010-06-29,1.4
14790,2010-06-30,0.0
14791,2010-07-01,0.0
14792,2010-07-02,0.0
14793,2010-07-03,5.7
14794,2010-07-04,0.0
14795,2010-07-05,1.0
14796,2010-07-06,0.2
14797,2010-07-07,0.0
14798,2010-07-08,0.0
14799,2010-07-09,3.5
14800,2010-07-10,0.6
14801,2010-07-11,0.0
14802,2010-07-12,14.4
14803,2010-07-13,0.5
14804,2010-07-14,14.8
14805,2010-07-15,0.1
14806,2010-07-16,0.3
14807,2010-07-17,0.4
14808,2010-07-18,0.0
14809,2010-07-19,0.0
14810,2010-07-20,0.0
14811,2010-07-21,0.0
14812,2010-07-22,0.2
14813,2010-07-23,4.9
14814,2010-07-24,0.5
14815,2010-07-25,1.0
14816,2010-07-26,1.7
14817,2010-07-27,0.9
14818,2010-07-28,1.1
14819,2010-07-29,0.4
14820,2010-07-30,0.5
14821,2010-07-31,0.6
14822,2010-08-01,0.6
14823,2010-08-02,1.1
14824,2010-08-03,0.3
14825,2010-08-04,6.7
14826,2010-08-05,0.6
14827,2010-08-06,0.1
14828,2010-08-07,2.0
14829,2010-08-08,1.1
14830,2010-08-09,0.6
14831,2010-08-10,6.0
14832,2010-08-11,1.4
14833,2010-08-12,1.1
14834,2010-08-13,2.4
14835,2010-08-14,0.3
14836,2010-08-15,24.1
14837,2010-08-16,40.0
14838,2010-08-17,0.8
14839,2010-08-18,1.7
14840,2010-08-19,0.0
14841,2010-08-20,0.0
14842,2010-08-21,0.0
14843,2010-08-22,3.9
14844,2010-08-23,2.8
14845,2010-08-24,0.1
14846,2010-08-25,0.6
14847,2010-08-26,9.3
14848,2010-08-27,10.3
14849,2010-08-28,0.3
14850,2010-08-29,3.2
14851,2010-08-30,0.6
14852,2010-08-31,0.0
14853,2010-09-01,0.0
14854,2010-09-02,0.0
14855,2010-09-03,0.0
14856,2010-09-04,0.0
14857,2010-09-05,0.0
14858,2010-09-06,4.0
14859,2010-09-07,1.5
14860,2010-09-08,11.7
14861,2010-09-09,0.6
14862,2010-09-10,0.0
14863,2010-09-11,0.0
14864,2010-09-12,3.1
14865,2010-09-13,0.2
14866,2010-09-14,0.2
14867,2010-09-15,1.6
14868,2010-09-16,0.5
14869,2010-09-17,0.1
14870,2010-09-18,0.0
14871,2010-09-19,0.0
14872,2010-09-20,0.0
14873,2010-09-21,0.0
14874,2010-09-22,0.0
14875,2010-09-23,2.2
14876,2010-09-24,4.8
14877,2010-09-25,1.4
14878,2010-09-26,5.8
14879,2010-09-27,0.3
14880,2010-09-28,1.2
14881,2010-09-29,0.4
14882,2010-09-30,3.6
14883,2010-10-01,11.4
14884,2010-10-02,9.7
14885,2010-10-03,0.3
14886,2010-10-04,2.6
14887,2010-10-05,0.4
14888,2010-10-06,1.7
14889,2010-10-07,0.1
14890,2010-10-08,0.0
14891,2010-10-09,0.0
14892,2010-10-10,0.0
14893,2010-10-11,0.0
14894,2010-10-12,0.0
14895,2010-10-13,0.0
14896,2010-10-14,0.0
14897,2010-10-15,1.1
14898,2010-10-16,2.4
14899,2010-10-17,0.0
14900,2010-10-18,0.0
14901,2010-10-19,3.2
14902,2010-10-20,0.7
14903,2010-10-21,0.0
14904,2010-10-22,0.0
14905,2010-10-23,4.8
14906,2010-10-24,0.1
14907,2010-10-25,0.2
14908,2010-10-26,0.0
14909,2010-10-27,0.1
14910,2010-10-28,0.1
14911,2010-10-29,0.1
14912,2010-10-30,7.3
14913,2010-10-31,3.0
14914,2010-11-01,0.1
14915,2010-11-02,0.2
14916,2010-11-03,0.2
14917,2010-11-04,0.3
14918,2010-11-05,0.3
14919,2010-11-06,10.4
14920,2010-11-07,4.8
14921,2010-11-08,8.3
14922,2010-11-09,9.0
14923,2010-11-10,3.2
14924,2010-11-11,10.4
14925,2010-11-12,2.5
14926,2010-11-13,18.1
14927,2010-11-14,10.6
14928,2010-11-15,0.0
14929,2010-11-16,0.0
14930,2010-11-17,0.3
14931,2010-11-18,0.2
14932,2010-11-19,0.1
14933,2010-11-20,0.1
14934,2010-11-21,4.1
14935,2010-11-22,0.9
14936,2010-11-23,0.6
14937,2010-11-24,0.9
14938,2010-11-25,0.6
14939,2010-11-26,0.2
14940,2010-11-27,0.1
14941,2010-11-28,0.4
14942,2010-11-29,1.7
14943,2010-11-30,0.1
14944,2010-12-01,0.2
14945,2010-12-02,2.1
14946,2010-12-03,0.1
14947,2010-12-04,3.2
14948,2010-12-05,11.2
14949,2010-12-06,0.0
14950,2010-12-07,4.1
14951,2010-12-08,5.0
14952,2010-12-09,0.0
14953,2010-12-10,0.1
14954,2010-12-11,0.3
14955,2010-12-12,0.1
14956,2010-12-13,0.0
14957,2010-12-14,0.9
14958,2010-12-15,0.9
14959,2010-12-16,9.8
14960,2010-12-17,2.4
14961,2010-12-18,3.9
14962,2010-12-19,13.5
14963,2010-12-20,2.4
14964,2010-12-21,0.7
14965,2010-12-22,4.8
14966,2010-12-23,8.9
14967,2010-12-24,3.5
14968,2010-12-25,0.0
14969,2010-12-26,0.1
14970,2010-12-27,0.0
14971,2010-12-28,4.8
14972,2010-12-29,0.1
14973,2010-12-30,0.0
14974,2010-12-31,0.0
14975,2011-01-01,0.5
14976,2011-01-02,0.0
14977,2011-01-03,0.0
14978,2011-01-04,0.1
14979,2011-01-05,1.7
14980,2011-01-06,15.8
14981,2011-01-07,3.8
14982,2011-01-08,7.5
14983,2011-01-09,4.8
14984,2011-01-10,0.0
14985,2011-01-11,5.2
14986,2011-01-12,5.1
14987,2011-01-13,1.1
14988,2011-01-14,4.4
14989,2011-01-15,0.0
14990,2011-01-16,0.0
14991,2011-01-17,0.5
14992,2011-01-18,2.5
14993,2011-01-19,0.4
14994,2011-01-20,0.3
14995,2011-01-21,0.0
14996,2011-01-22,1.0
14997,2011-01-23,1.2
14998,2011-01-24,1.0
14999,2011-01-25,2.0
15000,2011-01-26,10.7
15001,2011-01-27,0.1
15002,2011-01-28,0.0
15003,2011-01-29,0.0
15004,2011-01-30,0.0
15005,2011-01-31,0.0
15006,2011-02-01,0.1
15007,2011-02-02,0.2
15008,2011-02-03,0.6
15009,2011-02-04,0.2
15010,2011-02-05,0.1
15011,2011-02-06,0.0
15012,2011-02-07,0.0
15013,2011-02-08,0.3
15014,2011-02-09,0.0
15015,2011-02-10,2.5
15016,2011-02-11,4.1
15017,2011-02-12,1.6
15018,2011-02-13,0.0
15019,2011-02-14,1.7
15020,2011-02-15,0.8
15021,2011-02-16,0.0
15022,2011-02-17,0.0
15023,2011-02-18,0.1
15024,2011-02-19,5.1
15025,2011-02-20,2.0
15026,2011-02-21,1.2
15027,2011-02-22,0.0
15028,2011-02-23,6.5
15029,2011-02-24,1.3
15030,2011-02-25,0.5
15031,2011-02-26,6.1
15032,2011-02-27,0.5
15033,2011-02-28,0.4
15034,2011-03-01,0.0
15035,2011-03-02,0.0
15036,2011-03-03,0.0
15037,2011-03-04,0.0
15038,2011-03-05,0.0
15039,2011-03-06,0.0
15040,2011-03-07,0.0
15041,2011-03-08,0.0
15042,2011-03-09,0.4
15043,2011-03-10,0.0
15044,2011-03-11,0.3
15045,2011-03-12,1.4
15046,2011-03-13,3.1
15047,2011-03-14,0.6
15048,2011-03-15,0.0
15049,2011-03-16,0.0
15050,2011-03-17,0.3
15051,2011-03-18,5.5
15052,2011-03-19,0.1
15053,2011-03-20,0.0
15054,2011-03-21,0.0
15055,2011-03-22,0.0
15056,2011-03-23,0.0
15057,2011-03-24,0.0
15058,2011-03-25,0.0
15059,2011-03-26,1.1
15060,2011-03-27,0.1
15061,2011-03-28,0.0
15062,2011-03-29,1.7
15063,2011-03-30,1.3
15064,2011-03-31,2.5
15065,2011-04-01,0.1
15066,2011-04-02,0.4
15067,2011-04-03,2.8
15068,2011-04-04,0.4
15069,2011-04-05,0.0
15070,2011-04-06,0.0
15071,2011-04-07,0.0
15072,2011-04-08,0.1
15073,2011-04-09,0.0
15074,2011-04-10,0.0
15075,2011-04-11,0.0
15076,2011-04-12,1.0
15077,2011-04-13,0.2
15078,2011-04-14,0.3
15079,2011-04-15,0.1
15080,2011-04-16,0.0
15081,2011-04-17,0.0
15082,2011-04-18,0.0
15083,2011-04-19,0.0
15084,2011-04-20,0.0
15085,2011-04-21,0.0
15086,2011-04-22,0.3
15087,2011-04-23,0.8
15088,2011-04-24,0.2
15089,2011-04-25,0.0
15090,2011-04-26,0.0
15091,2011-04-27,0.7
15092,2011-04-28,4.4
15093,2011-04-29,11.2
15094,2011-04-30,2.2
15095,2011-05-01,0.3
15096,2011-05-02,0.1
15097,2011-05-03,0.0
15098,2011-05-04,0.0
15099,2011-05-05,0.0
15100,2011-05-06,0.0
15101,2011-05-07,0.0
15102,2011-05-08,0.2
15103,2011-05-09,0.0
15104,2011-05-10,4.9
15105,2011-05-11,0.0
15106,2011-05-12,0.3
15107,2011-05-13,0.0
15108,2011-05-14,0.2
15109,2011-05-15,0.7
15110,2011-05-16,0.1
15111,2011-05-17,0.0
15112,2011-05-18,0.1
15113,2011-05-19,0.5
15114,2011-05-20,1.7
15115,2011-05-21,0.0
15116,2011-05-22,2.0
15117,2011-05-23,0.0
15118,2011-05-24,0.0
15119,2011-05-25,0.0
15120,2011-05-26,0.1
15121,2011-05-27,0.5
15122,2011-05-28,0.0
15123,2011-05-29,0.0
15124,2011-05-30,0.6
15125,2011-05-31,1.0
15126,2011-06-01,0.0
15127,2011-06-02,0.0
15128,2011-06-03,0.0
15129,2011-06-04,3.6
15130,2011-06-05,6.2
15131,2011-06-06,3.6
15132,2011-06-07,6.9
15133,2011-06-08,0.1
15134,2011-06-09,0.1
15135,2011-06-10,2.8
15136,2011-06-11,1.2
15137,2011-06-12,0.7
15138,2011-06-13,5.1
15139,2011-06-14,0.4
15140,2011-06-15,0.0
15141,2011-06-16,0.9
15142,2011-06-17,2.2
15143,2011-06-18,4.9
15144,2011-06-19,1.0
15145,2011-06-20,6.9
15146,2011-06-21,1.3
15147,2011-06-22,8.4
15148,2011-06-23,0.4
15149,2011-06-24,0.4
15150,2011-06-25,0.0
15151,2011-06-26,0.0
15152,2011-06-27,0.0
15153,2011-06-28,16.2
15154,2011-06-29,2.2
15155,2011-06-30,0.4
15156,2011-07-01,0.1
15157,2011-07-02,0.0
15158,2011-07-03,0.0
15159,2011-07-04,0.0
15160,2011-07-05,0.2
15161,2011-07-06,0.4
15162,2011-07-07,0.3
15163,2011-07-08,0.4
15164,2011-07-09,4.9
15165,2011-07-10,1.2
15166,2011-07-11,0.0
15167,2011-07-12,7.5
15168,2011-07-13,0.3
15169,2011-07-14,0.2
15170,2011-07-15,0.0
15171,2011-07-16,18.4
15172,2011-07-17,5.8
15173,2011-07-18,0.5
15174,2011-07-19,9.3
15175,2011-07-20,2.6
15176,2011-07-21,3.5
15177,2011-07-22,2.2
15178,2011-07-23,9.8
15179,2011-07-24,0.9
15180,2011-07-25,2.2
15181,2011-07-26,0.1
15182,2011-07-27,0.6
15183,2011-07-28,1.2
15184,2011-07-29,0.5
15185,2011-07-30,0.0
15186,2011-07-31,0.0
15187,2011-08-01,0.0
15188,2011-08-02,0.0
15189,2011-08-03,3.1
15190,2011-08-04,7.2
15191,2011-08-05,4.8
15192,2011-08-06,2.5
15193,2011-08-07,2.2
15194,2011-08-08,4.3
15195,2011-08-09,0.6
15196,2011-08-10,0.0
15197,2011-08-11,0.1
15198,2011-08-12,2.0
15199,2011-08-13,2.0
15200,2011-08-14,13.1
15201,2011-08-15,0.1
15202,2011-08-16,0.0
15203,2011-08-17,1.7
15204,2011-08-18,0.5
15205,2011-08-19,0.8
15206,2011-08-20,0.0
15207,2011-08-21,2.0
15208,2011-08-22,1.2
15209,2011-08-23,1.1
15210,2011-08-24,0.1
15211,2011-08-25,0.0
15212,2011-08-26,12.7
15213,2011-08-27,0.9
15214,2011-08-28,0.2
15215,2011-08-29,0.3
15216,2011-08-30,0.0
15217,2011-08-31,0.0
15218,2011-09-01,1.0
15219,2011-09-02,0.2
15220,2011-09-03,8.8
15221,2011-09-04,2.2
15222,2011-09-05,1.1
15223,2011-09-06,3.2
15224,2011-09-07,1.8
15225,2011-09-08,0.3
15226,2011-09-09,4.5
15227,2011-09-10,0.0
15228,2011-09-11,4.9
15229,2011-09-12,0.4
15230,2011-09-13,0.1
15231,2011-09-14,0.4
15232,2011-09-15,0.0
15233,2011-09-16,0.4
15234,2011-09-17,6.5
15235,2011-09-18,3.1
15236,2011-09-19,0.2
15237,2011-09-20,0.0
15238,2011-09-21,0.1
15239,2011-09-22,0.3
15240,2011-09-23,0.0
15241,2011-09-24,0.0
15242,2011-09-25,0.0
15243,2011-09-26,0.0
15244,2011-09-27,0.0
15245,2011-09-28,0.0
15246,2011-09-29,0.0
15247,2011-09-30,0.0
15248,2011-10-01,0.0
15249,2011-10-02,0.0
15250,2011-10-03,0.0
15251,2011-10-04,1.0
15252,2011-10-05,0.4
15253,2011-10-06,2.7
15254,2011-10-07,2.5
15255,2011-10-08,2.2
15256,2011-10-09,13.3
15257,2011-10-10,0.2
15258,2011-10-11,0.4
15259,2011-10-12,0.5
15260,2011-10-13,0.6
15261,2011-10-14,0.0
15262,2011-10-15,0.0
15263,2011-10-16,0.0
15264,2011-10-17,0.1
15265,2011-10-18,1.8
15266,2011-10-19,1.4
15267,2011-10-20,0.0
15268,2011-10-21,0.0
15269,2011-10-22,0.0
15270,2011-10-23,0.0
15271,2011-10-24,1.1
15272,2011-10-25,13.2
15273,2011-10-26,0.1
15274,2011-10-27,0.6
15275,2011-10-28,0.1
15276,2011-10-29,0.5
15277,2011-10-30,0.0
15278,2011-10-31,0.0
15279,2011-11-01,5.4
15280,2011-11-02,0.1
15281,2011-11-03,11.6
15282,2011-11-04,3.7
15283,2011-11-05,10.9
15284,2011-11-06,0.1
15285,2011-11-07,0.3
15286,2011-11-08,4.0
15287,2011-11-09,0.0
15288,2011-11-10,0.0
15289,2011-11-11,0.0
15290,2011-11-12,0.0
15291,2011-11-13,0.0
15292,2011-11-14,0.0
15293,2011-11-15,0.0
15294,2011-11-16,0.0
15295,2011-11-17,0.3
15296,2011-11-18,0.0
15297,2011-11-19,0.0
15298,2011-11-20,0.0
15299,2011-11-21,0.0
15300,2011-11-22,0.0
15301,2011-11-23,0.3
15302,2011-11-24,0.2
15303,2011-11-25,0.1
15304,2011-11-26,0.0
15305,2011-11-27,0.2
15306,2011-11-28,0.2
15307,2011-11-29,0.4
15308,2011-11-30,0.0
15309,2011-12-01,9.2
15310,2011-12-02,2.1
15311,2011-12-03,6.9
15312,2011-12-04,13.6
15313,2011-12-05,2.7
15314,2011-12-06,6.4
15315,2011-12-07,4.1
15316,2011-12-08,1.1
15317,2011-12-09,3.7
15318,2011-12-10,0.1
15319,2011-12-11,2.4
15320,2011-12-12,2.8
15321,2011-12-13,13.1
15322,2011-12-14,7.1
15323,2011-12-15,3.9
15324,2011-12-16,18.2
15325,2011-12-17,1.8
15326,2011-12-18,1.3
15327,2011-12-19,4.7
15328,2011-12-20,1.0
15329,2011-12-21,5.3
15330,2011-12-22,0.3
15331,2011-12-23,2.4
15332,2011-12-24,0.1
15333,2011-12-25,0.2
15334,2011-12-26,0.1
15335,2011-12-27,0.0
15336,2011-12-28,0.4
15337,2011-12-29,4.1
15338,2011-12-30,6.7
15339,2011-12-31,6.8
15340,2012-01-01,4.4
15341,2012-01-02,7.0
15342,2012-01-03,4.1
15343,2012-01-04,2.7
15344,2012-01-05,5.5
15345,2012-01-06,0.0
15346,2012-01-07,1.4
15347,2012-01-08,0.3
15348,2012-01-09,0.8
15349,2012-01-10,0.2
15350,2012-01-11,0.0
15351,2012-01-12,0.6
15352,2012-01-13,0.0
15353,2012-01-14,0.0
15354,2012-01-15,0.0
15355,2012-01-16,0.0
15356,2012-01-17,0.0
15357,2012-01-18,1.7
15358,2012-01-19,4.1
15359,2012-01-20,5.6
15360,2012-01-21,1.2
15361,2012-01-22,0.1
15362,2012-01-23,0.7
15363,2012-01-24,4.0
15364,2012-01-25,0.6
15365,2012-01-26,1.6
15366,2012-01-27,0.5
15367,2012-01-28,2.6
15368,2012-01-29,0.0
15369,2012-01-30,0.1
15370,2012-01-31,0.1
15371,2012-02-01,0.0
15372,2012-02-02,0.0
15373,2012-02-03,1.2
15374,2012-02-04,0.0
15375,2012-02-05,0.8
15376,2012-02-06,0.0
15377,2012-02-07,0.4
15378,2012-02-08,0.2
15379,2012-02-09,0.0
15380,2012-02-10,0.0
15381,2012-02-11,0.0
15382,2012-02-12,0.1
15383,2012-02-13,3.4
15384,2012-02-14,2.5
15385,2012-02-15,1.8
15386,2012-02-16,0.3
15387,2012-02-17,0.1
15388,2012-02-18,3.1
15389,2012-02-19,1.2
15390,2012-02-20,0.0
15391,2012-02-21,0.0
15392,2012-02-22,0.3
15393,2012-02-23,1.1
15394,2012-02-24,0.2
15395,2012-02-25,0.1
15396,2012-02-26,0.0
15397,2012-02-27,0.0
15398,2012-02-28,0.0
15399,2012-02-29,0.0
15400,2012-03-01,0.1
15401,2012-03-02,0.7
15402,2012-03-03,0.7
15403,2012-03-04,5.5
15404,2012-03-05,11.7
15405,2012-03-06,1.6
15406,2012-03-07,6.3
15407,2012-03-08,0.2
15408,2012-03-09,0.0
15409,2012-03-10,0.1
15410,2012-03-11,0.0
15411,2012-03-12,0.0
15412,2012-03-13,0.0
15413,2012-03-14,0.0
15414,2012-03-15,0.0
15415,2012-03-16,0.0
15416,2012-03-17,1.7
15417,2012-03-18,2.3
15418,2012-03-19,0.3
15419,2012-03-20,0.0
15420,2012-03-21,0.0
15421,2012-03-22,0.0
15422,2012-03-23,0.0
15423,2012-03-24,0.0
15424,2012-03-25,0.2
15425,2012-03-26,0.0
15426,2012-03-27,0.0
15427,2012-03-28,0.0
15428,2012-03-29,0.0
15429,2012-03-30,0.0
15430,2012-03-31,0.1
15431,2012-04-01,0.0
15432,2012-04-02,0.0
15433,2012-04-03,1.1
15434,2012-04-04,1.5
15435,2012-04-05,0.0
15436,2012-04-06,0.0
15437,2012-04-07,1.1
15438,2012-04-08,1.4
15439,2012-04-09,6.5
15440,2012-04-10,12.1
15441,2012-04-11,4.5
15442,2012-04-12,2.6
15443,2012-04-13,1.2
15444,2012-04-14,0.1
15445,2012-04-15,0.2
15446,2012-04-16,0.0
15447,2012-04-17,4.5
15448,2012-04-18,6.3
15449,2012-04-19,1.9
15450,2012-04-20,4.1
15451,2012-04-21,4.0
15452,2012-04-22,2.3
15453,2012-04-23,6.0
15454,2012-04-24,7.2
15455,2012-04-25,5.4
15456,2012-04-26,0.8
15457,2012-04-27,1.6
15458,2012-04-28,7.5
15459,2012-04-29,5.2
15460,2012-04-30,5.7
15461,2012-05-01,0.6
15462,2012-05-02,5.2
15463,2012-05-03,1.0
15464,2012-05-04,5.5
15465,2012-05-05,1.2
15466,2012-05-06,2.0
15467,2012-05-07,0.4
15468,2012-05-08,3.4
15469,2012-05-09,4.1
15470,2012-05-10,0.8
15471,2012-05-11,2.8
15472,2012-05-12,0.0
15473,2012-05-13,0.0
15474,2012-05-14,0.0
15475,2012-05-15,5.9
15476,2012-05-16,0.5
15477,2012-05-17,1.3
15478,2012-05-18,0.7
15479,2012-05-19,0.8
15480,2012-05-20,2.7
15481,2012-05-21,4.7
15482,2012-05-22,1.2
15483,2012-05-23,0.0
15484,2012-05-24,0.3
15485,2012-05-25,0.0
15486,2012-05-26,0.0
15487,2012-05-27,0.0
15488,2012-05-28,0.1
15489,2012-05-29,0.5
15490,2012-05-30,0.0
15491,2012-05-31,0.6
15492,2012-06-01,0.9
15493,2012-06-02,0.0
15494,2012-06-03,8.0
15495,2012-06-04,1.8
15496,2012-06-05,1.5
15497,2012-06-06,6.1
15498,2012-06-07,7.7
15499,2012-06-08,0.8
15500,2012-06-09,1.0
15501,2012-06-10,4.5
15502,2012-06-11,6.8
15503,2012-06-12,5.9
15504,2012-06-13,2.2
15505,2012-06-14,2.4
15506,2012-06-15,9.9
15507,2012-06-16,2.9
15508,2012-06-17,0.0
15509,2012-06-18,7.4
15510,2012-06-19,4.4
15511,2012-06-20,1.3
15512,2012-06-21,5.7
15513,2012-06-22,0.5
15514,2012-06-23,0.3
15515,2012-06-24,10.0
15516,2012-06-25,0.1
15517,2012-06-26,0.2
15518,2012-06-27,0.2
15519,2012-06-28,2.4
15520,2012-06-29,2.6
15521,2012-06-30,0.1
15522,2012-07-01,0.2
15523,2012-07-02,0.0
15524,2012-07-03,0.2
15525,2012-07-04,5.6
15526,2012-07-05,12.2
15527,2012-07-06,4.9
15528,2012-07-07,2.2
15529,2012-07-08,9.5
15530,2012-07-09,0.9
15531,2012-07-10,3.4
15532,2012-07-11,5.9
15533,2012-07-12,9.1
15534,2012-07-13,9.8
15535,2012-07-14,3.1
15536,2012-07-15,3.5
15537,2012-07-16,0.0
15538,2012-07-17,0.4
15539,2012-07-18,0.1
15540,2012-07-19,1.2
15541,2012-07-20,1.0
15542,2012-07-21,0.7
15543,2012-07-22,0.0
15544,2012-07-23,0.0
15545,2012-07-24,0.0
15546,2012-07-25,0.0
15547,2012-07-26,0.0
15548,2012-07-27,12.9
15549,2012-07-28,8.6
15550,2012-07-29,5.0
15551,2012-07-30,0.1
15552,2012-07-31,0.0
15553,2012-08-01,3.4
15554,2012-08-02,0.9
15555,2012-08-03,0.3
15556,2012-08-04,0.3
15557,2012-08-05,2.5
15558,2012-08-06,2.2
15559,2012-08-07,0.2
15560,2012-08-08,0.0
15561,2012-08-09,0.3
15562,2012-08-10,0.0
15563,2012-08-11,0.0
15564,2012-08-12,0.2
15565,2012-08-13,0.9
15566,2012-08-14,0.5
15567,2012-08-15,1.1
15568,2012-08-16,0.1
15569,2012-08-17,0.0
15570,2012-08-18,0.0
15571,2012-08-19,0.0
15572,2012-08-20,1.7
15573,2012-08-21,0.8
15574,2012-08-22,0.0
15575,2012-08-23,1.3
15576,2012-08-24,2.7
15577,2012-08-25,0.8
15578,2012-08-26,0.5
15579,2012-08-27,0.0
15580,2012-08-28,0.3
15581,2012-08-29,0.0
15582,2012-08-30,0.8
15583,2012-08-31,0.3
15584,2012-09-01,0.0
15585,2012-09-02,0.4
15586,2012-09-03,0.4
15587,2012-09-04,0.0
15588,2012-09-05,0.1
15589,2012-09-06,0.0
15590,2012-09-07,0.0
15591,2012-09-08,0.0
15592,2012-09-09,0.0
15593,2012-09-10,0.0
15594,2012-09-11,5.4
15595,2012-09-12,4.5
15596,2012-09-13,3.1
15597,2012-09-14,0.4
15598,2012-09-15,0.0
15599,2012-09-16,0.0
15600,2012-09-17,0.0
15601,2012-09-18,0.1
15602,2012-09-19,0.0
15603,2012-09-20,0.0
15604,2012-09-21,0.4
15605,2012-09-22,0.0
15606,2012-09-23,2.4
15607,2012-09-24,9.3
15608,2012-09-25,6.4
15609,2012-09-26,2.3
15610,2012-09-27,3.4
15611,2012-09-28,0.0
15612,2012-09-29,0.2
15613,2012-09-30,0.0
15614,2012-10-01,0.0
15615,2012-10-02,1.2
15616,2012-10-03,6.7
15617,2012-10-04,9.8
15618,2012-10-05,0.8
15619,2012-10-06,13.6
15620,2012-10-07,2.4
15621,2012-10-08,6.5
15622,2012-10-09,1.4
15623,2012-10-10,0.3
15624,2012-10-11,4.4
15625,2012-10-12,0.7
15626,2012-10-13,8.1
15627,2012-10-14,3.1
15628,2012-10-15,0.5
15629,2012-10-16,4.8
15630,2012-10-17,8.5
15631,2012-10-18,2.3
15632,2012-10-19,4.9
15633,2012-10-20,5.0
15634,2012-10-21,0.0
15635,2012-10-22,0.0
15636,2012-10-23,0.0
15637,2012-10-24,0.0
15638,2012-10-25,0.1
15639,2012-10-26,2.0
15640,2012-10-27,0.4
15641,2012-10-28,0.0
15642,2012-10-29,1.5
15643,2012-10-30,2.5
15644,2012-10-31,0.0
15645,2012-11-01,3.7
15646,2012-11-02,3.5
15647,2012-11-03,5.7
15648,2012-11-04,2.2
15649,2012-11-05,3.6
15650,2012-11-06,0.1
15651,2012-11-07,0.1
15652,2012-11-08,0.1
15653,2012-11-09,4.8
15654,2012-11-10,1.7
15655,2012-11-11,0.0
15656,2012-11-12,0.1
15657,2012-11-13,0.0
15658,2012-11-14,0.0
15659,2012-11-15,0.0
15660,2012-11-16,0.1
15661,2012-11-17,2.6
15662,2012-11-18,4.4
15663,2012-11-19,0.0
15664,2012-11-20,0.0
15665,2012-11-21,2.1
15666,2012-11-22,0.0
15667,2012-11-23,8.2
15668,2012-11-24,0.9
15669,2012-11-25,0.1
15670,2012-11-26,0.4
15671,2012-11-27,0.5
15672,2012-11-28,0.3
15673,2012-11-29,0.4
15674,2012-11-30,0.0
15675,2012-12-01,1.6
15676,2012-12-02,0.0
15677,2012-12-03,6.9
15678,2012-12-04,7.2
15679,2012-12-05,2.4
15680,2012-12-06,0.1
15681,2012-12-07,10.8
15682,2012-12-08,0.0
15683,2012-12-09,2.2
15684,2012-12-10,0.4
15685,2012-12-11,0.0
15686,2012-12-12,0.0
15687,2012-12-13,2.3
15688,2012-12-14,7.8
15689,2012-12-15,0.9
15690,2012-12-16,0.8
15691,2012-12-17,1.0
15692,2012-12-18,3.6
15693,2012-12-19,5.5
15694,2012-12-20,11.5
15695,2012-12-21,0.6
15696,2012-12-22,23.8
15697,2012-12-23,0.8
15698,2012-12-24,0.0
15699,2012-12-25,3.6
15700,2012-12-26,4.5
15701,2012-12-27,3.9
15702,2012-12-28,0.8
15703,2012-12-29,0.7
15704,2012-12-30,0.6
15705,2012-12-31,3.0
15706,2013-01-01,8.6
15707,2013-01-02,0.6
15708,2013-01-03,1.3
15709,2013-01-04,0.5
15710,2013-01-05,0.6
15711,2013-01-06,0.4
15712,2013-01-07,0.3
15713,2013-01-08,0.2
15714,2013-01-09,0.8
15715,2013-01-10,1.7
15716,2013-01-11,0.3
15717,2013-01-12,3.1
15718,2013-01-13,0.4
15719,2013-01-14,4.5
15720,2013-01-15,1.7
15721,2013-01-16,0.0
15722,2013-01-17,0.0
15723,2013-01-18,2.6
15724,2013-01-19,3.1
15725,2013-01-20,7.6
15726,2013-01-21,1.4
15727,2013-01-22,0.3
15728,2013-01-23,0.2
15729,2013-01-24,0.2
15730,2013-01-25,0.1
15731,2013-01-26,0.6
15732,2013-01-27,5.9
15733,2013-01-28,0.5
15734,2013-01-29,4.3
15735,2013-01-30,3.8
15736,2013-01-31,1.9
15737,2013-02-01,6.8
15738,2013-02-02,1.2
15739,2013-02-03,0.9
15740,2013-02-04,1.2
15741,2013-02-05,6.9
15742,2013-02-06,8.2
15743,2013-02-07,0.8
15744,2013-02-08,0.8
15745,2013-02-09,0.4
15746,2013-02-10,8.1
15747,2013-02-11,6.5
15748,2013-02-12,0.3
15749,2013-02-13,0.0
15750,2013-02-14,6.0
15751,2013-02-15,0.5
15752,2013-02-16,0.0
15753,2013-02-17,0.0
15754,2013-02-18,0.0
15755,2013-02-19,0.0
15756,2013-02-20,0.0
15757,2013-02-21,0.0
15758,2013-02-22,0.1
15759,2013-02-23,0.4
15760,2013-02-24,2.7
15761,2013-02-25,5.9
15762,2013-02-26,0.9
15763,2013-02-27,0.4
15764,2013-02-28,0.2
15765,2013-03-01,0.1
15766,2013-03-02,0.0
15767,2013-03-03,0.0
15768,2013-03-04,0.0
15769,2013-03-05,0.0
15770,2013-03-06,0.1
15771,2013-03-07,0.9
15772,2013-03-08,4.1
15773,2013-03-09,0.2
15774,2013-03-10,0.0
15775,2013-03-11,9.3
15776,2013-03-12,14.0
15777,2013-03-13,0.4
15778,2013-03-14,0.5
15779,2013-03-15,0.0
15780,2013-03-16,2.0
15781,2013-03-17,4.2
15782,2013-03-18,2.9
15783,2013-03-19,2.8
15784,2013-03-20,2.6
15785,2013-03-21,0.2
15786,2013-03-22,0.1
15787,2013-03-23,1.1
15788,2013-03-24,0.1
15789,2013-03-25,0.0
15790,2013-03-26,0.0
15791,2013-03-27,0.1
15792,2013-03-28,1.3
15793,2013-03-29,0.0
15794,2013-03-30,0.0
15795,2013-03-31,0.0
15796,2013-04-01,0.0
15797,2013-04-02,0.0
15798,2013-04-03,2.6
15799,2013-04-04,2.3
15800,2013-04-05,0.7
15801,2013-04-06,0.7
15802,2013-04-07,0.0
15803,2013-04-08,1.0
15804,2013-04-09,10.6
15805,2013-04-10,8.6
15806,2013-04-11,3.4
15807,2013-04-12,3.2
15808,2013-04-13,2.2
15809,2013-04-14,0.0
15810,2013-04-15,1.5
15811,2013-04-16,0.4
15812,2013-04-17,0.0
15813,2013-04-18,0.0
15814,2013-04-19,3.5
15815,2013-04-20,0.0
15816,2013-04-21,0.0
15817,2013-04-22,0.1
15818,2013-04-23,0.1
15819,2013-04-24,0.0
15820,2013-04-25,0.0
15821,2013-04-26,1.9
15822,2013-04-27,0.5
15823,2013-04-28,0.3
15824,2013-04-29,0.1
15825,2013-04-30,2.3
15826,2013-05-01,4.3
15827,2013-05-02,0.1
15828,2013-05-03,1.1
15829,2013-05-04,0.0
15830,2013-05-05,0.0
15831,2013-05-06,0.2
15832,2013-05-07,0.9
15833,2013-05-08,10.4
15834,2013-05-09,0.3
15835,2013-05-10,0.7
15836,2013-05-11,1.7
15837,2013-05-12,1.6
15838,2013-05-13,1.7
15839,2013-05-14,0.2
15840,2013-05-15,0.1
15841,2013-05-16,4.1
15842,2013-05-17,0.2
15843,2013-05-18,1.7
15844,2013-05-19,18.0
15845,2013-05-20,12.7
15846,2013-05-21,8.4
15847,2013-05-22,0.3
15848,2013-05-23,4.4
15849,2013-05-24,6.8
15850,2013-05-25,1.4
15851,2013-05-26,1.0
15852,2013-05-27,0.0
15853,2013-05-28,2.8
15854,2013-05-29,2.5
15855,2013-05-30,8.5
15856,2013-05-31,0.1
15857,2013-06-01,0.3
15858,2013-06-02,0.0
15859,2013-06-03,0.0
15860,2013-06-04,0.0
15861,2013-06-05,0.0
15862,2013-06-06,1.6
15863,2013-06-07,0.1
15864,2013-06-08,0.3
15865,2013-06-09,10.3
15866,2013-06-10,0.4
15867,2013-06-11,0.4
15868,2013-06-12,0.3
15869,2013-06-13,6.7
15870,2013-06-14,0.0
15871,2013-06-15,0.1
15872,2013-06-16,0.0
15873,2013-06-17,0.4
15874,2013-06-18,0.6
15875,2013-06-19,12.0
15876,2013-06-20,12.0
15877,2013-06-21,1.7
15878,2013-06-22,2.5
15879,2013-06-23,4.7
15880,2013-06-24,0.5
15881,2013-06-25,0.8
15882,2013-06-26,0.2
15883,2013-06-27,3.5
15884,2013-06-28,4.6
15885,2013-06-29,1.3
15886,2013-06-30,0.4
15887,2013-07-01,0.1
15888,2013-07-02,0.2
15889,2013-07-03,3.1
15890,2013-07-04,0.3
15891,2013-07-05,0.1
15892,2013-07-06,0.0
15893,2013-07-07,0.0
15894,2013-07-08,0.0
15895,2013-07-09,0.0
15896,2013-07-10,0.0
15897,2013-07-11,0.0
15898,2013-07-12,0.0
15899,2013-07-13,0.0
15900,2013-07-14,0.0
15901,2013-07-15,0.1
15902,2013-07-16,0.0
15903,2013-07-17,0.2
15904,2013-07-18,0.1
15905,2013-07-19,0.0
15906,2013-07-20,0.0
15907,2013-07-21,0.0
15908,2013-07-22,1.3
15909,2013-07-23,3.7
15910,2013-07-24,1.9
15911,2013-07-25,0.1
15912,2013-07-26,12.9
15913,2013-07-27,9.5
15914,2013-07-28,0.0
15915,2013-07-29,0.5
15916,2013-07-30,1.6
15917,2013-07-31,0.7
15918,2013-08-01,0.0
15919,2013-08-02,0.0
15920,2013-08-03,1.3
15921,2013-08-04,0.0
15922,2013-08-05,0.5
15923,2013-08-06,0.1
15924,2013-08-07,19.0
15925,2013-08-08,0.0
15926,2013-08-09,0.8
15927,2013-08-10,0.5
15928,2013-08-11,0.0
15929,2013-08-12,0.7
15930,2013-08-13,0.0
15931,2013-08-14,0.5
15932,2013-08-15,0.0
15933,2013-08-16,0.1
15934,2013-08-17,0.2
15935,2013-08-18,5.2
15936,2013-08-19,0.2
15937,2013-08-20,0.0
15938,2013-08-21,0.0
15939,2013-08-22,0.1
15940,2013-08-23,0.0
15941,2013-08-24,5.2
15942,2013-08-25,25.2
15943,2013-08-26,0.8
15944,2013-08-27,1.8
15945,2013-08-28,0.0
15946,2013-08-29,0.0
15947,2013-08-30,0.0
15948,2013-08-31,1.4
15949,2013-09-01,0.0
15950,2013-09-02,0.0
15951,2013-09-03,0.0
15952,2013-09-04,0.0
15953,2013-09-05,0.0
15954,2013-09-06,1.5
15955,2013-09-07,0.5
15956,2013-09-08,0.1
15957,2013-09-09,12.1
15958,2013-09-10,1.2
15959,2013-09-11,2.4
15960,2013-09-12,0.5
15961,2013-09-13,2.1
15962,2013-09-14,6.2
15963,2013-09-15,1.4
15964,2013-09-16,3.4
15965,2013-09-17,12.1
15966,2013-09-18,3.8
15967,2013-09-19,0.2
15968,2013-09-20,0.1
15969,2013-09-21,0.0
15970,2013-09-22,0.8
15971,2013-09-23,0.3
15972,2013-09-24,0.0
15973,2013-09-25,1.4
15974,2013-09-26,0.0
15975,2013-09-27,0.0
15976,2013-09-28,0.2
15977,2013-09-29,1.3
15978,2013-09-30,0.0
15979,2013-10-01,0.4
15980,2013-10-02,0.1
15981,2013-10-03,1.5
15982,2013-10-04,2.6
15983,2013-10-05,1.0
15984,2013-10-06,0.1
15985,2013-10-07,0.1
15986,2013-10-08,0.1
15987,2013-10-09,3.4
15988,2013-10-10,4.4
15989,2013-10-11,2.9
15990,2013-10-12,0.3
15991,2013-10-13,0.2
15992,2013-10-14,4.2
15993,2013-10-15,0.4
15994,2013-10-16,7.0
15995,2013-10-17,0.4
15996,2013-10-18,0.0
15997,2013-10-19,1.9
15998,2013-10-20,2.8
15999,2013-10-21,1.0
16000,2013-10-22,7.5
16001,2013-10-23,1.8
16002,2013-10-24,0.2
16003,2013-10-25,13.3
16004,2013-10-26,0.7
16005,2013-10-27,8.3
16006,2013-10-28,2.8
16007,2013-10-29,0.4
16008,2013-10-30,0.1
16009,2013-10-31,0.0
16010,2013-11-01,18.2
16011,2013-11-02,10.1
16012,2013-11-03,3.0
16013,2013-11-04,6.1
16014,2013-11-05,6.3
16015,2013-11-06,6.0
16016,2013-11-07,17.6
16017,2013-11-08,5.7
16018,2013-11-09,4.2
16019,2013-11-10,7.9
16020,2013-11-11,0.6
16021,2013-11-12,3.3
16022,2013-11-13,0.0
16023,2013-11-14,3.4
16024,2013-11-15,0.1
16025,2013-11-16,0.0
16026,2013-11-17,0.1
16027,2013-11-18,0.3
16028,2013-11-19,2.0
16029,2013-11-20,6.4
16030,2013-11-21,0.6
16031,2013-11-22,0.1
16032,2013-11-23,0.1
16033,2013-11-24,0.1
16034,2013-11-25,0.2
16035,2013-11-26,0.2
16036,2013-11-27,0.1
16037,2013-11-28,0.3
16038,2013-11-29,1.1
16039,2013-11-30,0.4
16040,2013-12-01,0.0
16041,2013-12-02,0.0
16042,2013-12-03,0.0
16043,2013-12-04,0.1
16044,2013-12-05,1.3
16045,2013-12-06,0.1
16046,2013-12-07,0.4
16047,2013-12-08,0.1
16048,2013-12-09,0.0
16049,2013-12-10,0.0
16050,2013-12-11,0.0
16051,2013-12-12,0.0
16052,2013-12-13,1.6
16053,2013-12-14,1.5
16054,2013-12-15,0.1
16055,2013-12-16,0.0
16056,2013-12-17,0.0
16057,2013-12-18,0.7
16058,2013-12-19,5.6
16059,2013-12-20,0.0
16060,2013-12-21,0.6
16061,2013-12-22,3.7
16062,2013-12-23,0.2
16063,2013-12-24,24.0
16064,2013-12-25,5.6
16065,2013-12-26,0.0
16066,2013-12-27,7.4
16067,2013-12-28,12.6
16068,2013-12-29,0.4
16069,2013-12-30,1.8
16070,2013-12-31,3.3
16071,2014-01-01,4.7
16072,2014-01-02,3.6
16073,2014-01-03,2.2
16074,2014-01-04,2.6
16075,2014-01-05,0.1
16076,2014-01-06,2.2
16077,2014-01-07,1.0
16078,2014-01-08,0.5
16079,2014-01-09,2.0
16080,2014-01-10,0.0
16081,2014-01-11,1.6
16082,2014-01-12,0.0
16083,2014-01-13,0.2
16084,2014-01-14,2.2
16085,2014-01-15,4.3
16086,2014-01-16,6.7
16087,2014-01-17,1.5
16088,2014-01-18,0.0
16089,2014-01-19,1.7
16090,2014-01-20,0.8
16091,2014-01-21,0.1
16092,2014-01-22,3.1
16093,2014-01-23,4.9
16094,2014-01-24,0.0
16095,2014-01-25,2.5
16096,2014-01-26,8.2
16097,2014-01-27,1.6
16098,2014-01-28,4.5
16099,2014-01-29,3.6
16100,2014-01-30,0.6
16101,2014-01-31,2.8
16102,2014-02-01,12.1
16103,2014-02-02,0.0
16104,2014-02-03,0.0
16105,2014-02-04,0.0
16106,2014-02-05,4.8
16107,2014-02-06,4.9
16108,2014-02-07,2.0
16109,2014-02-08,5.9
16110,2014-02-09,0.4
16111,2014-02-10,1.8
16112,2014-02-11,5.5
16113,2014-02-12,4.5
16114,2014-02-13,8.5
16115,2014-02-14,5.1
16116,2014-02-15,0.3
16117,2014-02-16,1.2
16118,2014-02-17,0.0
16119,2014-02-18,0.2
16120,2014-02-19,1.1
16121,2014-02-20,4.3
16122,2014-02-21,1.2
16123,2014-02-22,4.0
16124,2014-02-23,0.0
16125,2014-02-24,0.0
16126,2014-02-25,5.6
16127,2014-02-26,0.0
16128,2014-02-27,9.0
16129,2014-02-28,7.2
16130,2014-03-01,3.3
16131,2014-03-02,0.0
16132,2014-03-03,8.1
16133,2014-03-04,0.1
16134,2014-03-05,0.0
16135,2014-03-06,0.0
16136,2014-03-07,0.0
16137,2014-03-08,0.0
16138,2014-03-09,0.0
16139,2014-03-10,0.0
16140,2014-03-11,0.0
16141,2014-03-12,0.0
16142,2014-03-13,0.0
16143,2014-03-14,0.0
16144,2014-03-15,0.3
16145,2014-03-16,0.0
16146,2014-03-17,0.0
16147,2014-03-18,1.1
16148,2014-03-19,0.0
16149,2014-03-20,0.0
16150,2014-03-21,3.8
16151,2014-03-22,1.3
16152,2014-03-23,2.6
16153,2014-03-24,0.6
16154,2014-03-25,0.3
16155,2014-03-26,0.4
16156,2014-03-27,0.1
16157,2014-03-28,0.0
16158,2014-03-29,0.0
16159,2014-03-30,0.0
16160,2014-03-31,0.2
16161,2014-04-01,0.3
16162,2014-04-02,0.0
16163,2014-04-03,0.2
16164,2014-04-04,0.1
16165,2014-04-05,0.0
16166,2014-04-06,0.5
16167,2014-04-07,3.4
16168,2014-04-08,0.6
16169,2014-04-09,0.0
16170,2014-04-10,0.0
16171,2014-04-11,0.0
16172,2014-04-12,0.0
16173,2014-04-13,0.4
16174,2014-04-14,0.0
16175,2014-04-15,0.0
16176,2014-04-16,0.0
16177,2014-04-17,0.0
16178,2014-04-18,0.1
16179,2014-04-19,0.1
16180,2014-04-20,0.7
16181,2014-04-21,0.5
16182,2014-04-22,1.5
16183,2014-04-23,3.0
16184,2014-04-24,4.0
16185,2014-04-25,3.9
16186,2014-04-26,4.1
16187,2014-04-27,2.7
16188,2014-04-28,1.2
16189,2014-04-29,0.8
16190,2014-04-30,1.4
16191,2014-05-01,9.8
16192,2014-05-02,0.9
16193,2014-05-03,0.0
16194,2014-05-04,0.0
16195,2014-05-05,0.0
16196,2014-05-06,8.5
16197,2014-05-07,3.6
16198,2014-05-08,6.0
16199,2014-05-09,1.1
16200,2014-05-10,7.8
16201,2014-05-11,3.5
16202,2014-05-12,3.7
16203,2014-05-13,4.6
16204,2014-05-14,1.8
16205,2014-05-15,0.0
16206,2014-05-16,0.0
16207,2014-05-17,0.0
16208,2014-05-18,0.0
16209,2014-05-19,0.0
16210,2014-05-20,4.5
16211,2014-05-21,17.4
16212,2014-05-22,0.5
16213,2014-05-23,4.7
16214,2014-05-24,3.3
16215,2014-05-25,0.0
16216,2014-05-26,8.5
16217,2014-05-27,1.0
16218,2014-05-28,2.7
16219,2014-05-29,0.6
16220,2014-05-30,0.5
16221,2014-05-31,0.0
16222,2014-06-01,0.7
16223,2014-06-02,0.9
16224,2014-06-03,3.3
16225,2014-06-04,15.4
16226,2014-06-05,0.5
16227,2014-06-06,0.0
16228,2014-06-07,0.7
16229,2014-06-08,4.2
16230,2014-06-09,16.1
16231,2014-06-10,5.7
16232,2014-06-11,0.2
16233,2014-06-12,0.0
16234,2014-06-13,0.0
16235,2014-06-14,1.1
16236,2014-06-15,0.1
16237,2014-06-16,0.0
16238,2014-06-17,0.0
16239,2014-06-18,0.0
16240,2014-06-19,0.1
16241,2014-06-20,0.0
16242,2014-06-21,0.0
16243,2014-06-22,0.0
16244,2014-06-23,0.0
16245,2014-06-24,0.1
16246,2014-06-25,0.0
16247,2014-06-26,0.4
16248,2014-06-27,4.8
16249,2014-06-28,9.8
16250,2014-06-29,8.1
16251,2014-06-30,0.3
16252,2014-07-01,0.1
16253,2014-07-02,0.0
16254,2014-07-03,0.0
16255,2014-07-04,4.4
16256,2014-07-05,2.8
16257,2014-07-06,9.3
16258,2014-07-07,1.2
16259,2014-07-08,6.4
16260,2014-07-09,17.4
16261,2014-07-10,8.4
16262,2014-07-11,11.6
16263,2014-07-12,0.3
16264,2014-07-13,12.2
16265,2014-07-14,0.9
16266,2014-07-15,0.2
16267,2014-07-16,0.0
16268,2014-07-17,0.0
16269,2014-07-18,0.0
16270,2014-07-19,6.9
16271,2014-07-20,10.4
16272,2014-07-21,6.7
16273,2014-07-22,0.5
16274,2014-07-23,2.2
16275,2014-07-24,0.5
16276,2014-07-25,0.6
16277,2014-07-26,0.7
16278,2014-07-27,1.3
16279,2014-07-28,5.0
16280,2014-07-29,3.5
16281,2014-07-30,0.3
16282,2014-07-31,0.0
16283,2014-08-01,0.1
16284,2014-08-02,0.1
16285,2014-08-03,4.7
16286,2014-08-04,0.0
16287,2014-08-05,0.2
16288,2014-08-06,15.7
16289,2014-08-07,1.8
16290,2014-08-08,10.0
16291,2014-08-09,2.2
16292,2014-08-10,8.4
16293,2014-08-11,1.5
16294,2014-08-12,5.8
16295,2014-08-13,1.0
16296,2014-08-14,5.7
16297,2014-08-15,4.9
16298,2014-08-16,0.1
16299,2014-08-17,0.2
16300,2014-08-18,1.0
16301,2014-08-19,0.5
16302,2014-08-20,1.5
16303,2014-08-21,0.3
16304,2014-08-22,1.3
16305,2014-08-23,0.5
16306,2014-08-24,0.1
16307,2014-08-25,22.4
16308,2014-08-26,7.9
16309,2014-08-27,1.0
16310,2014-08-28,2.8
16311,2014-08-29,0.8
16312,2014-08-30,2.1
16313,2014-08-31,0.5
16314,2014-09-01,0.3
16315,2014-09-02,0.8
16316,2014-09-03,0.0
16317,2014-09-04,0.2
16318,2014-09-05,0.6
16319,2014-09-06,0.7
16320,2014-09-07,0.0
16321,2014-09-08,0.0
16322,2014-09-09,0.0
16323,2014-09-10,0.0
16324,2014-09-11,0.0
16325,2014-09-12,0.0
16326,2014-09-13,0.0
16327,2014-09-14,0.5
16328,2014-09-15,0.5
16329,2014-09-16,0.0
16330,2014-09-17,0.3
16331,2014-09-18,2.1
16332,2014-09-19,1.8
16333,2014-09-20,10.2
16334,2014-09-21,3.2
16335,2014-09-22,0.0
16336,2014-09-23,0.0
16337,2014-09-24,2.2
16338,2014-09-25,0.0
16339,2014-09-26,0.0
16340,2014-09-27,0.0
16341,2014-09-28,0.0
16342,2014-09-29,6.7
16343,2014-09-30,0.4
16344,2014-10-01,0.0
16345,2014-10-02,0.2
16346,2014-10-03,0.1
16347,2014-10-04,3.2
16348,2014-10-05,1.1
16349,2014-10-06,6.7
16350,2014-10-07,2.2
16351,2014-10-08,18.7
16352,2014-10-09,0.8
16353,2014-10-10,0.1
16354,2014-10-11,2.8
16355,2014-10-12,9.2
16356,2014-10-13,0.1
16357,2014-10-14,0.0
16358,2014-10-15,0.3
16359,2014-10-16,5.2
16360,2014-10-17,3.6
16361,2014-10-18,0.0
16362,2014-10-19,0.3
16363,2014-10-20,0.4
16364,2014-10-21,2.5
16365,2014-10-22,0.1
16366,2014-10-23,0.1
16367,2014-10-24,4.0
16368,2014-10-25,0.9
16369,2014-10-26,0.3
16370,2014-10-27,0.0
16371,2014-10-28,0.0
16372,2014-10-29,0.5
16373,2014-10-30,0.0
16374,2014-10-31,0.0
16375,2014-11-01,0.0
16376,2014-11-02,4.2
16377,2014-11-03,17.0
16378,2014-11-04,2.5
16379,2014-11-05,0.5
16380,2014-11-06,0.0
16381,2014-11-07,4.4
16382,2014-11-08,0.0
16383,2014-11-09,0.6
16384,2014-11-10,0.0
16385,2014-11-11,0.3
16386,2014-11-12,0.2
16387,2014-11-13,0.0
16388,2014-11-14,11.3
16389,2014-11-15,1.8
16390,2014-11-16,2.4
16391,2014-11-17,1.6
16392,2014-11-18,0.0
16393,2014-11-19,0.1
16394,2014-11-20,0.0
16395,2014-11-21,0.0
16396,2014-11-22,0.0
16397,2014-11-23,0.8
16398,2014-11-24,0.9
16399,2014-11-25,0.5
16400,2014-11-26,5.8
16401,2014-11-27,1.3
16402,2014-11-28,0.0
16403,2014-11-29,0.0
16404,2014-11-30,0.2
16405,2014-12-01,0.8
16406,2014-12-02,1.5
16407,2014-12-03,2.2
16408,2014-12-04,0.1
16409,2014-12-05,0.8
16410,2014-12-06,0.2
16411,2014-12-07,2.7
16412,2014-12-08,2.3
16413,2014-12-09,0.0
16414,2014-12-10,2.3
16415,2014-12-11,3.1
16416,2014-12-12,13.4
16417,2014-12-13,13.5
16418,2014-12-14,0.0
16419,2014-12-15,2.6
16420,2014-12-16,0.9
16421,2014-12-17,11.4
16422,2014-12-18,0.9
16423,2014-12-19,4.0
16424,2014-12-20,0.2
16425,2014-12-21,0.1
16426,2014-12-22,0.4
16427,2014-12-23,0.3
16428,2014-12-24,0.9
16429,2014-12-25,0.1
16430,2014-12-26,3.8
16431,2014-12-27,7.9
16432,2014-12-28,0.3
16433,2014-12-29,1.1
16434,2014-12-30,0.0
16435,2014-12-31,0.0
16436,2015-01-01,0.0
16437,2015-01-02,3.5
16438,2015-01-03,8.3
16439,2015-01-04,0.1
16440,2015-01-05,0.0
16441,2015-01-06,0.0
16442,2015-01-07,0.1
16443,2015-01-08,7.3
16444,2015-01-09,4.3
16445,2015-01-10,1.7
16446,2015-01-11,0.8
16447,2015-01-12,0.0
16448,2015-01-13,3.5
16449,2015-01-14,4.1
16450,2015-01-15,5.3
16451,2015-01-16,2.5
16452,2015-01-17,0.0
16453,2015-01-18,1.1
16454,2015-01-19,3.2
16455,2015-01-20,0.2
16456,2015-01-21,0.0
16457,2015-01-22,0.0
16458,2015-01-23,0.1
16459,2015-01-24,5.6
16460,2015-01-25,0.4
16461,2015-01-26,2.3
16462,2015-01-27,0.2
16463,2015-01-28,2.3
16464,2015-01-29,7.7
16465,2015-01-30,5.4
16466,2015-01-31,2.6
16467,2015-02-01,3.1
16468,2015-02-02,0.3
16469,2015-02-03,0.5
16470,2015-02-04,0.0
16471,2015-02-05,0.5
16472,2015-02-06,0.0
16473,2015-02-07,0.0
16474,2015-02-08,0.5
16475,2015-02-09,0.0
16476,2015-02-10,0.1
16477,2015-02-11,0.0
16478,2015-02-12,0.0
16479,2015-02-13,1.4
16480,2015-02-14,2.7
16481,2015-02-15,0.3
16482,2015-02-16,0.0
16483,2015-02-17,1.1
16484,2015-02-18,0.0
16485,2015-02-19,0.1
16486,2015-02-20,14.7
16487,2015-02-21,4.9
16488,2015-02-22,1.5
16489,2015-02-23,8.0
16490,2015-02-24,1.3
16491,2015-02-25,9.3
16492,2015-02-26,8.2
16493,2015-02-27,0.7
16494,2015-02-28,0.1
16495,2015-03-01,5.2
16496,2015-03-02,3.0
16497,2015-03-03,2.0
16498,2015-03-04,0.3
16499,2015-03-05,0.0
16500,2015-03-06,0.0
16501,2015-03-07,0.0
16502,2015-03-08,0.0
16503,2015-03-09,0.0
16504,2015-03-10,0.5
16505,2015-03-11,0.0
16506,2015-03-12,0.0
16507,2015-03-13,0.0
16508,2015-03-14,0.5
16509,2015-03-15,2.2
16510,2015-03-16,0.0
16511,2015-03-17,0.0
16512,2015-03-18,0.0
16513,2015-03-19,0.5
16514,2015-03-20,0.0
16515,2015-03-21,0.1
16516,2015-03-22,0.7
16517,2015-03-23,0.0
16518,2015-03-24,4.8
16519,2015-03-25,3.5
16520,2015-03-26,4.4
16521,2015-03-27,0.0
16522,2015-03-28,1.0
16523,2015-03-29,6.3
16524,2015-03-30,2.7
16525,2015-03-31,2.3
16526,2015-04-01,0.5
16527,2015-04-02,5.8
16528,2015-04-03,5.2
16529,2015-04-04,0.7
16530,2015-04-05,0.0
16531,2015-04-06,0.0
16532,2015-04-07,0.0
16533,2015-04-08,0.0
16534,2015-04-09,0.0
16535,2015-04-10,0.0
16536,2015-04-11,2.1
16537,2015-04-12,0.0
16538,2015-04-13,0.0
16539,2015-04-14,0.0
16540,2015-04-15,0.0
16541,2015-04-16,0.0
16542,2015-04-17,0.3
16543,2015-04-18,0.0
16544,2015-04-19,0.0
16545,2015-04-20,0.0
16546,2015-04-21,0.0
16547,2015-04-22,0.0
16548,2015-04-23,0.0
16549,2015-04-24,2.3
16550,2015-04-25,6.5
16551,2015-04-26,6.2
16552,2015-04-27,0.0
16553,2015-04-28,0.4
16554,2015-04-29,1.8
16555,2015-04-30,10.3
16556,2015-05-01,2.9
16557,2015-05-02,4.2
16558,2015-05-03,6.8
16559,2015-05-04,20.7
16560,2015-05-05,4.8
16561,2015-05-06,0.7
16562,2015-05-07,0.1
16563,2015-05-08,0.7
16564,2015-05-09,0.3
16565,2015-05-10,0.1
16566,2015-05-11,0.0
16567,2015-05-12,0.0
16568,2015-05-13,0.4
16569,2015-05-14,6.5
16570,2015-05-15,0.2
16571,2015-05-16,0.3
16572,2015-05-17,0.0
16573,2015-05-18,1.9
16574,2015-05-19,2.2
16575,2015-05-20,2.2
16576,2015-05-21,0.4
16577,2015-05-22,0.0
16578,2015-05-23,0.9
16579,2015-05-24,0.2
16580,2015-05-25,1.7
16581,2015-05-26,0.5
16582,2015-05-27,0.0
16583,2015-05-28,0.9
16584,2015-05-29,0.8
16585,2015-05-30,0.2
16586,2015-05-31,4.7
16587,2015-06-01,0.0
16588,2015-06-02,0.2
16589,2015-06-03,0.5
16590,2015-06-04,0.0
16591,2015-06-05,2.1
16592,2015-06-06,0.0
16593,2015-06-07,0.0
16594,2015-06-08,0.0
16595,2015-06-09,0.0
16596,2015-06-10,0.0
16597,2015-06-11,0.2
16598,2015-06-12,0.1
16599,2015-06-13,0.1
16600,2015-06-14,0.0
16601,2015-06-15,0.1
16602,2015-06-16,0.0
16603,2015-06-17,0.0
16604,2015-06-18,1.7
16605,2015-06-19,0.0
16606,2015-06-20,1.6
16607,2015-06-21,0.4
16608,2015-06-22,8.8
16609,2015-06-23,0.5
16610,2015-06-24,0.0
16611,2015-06-25,0.0
16612,2015-06-26,0.2
16613,2015-06-27,0.2
16614,2015-06-28,0.0
16615,2015-06-29,0.0
16616,2015-06-30,0.0
16617,2015-07-01,0.8
16618,2015-07-02,0.0
16619,2015-07-03,0.0
16620,2015-07-04,0.0
16621,2015-07-05,7.0
16622,2015-07-06,0.0
16623,2015-07-07,1.7
16624,2015-07-08,0.9
16625,2015-07-09,0.0
16626,2015-07-10,0.0
16627,2015-07-11,0.0
16628,2015-07-12,0.3
16629,2015-07-13,0.4
16630,2015-07-14,0.2
16631,2015-07-15,0.1
16632,2015-07-16,0.0
16633,2015-07-17,0.0
16634,2015-07-18,1.3
16635,2015-07-19,5.6
16636,2015-07-20,0.8
16637,2015-07-21,0.6
16638,2015-07-22,0.6
16639,2015-07-23,0.0
16640,2015-07-24,2.9
16641,2015-07-25,2.7
16642,2015-07-26,4.5
16643,2015-07-27,1.6
16644,2015-07-28,0.7
16645,2015-07-29,0.2
16646,2015-07-30,0.2
16647,2015-07-31,0.0
16648,2015-08-01,0.0
16649,2015-08-02,0.0
16650,2015-08-03,0.1
16651,2015-08-04,1.2
16652,2015-08-05,0.0
16653,2015-08-06,0.0
16654,2015-08-07,0.4
16655,2015-08-08,0.1
16656,2015-08-09,1.9
16657,2015-08-10,0.0
16658,2015-08-11,0.2
16659,2015-08-12,0.1
16660,2015-08-13,8.4
16661,2015-08-14,3.0
16662,2015-08-15,11.4
16663,2015-08-16,0.4
16664,2015-08-17,0.1
16665,2015-08-18,4.6
16666,2015-08-19,0.5
16667,2015-08-20,1.9
16668,2015-08-21,0.0
16669,2015-08-22,0.0
16670,2015-08-23,6.4
16671,2015-08-24,10.5
16672,2015-08-25,1.9
16673,2015-08-26,0.5
16674,2015-08-27,19.0
16675,2015-08-28,0.3
16676,2015-08-29,0.0
16677,2015-08-30,0.0
16678,2015-08-31,3.1
16679,2015-09-01,3.0
16680,2015-09-02,0.8
16681,2015-09-03,1.3
16682,2015-09-04,0.9
16683,2015-09-05,0.2
16684,2015-09-06,0.4
16685,2015-09-07,0.1
16686,2015-09-08,0.3
16687,2015-09-09,0.0
16688,2015-09-10,0.0
16689,2015-09-11,0.0
16690,2015-09-12,7.9
16691,2015-09-13,6.0
16692,2015-09-14,12.8
16693,2015-09-15,5.0
16694,2015-09-16,15.0
16695,2015-09-17,3.0
16696,2015-09-18,6.5
16697,2015-09-19,0.7
16698,2015-09-20,0.0
16699,2015-09-21,0.9
16700,2015-09-22,5.4
16701,2015-09-23,0.2
16702,2015-09-24,0.7
16703,2015-09-25,0.2
16704,2015-09-26,0.0
16705,2015-09-27,0.0
16706,2015-09-28,0.0
16707,2015-09-29,0.0
16708,2015-09-30,0.0
16709,2015-10-01,0.0
16710,2015-10-02,0.0
16711,2015-10-03,0.0
16712,2015-10-04,0.6
16713,2015-10-05,14.8
16714,2015-10-06,7.5
16715,2015-10-07,1.4
16716,2015-10-08,0.0
16717,2015-10-09,0.1
16718,2015-10-10,0.0
16719,2015-10-11,0.0
16720,2015-10-12,0.0
16721,2015-10-13,0.0
16722,2015-10-14,3.4
16723,2015-10-15,0.8
16724,2015-10-16,3.3
16725,2015-10-17,0.9
16726,2015-10-18,0.0
16727,2015-10-19,0.2
16728,2015-10-20,0.5
16729,2015-10-21,2.4
16730,2015-10-22,1.9
16731,2015-10-23,0.1
16732,2015-10-24,0.1
16733,2015-10-25,0.2
16734,2015-10-26,0.0
16735,2015-10-27,0.9
16736,2015-10-28,8.2
16737,2015-10-29,0.0
16738,2015-10-30,0.0
16739,2015-10-31,0.0
16740,2015-11-01,0.0
16741,2015-11-02,0.0
16742,2015-11-03,0.7
16743,2015-11-04,2.8
16744,2015-11-05,5.4
16745,2015-11-06,5.7
16746,2015-11-07,0.1
16747,2015-11-08,0.1
16748,2015-11-09,0.0
16749,2015-11-10,0.0
16750,2015-11-11,0.3
16751,2015-11-12,0.1
16752,2015-11-13,0.9
16753,2015-11-14,0.9
16754,2015-11-15,0.1
16755,2015-11-16,2.2
16756,2015-11-17,6.7
16757,2015-11-18,0.1
16758,2015-11-19,6.0
16759,2015-11-20,21.2
16760,2015-11-21,3.5
16761,2015-11-22,0.3
16762,2015-11-23,0.0
16763,2015-11-24,8.7
16764,2015-11-25,2.5
16765,2015-11-26,0.5
16766,2015-11-27,0.5
16767,2015-11-28,1.1
16768,2015-11-29,3.8
16769,2015-11-30,1.5
16770,2015-12-01,0.0
16771,2015-12-02,0.0
16772,2015-12-03,0.0
16773,2015-12-04,1.0
16774,2015-12-05,0.0
16775,2015-12-06,0.3
16776,2015-12-07,0.0
16777,2015-12-08,6.9
16778,2015-12-09,0.0
16779,2015-12-10,0.0
16780,2015-12-11,1.6
16781,2015-12-12,0.7
16782,2015-12-13,0.1
16783,2015-12-14,0.4
16784,2015-12-15,11.3
16785,2015-12-16,1.1
16786,2015-12-17,0.2
16787,2015-12-18,0.3
16788,2015-12-19,0.0
16789,2015-12-20,2.0
16790,2015-12-21,0.2
16791,2015-12-22,0.2
16792,2015-12-23,0.2
16793,2015-12-24,1.8
16794,2015-12-25,5.9
16795,2015-12-26,0.0
16796,2015-12-27,0.0
16797,2015-12-28,0.0
16798,2015-12-29,2.1
16799,2015-12-30,0.0
16800,2015-12-31,4.4
16801,2016-01-01,0.9
16802,2016-01-02,4.4
16803,2016-01-03,14.7
16804,2016-01-04,0.1
16805,2016-01-05,0.8
16806,2016-01-06,1.3
16807,2016-01-07,12.3
16808,2016-01-08,0.1
16809,2016-01-09,3.9
16810,2016-01-10,5.4
16811,2016-01-11,6.5
16812,2016-01-12,1.7
16813,2016-01-13,2.3
16814,2016-01-14,5.7
16815,2016-01-15,0.2
16816,2016-01-16,0.1
16817,2016-01-17,0.0
16818,2016-01-18,0.0
16819,2016-01-19,0.0
16820,2016-01-20,0.0
16821,2016-01-21,0.0
16822,2016-01-22,6.8
16823,2016-01-23,0.2
16824,2016-01-24,1.7
16825,2016-01-25,0.0
16826,2016-01-26,0.4
16827,2016-01-27,6.0
16828,2016-01-28,2.1
16829,2016-01-29,0.0
16830,2016-01-30,14.6
16831,2016-01-31,2.3
16832,2016-02-01,0.3
16833,2016-02-02,5.4
16834,2016-02-03,3.3
16835,2016-02-04,3.1
16836,2016-02-05,0.5
16837,2016-02-06,0.1
16838,2016-02-07,3.7
16839,2016-02-08,9.6
16840,2016-02-09,10.4
16841,2016-02-10,3.8
16842,2016-02-11,1.9
16843,2016-02-12,2.0
16844,2016-02-13,8.7
16845,2016-02-14,1.2
16846,2016-02-15,0.2
16847,2016-02-16,0.0
16848,2016-02-17,0.0
16849,2016-02-18,1.3
16850,2016-02-19,0.5
16851,2016-02-20,6.4
16852,2016-02-21,0.3
16853,2016-02-22,6.7
16854,2016-02-23,6.1
16855,2016-02-24,0.3
16856,2016-02-25,0.2
16857,2016-02-26,0.0
16858,2016-02-27,0.0
16859,2016-02-28,0.0
16860,2016-02-29,0.0
16861,2016-03-01,3.3
16862,2016-03-02,3.8
16863,2016-03-03,2.9
16864,2016-03-04,13.0
16865,2016-03-05,9.1
16866,2016-03-06,0.9
16867,2016-03-07,3.9
16868,2016-03-08,0.4
16869,2016-03-09,7.8
16870,2016-03-10,0.1
16871,2016-03-11,0.0
16872,2016-03-12,0.0
16873,2016-03-13,0.0
16874,2016-03-14,0.0
16875,2016-03-15,0.0
16876,2016-03-16,0.1
16877,2016-03-17,0.0
16878,2016-03-18,0.0
16879,2016-03-19,0.2
16880,2016-03-20,0.0
16881,2016-03-21,0.2
16882,2016-03-22,0.0
16883,2016-03-23,0.0
16884,2016-03-24,0.2
16885,2016-03-25,6.6
16886,2016-03-26,0.1
16887,2016-03-27,8.7
16888,2016-03-28,11.9
16889,2016-03-29,2.6
16890,2016-03-30,3.0
16891,2016-03-31,10.4
16892,2016-04-01,0.0
16893,2016-04-02,2.2
16894,2016-04-03,5.3
16895,2016-04-04,5.4
16896,2016-04-05,1.5
16897,2016-04-06,1.1
16898,2016-04-07,2.6
16899,2016-04-08,1.4
16900,2016-04-09,2.4
16901,2016-04-10,0.0
16902,2016-04-11,5.2
16903,2016-04-12,1.6
16904,2016-04-13,7.5
16905,2016-04-14,4.9
16906,2016-04-15,0.6
16907,2016-04-16,3.5
16908,2016-04-17,1.2
16909,2016-04-18,0.0
16910,2016-04-19,0.1
16911,2016-04-20,0.0
16912,2016-04-21,0.1
16913,2016-04-22,0.6
16914,2016-04-23,0.8
16915,2016-04-24,5.6
16916,2016-04-25,5.5
16917,2016-04-26,3.0
16918,2016-04-27,1.7
16919,2016-04-28,0.6
16920,2016-04-29,9.3
16921,2016-04-30,6.4
16922,2016-05-01,0.0
16923,2016-05-02,0.1
16924,2016-05-03,0.8
16925,2016-05-04,0.0
16926,2016-05-05,0.0
16927,2016-05-06,0.0
16928,2016-05-07,0.0
16929,2016-05-08,0.3
16930,2016-05-09,3.5
16931,2016-05-10,12.3
16932,2016-05-11,3.5
16933,2016-05-12,11.2
16934,2016-05-13,4.7
16935,2016-05-14,0.0
16936,2016-05-15,0.8
16937,2016-05-16,3.5
16938,2016-05-17,0.2
16939,2016-05-18,3.7
16940,2016-05-19,5.2
16941,2016-05-20,1.3
16942,2016-05-21,1.0
16943,2016-05-22,26.6
16944,2016-05-23,10.4
16945,2016-05-24,0.3
16946,2016-05-25,0.1
16947,2016-05-26,0.7
16948,2016-05-27,10.5
16949,2016-05-28,1.4
16950,2016-05-29,15.1
16951,2016-05-30,30.0
16952,2016-05-31,15.0
16953,2016-06-01,1.8
16954,2016-06-02,1.3
16955,2016-06-03,1.1
16956,2016-06-04,2.9
16957,2016-06-05,5.6
16958,2016-06-06,10.0
16959,2016-06-07,15.0
16960,2016-06-08,0.5
16961,2016-06-09,0.0
16962,2016-06-10,0.0
16963,2016-06-11,2.1
16964,2016-06-12,2.7
16965,2016-06-13,1.8
16966,2016-06-14,4.8
16967,2016-06-15,5.2
16968,2016-06-16,8.7
16969,2016-06-17,7.0
16970,2016-06-18,6.5
16971,2016-06-19,0.2
16972,2016-06-20,10.6
16973,2016-06-21,1.4
16974,2016-06-22,1.1
16975,2016-06-23,2.4
16976,2016-06-24,0.0
16977,2016-06-25,0.5
16978,2016-06-26,2.2
16979,2016-06-27,2.3
16980,2016-06-28,0.2
16981,2016-06-29,0.0
16982,2016-06-30,3.1
16983,2016-07-01,2.1
16984,2016-07-02,0.6
16985,2016-07-03,0.2
16986,2016-07-04,1.0
16987,2016-07-05,0.3
16988,2016-07-06,0.2
16989,2016-07-07,0.0
16990,2016-07-08,0.1
16991,2016-07-09,0.0
16992,2016-07-10,0.1
16993,2016-07-11,0.7
16994,2016-07-12,0.7
16995,2016-07-13,8.0
16996,2016-07-14,2.5
16997,2016-07-15,0.1
16998,2016-07-16,0.3
16999,2016-07-17,0.2
17000,2016-07-18,0.0
17001,2016-07-19,0.0
17002,2016-07-20,0.4
17003,2016-07-21,0.8
17004,2016-07-22,1.4
17005,2016-07-23,0.2
17006,2016-07-24,0.0
17007,2016-07-25,0.4
17008,2016-07-26,0.1
17009,2016-07-27,0.3
17010,2016-07-28,2.2
17011,2016-07-29,2.7
17012,2016-07-30,0.2
17013,2016-07-31,0.6
17014,2016-08-01,0.2
17015,2016-08-02,8.4
17016,2016-08-03,4.9
17017,2016-08-04,1.1
17018,2016-08-05,0.8
17019,2016-08-06,0.3
17020,2016-08-07,0.0
17021,2016-08-08,0.3
17022,2016-08-09,0.0
17023,2016-08-10,0.5
17024,2016-08-11,0.1
17025,2016-08-12,0.0
17026,2016-08-13,0.0
17027,2016-08-14,0.0
17028,2016-08-15,0.0
17029,2016-08-16,0.0
17030,2016-08-17,0.1
17031,2016-08-18,2.1
17032,2016-08-19,3.1
17033,2016-08-20,0.3
17034,2016-08-21,0.9
17035,2016-08-22,0.0
17036,2016-08-23,0.0
17037,2016-08-24,0.0
17038,2016-08-25,0.0
17039,2016-08-26,0.0
17040,2016-08-27,0.0
17041,2016-08-28,0.0
17042,2016-08-29,0.5
17043,2016-08-30,0.0
17044,2016-08-31,0.0
17045,2016-09-01,0.1
17046,2016-09-02,0.5
17047,2016-09-03,0.0
17048,2016-09-04,1.8
17049,2016-09-05,2.3
17050,2016-09-06,0.0
17051,2016-09-07,0.0
17052,2016-09-08,0.0
17053,2016-09-09,0.0
17054,2016-09-10,0.0
17055,2016-09-11,1.0
17056,2016-09-12,0.1
17057,2016-09-13,0.0
17058,2016-09-14,0.2
17059,2016-09-15,1.1
17060,2016-09-16,8.7
17061,2016-09-17,1.6
17062,2016-09-18,0.5
17063,2016-09-19,0.3
17064,2016-09-20,0.2
17065,2016-09-21,0.0
17066,2016-09-22,0.1
17067,2016-09-23,0.3
17068,2016-09-24,0.0
17069,2016-09-25,1.7
17070,2016-09-26,0.0
17071,2016-09-27,0.1
17072,2016-09-28,0.1
17073,2016-09-29,0.4
17074,2016-09-30,3.1
17075,2016-10-01,0.4
17076,2016-10-02,0.4
17077,2016-10-03,0.0
17078,2016-10-04,0.0
17079,2016-10-05,0.0
17080,2016-10-06,0.0
17081,2016-10-07,0.1
17082,2016-10-08,0.3
17083,2016-10-09,0.0
17084,2016-10-10,2.4
17085,2016-10-11,0.0
17086,2016-10-12,0.0
17087,2016-10-13,2.4
17088,2016-10-14,10.4
17089,2016-10-15,1.1
17090,2016-10-16,2.0
17091,2016-10-17,0.3
17092,2016-10-18,1.5
17093,2016-10-19,1.0
17094,2016-10-20,0.3
17095,2016-10-21,0.4
17096,2016-10-22,0.0
17097,2016-10-23,6.8
17098,2016-10-24,5.5
17099,2016-10-25,0.1
17100,2016-10-26,0.1
17101,2016-10-27,0.2
17102,2016-10-28,0.2
17103,2016-10-29,0.1
17104,2016-10-30,0.0
17105,2016-10-31,0.0
17106,2016-11-01,0.0
17107,2016-11-02,0.1
17108,2016-11-03,0.0
17109,2016-11-04,5.5
17110,2016-11-05,0.4
17111,2016-11-06,0.1
17112,2016-11-07,0.2
17113,2016-11-08,0.7
17114,2016-11-09,11.9
17115,2016-11-10,5.6
17116,2016-11-11,0.1
17117,2016-11-12,5.7
17118,2016-11-13,0.8
17119,2016-11-14,0.3
17120,2016-11-15,2.6
17121,2016-11-16,2.5
17122,2016-11-17,1.9
17123,2016-11-18,4.7
17124,2016-11-19,0.1
17125,2016-11-20,8.8
17126,2016-11-21,4.7
17127,2016-11-22,0.0
17128,2016-11-23,4.6
17129,2016-11-24,0.0
17130,2016-11-25,0.0
17131,2016-11-26,0.1
17132,2016-11-27,0.0
17133,2016-11-28,0.0
17134,2016-11-29,0.0
17135,2016-11-30,0.0
17136,2016-12-01,0.0
17137,2016-12-02,0.1
17138,2016-12-03,0.0
17139,2016-12-04,0.0
17140,2016-12-05,0.0
17141,2016-12-06,0.0
17142,2016-12-07,0.0
17143,2016-12-08,0.0
17144,2016-12-09,0.0
17145,2016-12-10,0.0
17146,2016-12-11,0.6
17147,2016-12-12,0.4
17148,2016-12-13,1.3
17149,2016-12-14,0.0
17150,2016-12-15,0.0
17151,2016-12-16,0.0
17152,2016-12-17,0.1
17153,2016-12-18,0.3
17154,2016-12-19,0.2
17155,2016-12-20,0.2
17156,2016-12-21,3.5
17157,2016-12-22,11.9
17158,2016-12-23,0.0
17159,2016-12-24,0.1
17160,2016-12-25,0.2
17161,2016-12-26,0.6
17162,2016-12-27,0.0
17163,2016-12-28,0.0
17164,2016-12-29,0.0
17165,2016-12-30,0.0
17166,2016-12-31,0.1
17167,2017-01-01,0.3
17168,2017-01-02,0.9
17169,2017-01-03,0.0
17170,2017-01-04,1.0
17171,2017-01-05,0.1
17172,2017-01-06,0.0
17173,2017-01-07,0.3
17174,2017-01-08,0.4
17175,2017-01-09,3.7
17176,2017-01-10,2.1
17177,2017-01-11,0.9
17178,2017-01-12,9.0
17179,2017-01-13,4.0
17180,2017-01-14,1.3
17181,2017-01-15,2.5
17182,2017-01-16,0.2
17183,2017-01-17,0.0
17184,2017-01-18,0.0
17185,2017-01-19,0.0
17186,2017-01-20,0.0
17187,2017-01-21,0.0
17188,2017-01-22,0.0
17189,2017-01-23,0.0
17190,2017-01-24,0.1
17191,2017-01-25,0.0
17192,2017-01-26,0.0
17193,2017-01-27,0.5
17194,2017-01-28,0.7
17195,2017-01-29,7.3
17196,2017-01-30,3.5
17197,2017-01-31,0.7
17198,2017-02-01,0.7
17199,2017-02-02,3.3
17200,2017-02-03,2.4
17201,2017-02-04,10.0
17202,2017-02-05,3.9
17203,2017-02-06,0.8
17204,2017-02-07,5.9
17205,2017-02-08,0.6
17206,2017-02-09,0.1
17207,2017-02-10,0.9
17208,2017-02-11,1.4
17209,2017-02-12,1.9
17210,2017-02-13,0.0
17211,2017-02-14,0.0
17212,2017-02-15,0.7
17213,2017-02-16,2.3
17214,2017-02-17,0.6
17215,2017-02-18,0.0
17216,2017-02-19,0.1
17217,2017-02-20,0.5
17218,2017-02-21,0.3
17219,2017-02-22,0.1
17220,2017-02-23,1.0
17221,2017-02-24,0.9
17222,2017-02-25,0.0
17223,2017-02-26,0.2
17224,2017-02-27,7.0
17225,2017-02-28,5.8
17226,2017-03-01,6.9
17227,2017-03-02,0.2
17228,2017-03-03,1.9
17229,2017-03-04,16.0
17230,2017-03-05,9.3
17231,2017-03-06,1.8
17232,2017-03-07,1.2
17233,2017-03-08,6.0
17234,2017-03-09,3.6
17235,2017-03-10,0.0
17236,2017-03-11,0.0
17237,2017-03-12,0.0
17238,2017-03-13,0.0
17239,2017-03-14,0.1
17240,2017-03-15,0.2
17241,2017-03-16,0.0
17242,2017-03-17,0.5
17243,2017-03-18,4.3
17244,2017-03-19,1.0
17245,2017-03-20,0.0
17246,2017-03-21,1.1
17247,2017-03-22,0.4
17248,2017-03-23,2.9
17249,2017-03-24,1.0
17250,2017-03-25,0.0
17251,2017-03-26,0.0
17252,2017-03-27,0.0
17253,2017-03-28,0.4
17254,2017-03-29,0.0
17255,2017-03-30,0.0
17256,2017-03-31,0.1
17257,2017-04-01,1.4
17258,2017-04-02,0.1
17259,2017-04-03,0.0
17260,2017-04-04,0.2
17261,2017-04-05,0.1
17262,2017-04-06,0.1
17263,2017-04-07,0.0
17264,2017-04-08,0.0
17265,2017-04-09,0.0
17266,2017-04-10,0.0
17267,2017-04-11,0.0
17268,2017-04-12,0.0
17269,2017-04-13,0.1
17270,2017-04-14,0.0
17271,2017-04-15,2.1
17272,2017-04-16,0.4
17273,2017-04-17,2.3
17274,2017-04-18,1.4
17275,2017-04-19,0.0
17276,2017-04-20,0.0
17277,2017-04-21,0.0
17278,2017-04-22,0.5
17279,2017-04-23,0.0
17280,2017-04-24,0.0
17281,2017-04-25,0.6
17282,2017-04-26,1.6
17283,2017-04-27,0.6
17284,2017-04-28,2.3
17285,2017-04-29,0.0
17286,2017-04-30,8.0
17287,2017-05-01,1.1
17288,2017-05-02,0.5
17289,2017-05-03,2.3
17290,2017-05-04,2.5
17291,2017-05-05,0.1
17292,2017-05-06,5.3
17293,2017-05-07,4.0
17294,2017-05-08,0.2
17295,2017-05-09,0.0
17296,2017-05-10,0.0
17297,2017-05-11,3.1
17298,2017-05-12,5.7
17299,2017-05-13,0.3
17300,2017-05-14,0.9
17301,2017-05-15,0.0
17302,2017-05-16,0.0
17303,2017-05-17,4.6
17304,2017-05-18,24.3
17305,2017-05-19,3.4
17306,2017-05-20,0.3
17307,2017-05-21,0.0
17308,2017-05-22,0.0
17309,2017-05-23,0.0
17310,2017-05-24,0.3
17311,2017-05-25,0.0
17312,2017-05-26,0.0
17313,2017-05-27,0.8
17314,2017-05-28,0.5
17315,2017-05-29,1.0
17316,2017-05-30,0.3
17317,2017-05-31,0.0
17318,2017-06-01,0.0
17319,2017-06-02,3.0
17320,2017-06-03,0.6
17321,2017-06-04,0.5
17322,2017-06-05,0.2
17323,2017-06-06,10.3
17324,2017-06-07,0.9
17325,2017-06-08,0.2
17326,2017-06-09,11.1
17327,2017-06-10,0.0
17328,2017-06-11,0.1
17329,2017-06-12,0.0
17330,2017-06-13,0.0
17331,2017-06-14,0.0
17332,2017-06-15,0.6
17333,2017-06-16,0.0
17334,2017-06-17,0.1
17335,2017-06-18,0.0
17336,2017-06-19,0.0
17337,2017-06-20,0.0
17338,2017-06-21,0.1
17339,2017-06-22,0.1
17340,2017-06-23,0.0
17341,2017-06-24,0.0
17342,2017-06-25,0.2
17343,2017-06-26,0.0
17344,2017-06-27,2.2
17345,2017-06-28,2.7
17346,2017-06-29,0.4
17347,2017-06-30,5.1
17348,2017-07-01,7.7
17349,2017-07-02,1.6
17350,2017-07-03,0.0
17351,2017-07-04,0.0
17352,2017-07-05,0.0
17353,2017-07-06,0.3
17354,2017-07-07,0.1
17355,2017-07-08,0.0
17356,2017-07-09,2.3
17357,2017-07-10,15.3
17358,2017-07-11,1.1
17359,2017-07-12,3.6
17360,2017-07-13,0.0
17361,2017-07-14,0.6
17362,2017-07-15,0.2
17363,2017-07-16,0.1
17364,2017-07-17,0.0
17365,2017-07-18,0.3
17366,2017-07-19,5.5
17367,2017-07-20,1.1
17368,2017-07-21,0.1
17369,2017-07-22,3.9
17370,2017-07-23,1.7
17371,2017-07-24,2.1
17372,2017-07-25,1.4
17373,2017-07-26,0.7
17374,2017-07-27,0.6
17375,2017-07-28,0.1
17376,2017-07-29,0.0
17377,2017-07-30,0.0
17378,2017-07-31,0.7
17379,2017-08-01,0.7
17380,2017-08-02,4.3
17381,2017-08-03,1.3
17382,2017-08-04,0.8
17383,2017-08-05,2.7
17384,2017-08-06,0.0
17385,2017-08-07,0.0
17386,2017-08-08,12.0
17387,2017-08-09,7.5
17388,2017-08-10,1.7
17389,2017-08-11,1.0
17390,2017-08-12,4.3
17391,2017-08-13,0.1
17392,2017-08-14,0.0
17393,2017-08-15,6.6
17394,2017-08-16,0.0
17395,2017-08-17,5.9
17396,2017-08-18,8.7
17397,2017-08-19,0.7
17398,2017-08-20,0.1
17399,2017-08-21,0.9
17400,2017-08-22,0.0
17401,2017-08-23,0.6
17402,2017-08-24,0.5
17403,2017-08-25,11.4
17404,2017-08-26,0.6
17405,2017-08-27,0.5
17406,2017-08-28,0.0
17407,2017-08-29,0.0
17408,2017-08-30,3.5
17409,2017-08-31,1.8
17410,2017-09-01,6.8
17411,2017-09-02,0.3
17412,2017-09-03,0.2
17413,2017-09-04,1.1
17414,2017-09-05,0.4
17415,2017-09-06,0.7
17416,2017-09-07,3.0
17417,2017-09-08,11.9
17418,2017-09-09,4.5
17419,2017-09-10,0.8
17420,2017-09-11,0.5
17421,2017-09-12,0.9
17422,2017-09-13,7.2
17423,2017-09-14,2.5
17424,2017-09-15,1.9
17425,2017-09-16,0.3
17426,2017-09-17,6.4
17427,2017-09-18,4.8
17428,2017-09-19,0.7
17429,2017-09-20,0.1
17430,2017-09-21,0.0
17431,2017-09-22,0.2
17432,2017-09-23,0.0
17433,2017-09-24,0.0
17434,2017-09-25,0.3
17435,2017-09-26,0.1
17436,2017-09-27,0.2
17437,2017-09-28,3.2
17438,2017-09-29,2.0
17439,2017-09-30,2.4
17440,2017-10-01,1.5
17441,2017-10-02,4.7
17442,2017-10-03,4.3
17443,2017-10-04,0.0
17444,2017-10-05,1.6
17445,2017-10-06,0.3
17446,2017-10-07,0.8
17447,2017-10-08,0.8
17448,2017-10-09,0.0
17449,2017-10-10,0.6
17450,2017-10-11,0.2
17451,2017-10-12,0.3
17452,2017-10-13,0.0
17453,2017-10-14,0.0
17454,2017-10-15,0.0
17455,2017-10-16,0.0
17456,2017-10-17,0.0
17457,2017-10-18,0.0
17458,2017-10-19,0.5
17459,2017-10-20,2.5
17460,2017-10-21,1.0
17461,2017-10-22,3.7
17462,2017-10-23,1.8
17463,2017-10-24,4.1
17464,2017-10-25,0.0
17465,2017-10-26,0.0
17466,2017-10-27,0.7
17467,2017-10-28,0.0
17468,2017-10-29,0.9
17469,2017-10-30,0.2
17470,2017-10-31,0.0
17471,2017-11-01,0.0
17472,2017-11-02,0.2
17473,2017-11-03,0.1
17474,2017-11-04,2.1
17475,2017-11-05,1.3
17476,2017-11-06,0.0
17477,2017-11-07,0.0
17478,2017-11-08,0.6
17479,2017-11-09,0.4
17480,2017-11-10,1.2
17481,2017-11-11,13.6
17482,2017-11-12,15.6
17483,2017-11-13,0.6
17484,2017-11-14,0.0
17485,2017-11-15,0.4
17486,2017-11-16,0.0
17487,2017-11-17,0.0
17488,2017-11-18,2.3
17489,2017-11-19,2.2
17490,2017-11-20,0.6
17491,2017-11-21,0.7
17492,2017-11-22,0.0
17493,2017-11-23,3.4
17494,2017-11-24,4.9
17495,2017-11-25,3.4
17496,2017-11-26,0.4
17497,2017-11-27,12.9
17498,2017-11-28,7.8
17499,2017-11-29,0.6
17500,2017-11-30,1.2
17501,2017-12-01,0.5
17502,2017-12-02,0.0
17503,2017-12-03,1.6
17504,2017-12-04,0.0
17505,2017-12-05,0.1
17506,2017-12-06,0.0
17507,2017-12-07,5.2
17508,2017-12-08,0.9
17509,2017-12-09,0.1
17510,2017-12-10,12.7
17511,2017-12-11,11.5
17512,2017-12-12,0.1
17513,2017-12-13,11.6
17514,2017-12-14,4.2
17515,2017-12-15,3.6
17516,2017-12-16,0.4
17517,2017-12-17,3.8
17518,2017-12-18,4.1
17519,2017-12-19,0.0
17520,2017-12-20,0.3
17521,2017-12-21,0.8
17522,2017-12-22,0.6
17523,2017-12-23,0.4
17524,2017-12-24,0.6
17525,2017-12-25,0.3
17526,2017-12-26,6.0
17527,2017-12-27,5.6
17528,2017-12-28,0.2
17529,2017-12-29,5.4
17530,2017-12-30,6.8
17531,2017-12-31,3.1
17532,2018-01-01,6.9
17533,2018-01-02,2.4
17534,2018-01-03,6.1
17535,2018-01-04,13.8
17536,2018-01-05,2.6
17537,2018-01-06,0.9
17538,2018-01-07,1.3
17539,2018-01-08,0.1
17540,2018-01-09,0.5
17541,2018-01-10,3.2
17542,2018-01-11,0.2
17543,2018-01-12,0.1
17544,2018-01-13,0.0
17545,2018-01-14,0.0
17546,2018-01-15,9.7
17547,2018-01-16,10.3
17548,2018-01-17,3.3
17549,2018-01-18,5.1
17550,2018-01-19,3.0
17551,2018-01-20,6.3
17552,2018-01-21,16.3
17553,2018-01-22,10.0
17554,2018-01-23,0.8
17555,2018-01-24,0.8
17556,2018-01-25,6.0
17557,2018-01-26,0.1
17558,2018-01-27,0.5
17559,2018-01-28,0.8
17560,2018-01-29,0.6
17561,2018-01-30,2.1
17562,2018-01-31,10.8
17563,2018-02-01,1.1
17564,2018-02-02,2.2
17565,2018-02-03,5.4
17566,2018-02-04,3.1
17567,2018-02-05,0.5
17568,2018-02-06,9.5
17569,2018-02-07,3.3
17570,2018-02-08,0.0
17571,2018-02-09,5.0
17572,2018-02-10,2.5
17573,2018-02-11,3.8
17574,2018-02-12,0.1
17575,2018-02-13,0.6
17576,2018-02-14,2.5
17577,2018-02-15,7.2
17578,2018-02-16,0.0
17579,2018-02-17,0.3
17580,2018-02-18,0.0
17581,2018-02-19,4.1
17582,2018-02-20,0.6
17583,2018-02-21,0.0
17584,2018-02-22,0.0
17585,2018-02-23,0.0
17586,2018-02-24,0.0
17587,2018-02-25,0.0
17588,2018-02-26,0.1
17589,2018-02-27,0.1
17590,2018-02-28,0.1
17591,2018-03-01,0.9
17592,2018-03-02,1.7
17593,2018-03-03,0.1
17594,2018-03-04,3.7
17595,2018-03-05,0.0
17596,2018-03-06,0.4
17597,2018-03-07,4.2
17598,2018-03-08,5.8
17599,2018-03-09,4.5
17600,2018-03-10,8.0
17601,2018-03-11,8.8
17602,2018-03-12,4.9
17603,2018-03-13,3.5
17604,2018-03-14,0.0
17605,2018-03-15,4.1
17606,2018-03-16,0.8
17607,2018-03-17,4.1
17608,2018-03-18,2.3
17609,2018-03-19,0.9
17610,2018-03-20,0.2
17611,2018-03-21,0.0
17612,2018-03-22,0.3
17613,2018-03-23,0.3
17614,2018-03-24,0.0
17615,2018-03-25,0.1
17616,2018-03-26,0.4
17617,2018-03-27,7.6
17618,2018-03-28,10.4
17619,2018-03-29,2.7
17620,2018-03-30,4.4
17621,2018-03-31,2.3
17622,2018-04-01,0.9
17623,2018-04-02,7.6
17624,2018-04-03,4.2
17625,2018-04-04,5.1
17626,2018-04-05,1.0
17627,2018-04-06,0.0
17628,2018-04-07,0.5
17629,2018-04-08,0.3
17630,2018-04-09,8.0
17631,2018-04-10,0.2
17632,2018-04-11,0.0
17633,2018-04-12,4.4
17634,2018-04-13,0.0
17635,2018-04-14,4.2
17636,2018-04-15,1.7
17637,2018-04-16,0.4
17638,2018-04-17,0.0
17639,2018-04-18,0.0
17640,2018-04-19,0.0
17641,2018-04-20,0.0
17642,2018-04-21,0.0
17643,2018-04-22,0.2
17644,2018-04-23,0.0
17645,2018-04-24,0.0
17646,2018-04-25,0.6
17647,2018-04-26,0.4
17648,2018-04-27,0.2
17649,2018-04-28,0.6
17650,2018-04-29,22.3
17651,2018-04-30,14.9
17652,2018-05-01,0.8
17653,2018-05-02,1.0
17654,2018-05-03,0.0
17655,2018-05-04,0.0
17656,2018-05-05,0.0
17657,2018-05-06,0.0
17658,2018-05-07,0.0
17659,2018-05-08,0.0
17660,2018-05-09,0.0
17661,2018-05-10,0.7
17662,2018-05-11,0.0
17663,2018-05-12,5.3
17664,2018-05-13,4.1
17665,2018-05-14,3.1
17666,2018-05-15,1.1
17667,2018-05-16,3.2
17668,2018-05-17,0.0
17669,2018-05-18,0.0
17670,2018-05-19,0.0
17671,2018-05-20,0.0
17672,2018-05-21,0.3
17673,2018-05-22,1.8
17674,2018-05-23,0.9
17675,2018-05-24,4.2
17676,2018-05-25,1.2
17677,2018-05-26,0.1
17678,2018-05-27,2.2
17679,2018-05-28,0.1
17680,2018-05-29,0.4
17681,2018-05-30,5.2
17682,2018-05-31,1.4
17683,2018-06-01,6.9
17684,2018-06-02,0.5
17685,2018-06-03,0.0
17686,2018-06-04,0.3
17687,2018-06-05,0.2
17688,2018-06-06,2.5
17689,2018-06-07,0.2
17690,2018-06-08,0.2
17691,2018-06-09,0.0
17692,2018-06-10,1.7
17693,2018-06-11,16.9
17694,2018-06-12,19.3
17695,2018-06-13,0.7
17696,2018-06-14,2.2
17697,2018-06-15,0.0
17698,2018-06-16,0.0
17699,2018-06-17,0.1
17700,2018-06-18,0.7
17701,2018-06-19,0.3
17702,2018-06-20,0.0
17703,2018-06-21,0.2
17704,2018-06-22,0.0
17705,2018-06-23,0.0
17706,2018-06-24,0.0
17707,2018-06-25,0.0
17708,2018-06-26,0.0
17709,2018-06-27,0.0
17710,2018-06-28,0.0
17711,2018-06-29,0.0
17712,2018-06-30,0.0
17713,2018-07-01,0.0
17714,2018-07-02,0.0
17715,2018-07-03,2.2
17716,2018-07-04,0.5
17717,2018-07-05,0.4
17718,2018-07-06,0.0
17719,2018-07-07,0.0
17720,2018-07-08,0.0
17721,2018-07-09,0.0
17722,2018-07-10,0.9
17723,2018-07-11,0.7
17724,2018-07-12,0.5
17725,2018-07-13,0.4
17726,2018-07-14,0.0
17727,2018-07-15,0.2
17728,2018-07-16,0.3
17729,2018-07-17,0.1
17730,2018-07-18,0.0
17731,2018-07-19,0.0
17732,2018-07-20,2.6
17733,2018-07-21,1.1
17734,2018-07-22,0.0
17735,2018-07-23,0.0
17736,2018-07-24,0.0
17737,2018-07-25,0.3
17738,2018-07-26,0.0
17739,2018-07-27,1.9
17740,2018-07-28,0.2
17741,2018-07-29,0.6
17742,2018-07-30,0.6
17743,2018-07-31,0.4
17744,2018-08-01,0.0
17745,2018-08-02,0.0
17746,2018-08-03,0.0
17747,2018-08-04,0.0
17748,2018-08-05,0.0
17749,2018-08-06,0.0
17750,2018-08-07,0.2
17751,2018-08-08,0.0
17752,2018-08-09,12.4
17753,2018-08-10,0.1
17754,2018-08-11,0.1
17755,2018-08-12,0.5
17756,2018-08-13,13.1
17757,2018-08-14,0.5
17758,2018-08-15,0.1
17759,2018-08-16,3.0
17760,2018-08-17,10.2
17761,2018-08-18,0.0
17762,2018-08-19,0.0
17763,2018-08-20,0.9
17764,2018-08-21,0.2
17765,2018-08-22,0.0
17766,2018-08-23,0.3
17767,2018-08-24,0.2
17768,2018-08-25,2.6
17769,2018-08-26,4.8
17770,2018-08-27,1.1
17771,2018-08-28,0.0
17772,2018-08-29,11.2
17773,2018-08-30,0.5
17774,2018-08-31,2.0
17775,2018-09-01,0.0
17776,2018-09-02,0.0
17777,2018-09-03,0.1
17778,2018-09-04,2.4
17779,2018-09-05,0.4
17780,2018-09-06,1.7
17781,2018-09-07,0.6
17782,2018-09-08,0.0
17783,2018-09-09,0.0
17784,2018-09-10,0.0
17785,2018-09-11,0.0
17786,2018-09-12,0.0
17787,2018-09-13,1.1
17788,2018-09-14,0.0
17789,2018-09-15,0.1
17790,2018-09-16,0.0
17791,2018-09-17,0.0
17792,2018-09-18,0.3
17793,2018-09-19,0.0
17794,2018-09-20,0.0
17795,2018-09-21,7.8
17796,2018-09-22,9.9
17797,2018-09-23,8.3
17798,2018-09-24,0.0
17799,2018-09-25,0.0
17800,2018-09-26,0.0
17801,2018-09-27,0.0
17802,2018-09-28,0.1
17803,2018-09-29,0.0
17804,2018-09-30,0.0
17805,2018-10-01,0.4
17806,2018-10-02,1.6
17807,2018-10-03,0.2
17808,2018-10-04,0.0
17809,2018-10-05,0.0
17810,2018-10-06,1.8
17811,2018-10-07,1.0
17812,2018-10-08,0.0
17813,2018-10-09,0.0
17814,2018-10-10,0.2
17815,2018-10-11,1.1
17816,2018-10-12,0.0
17817,2018-10-13,0.0
17818,2018-10-14,0.0
17819,2018-10-15,0.0
17820,2018-10-16,0.0
17821,2018-10-17,0.0
17822,2018-10-18,0.0
17823,2018-10-19,0.0
17824,2018-10-20,0.0
17825,2018-10-21,0.0
17826,2018-10-22,0.1
17827,2018-10-23,0.0
17828,2018-10-24,0.2
17829,2018-10-25,0.1
17830,2018-10-26,1.2
17831,2018-10-27,0.6
17832,2018-10-28,0.0
17833,2018-10-29,0.2
17834,2018-10-30,20.3
17835,2018-10-31,1.7
17836,2018-11-01,2.2
17837,2018-11-02,0.0
17838,2018-11-03,0.0
17839,2018-11-04,0.0
17840,2018-11-05,0.1
17841,2018-11-06,0.2
17842,2018-11-07,2.7
17843,2018-11-08,0.2
17844,2018-11-09,0.2
17845,2018-11-10,13.8
17846,2018-11-11,5.9
17847,2018-11-12,9.7
17848,2018-11-13,0.0
17849,2018-11-14,0.0
17850,2018-11-15,0.0
17851,2018-11-16,0.0
17852,2018-11-17,0.0
17853,2018-11-18,0.0
17854,2018-11-19,0.5
17855,2018-11-20,1.8
17856,2018-11-21,0.1
17857,2018-11-22,1.3
17858,2018-11-23,1.1
17859,2018-11-24,9.1
17860,2018-11-25,5.8
17861,2018-11-26,2.6
17862,2018-11-27,2.2
17863,2018-11-28,8.6
17864,2018-11-29,1.8
17865,2018-11-30,0.1
17866,2018-12-01,8.5
17867,2018-12-02,9.9
17868,2018-12-03,9.6
17869,2018-12-04,1.2
17870,2018-12-05,2.6
17871,2018-12-06,0.6
17872,2018-12-07,6.2
17873,2018-12-08,5.0
17874,2018-12-09,7.7
17875,2018-12-10,0.3
17876,2018-12-11,0.1
17877,2018-12-12,0.0
17878,2018-12-13,0.0
17879,2018-12-14,0.0
17880,2018-12-15,9.2
17881,2018-12-16,0.8
17882,2018-12-17,0.6
17883,2018-12-18,1.1
17884,2018-12-19,3.6
17885,2018-12-20,0.4
17886,2018-12-21,8.0
17887,2018-12-22,1.2
17888,2018-12-23,14.0
17889,2018-12-24,4.3
17890,2018-12-25,0.0
17891,2018-12-26,0.0
17892,2018-12-27,0.0
17893,2018-12-28,0.1
17894,2018-12-29,0.4
17895,2018-12-30,0.1
17896,2018-12-31,0.6
17897,2019-01-01,0.4
17898,2019-01-02,0.1
17899,2019-01-03,0.1
17900,2019-01-04,0.1
17901,2019-01-05,0.4
17902,2019-01-06,0.5
17903,2019-01-07,0.3
17904,2019-01-08,0.5
17905,2019-01-09,1.2
17906,2019-01-10,0.3
17907,2019-01-11,2.6
17908,2019-01-12,1.8
17909,2019-01-13,1.4
17910,2019-01-14,0.5
17911,2019-01-15,0.2
17912,2019-01-16,1.1
17913,2019-01-17,3.5
17914,2019-01-18,0.0
17915,2019-01-19,1.5
17916,2019-01-20,0.3
17917,2019-01-21,0.0
17918,2019-01-22,7.2
17919,2019-01-23,3.3
17920,2019-01-24,1.1
17921,2019-01-25,0.9
17922,2019-01-26,1.3
17923,2019-01-27,6.0
17924,2019-01-28,0.1
17925,2019-01-29,3.0
17926,2019-01-30,12.3
17927,2019-01-31,3.8
17928,2019-02-01,8.5
17929,2019-02-02,5.6
17930,2019-02-03,0.5
17931,2019-02-04,2.3
17932,2019-02-05,0.1
17933,2019-02-06,4.4
17934,2019-02-07,2.9
17935,2019-02-08,2.9
17936,2019-02-09,3.0
17937,2019-02-10,20.6
17938,2019-02-11,0.1
17939,2019-02-12,0.0
17940,2019-02-13,0.0
17941,2019-02-14,0.0
17942,2019-02-15,0.0
17943,2019-02-16,0.0
17944,2019-02-17,0.0
17945,2019-02-18,0.0
17946,2019-02-19,0.7
17947,2019-02-20,0.0
17948,2019-02-21,0.0
17949,2019-02-22,0.0
17950,2019-02-23,0.0
17951,2019-02-24,0.0
17952,2019-02-25,0.0
17953,2019-02-26,0.0
17954,2019-02-27,0.0
17955,2019-02-28,2.5
17956,2019-03-01,4.2
17957,2019-03-02,1.3
17958,2019-03-03,0.6
17959,2019-03-04,7.1
17960,2019-03-05,3.1
17961,2019-03-06,7.3
17962,2019-03-07,11.0
17963,2019-03-08,1.9
17964,2019-03-09,4.2
17965,2019-03-10,5.3
17966,2019-03-11,2.0
17967,2019-03-12,3.6
17968,2019-03-13,2.8
17969,2019-03-14,9.8
17970,2019-03-15,4.6
17971,2019-03-16,0.2
17972,2019-03-17,4.7
17973,2019-03-18,1.1
17974,2019-03-19,0.0
17975,2019-03-20,0.0
17976,2019-03-21,0.0
17977,2019-03-22,0.0
17978,2019-03-23,0.1
17979,2019-03-24,0.2
17980,2019-03-25,0.1
17981,2019-03-26,0.0
17982,2019-03-27,0.0
17983,2019-03-28,0.1
17984,2019-03-29,0.0
17985,2019-03-30,0.0
17986,2019-03-31,0.1
17987,2019-04-01,0.0
17988,2019-04-02,6.4
17989,2019-04-03,2.9
17990,2019-04-04,0.2
17991,2019-04-05,0.0
17992,2019-04-06,0.1
17993,2019-04-07,0.5
17994,2019-04-08,0.9
17995,2019-04-09,5.4
17996,2019-04-10,3.1
17997,2019-04-11,0.0
17998,2019-04-12,0.0
17999,2019-04-13,0.1
18000,2019-04-14,0.1
18001,2019-04-15,0.0
18002,2019-04-16,0.8
18003,2019-04-17,0.0
18004,2019-04-18,0.0
18005,2019-04-19,0.2
18006,2019-04-20,0.0
18007,2019-04-21,0.0
18008,2019-04-22,0.0
18009,2019-04-23,0.0
18010,2019-04-24,0.7
18011,2019-04-25,8.1
18012,2019-04-26,0.4
18013,2019-04-27,3.1
18014,2019-04-28,6.1
18015,2019-04-29,0.0
18016,2019-04-30,0.0
18017,2019-05-01,0.1
18018,2019-05-02,4.9
18019,2019-05-03,4.0
18020,2019-05-04,6.5
18021,2019-05-05,0.9
18022,2019-05-06,0.5
18023,2019-05-07,0.0
18024,2019-05-08,12.9
18025,2019-05-09,6.2
18026,2019-05-10,12.1
18027,2019-05-11,9.3
18028,2019-05-12,0.0
18029,2019-05-13,0.0
18030,2019-05-14,0.0
18031,2019-05-15,0.0
18032,2019-05-16,0.0
18033,2019-05-17,0.6
18034,2019-05-18,2.4
18035,2019-05-19,3.8
18036,2019-05-20,2.4
18037,2019-05-21,1.0
18038,2019-05-22,0.0
18039,2019-05-23,0.0
18040,2019-05-24,0.3
18041,2019-05-25,3.9
18042,2019-05-26,0.3
18043,2019-05-27,0.9
18044,2019-05-28,4.0
18045,2019-05-29,0.8
18046,2019-05-30,1.1
18047,2019-05-31,0.0
18048,2019-06-01,0.0
18049,2019-06-02,0.1
18050,2019-06-03,0.5
18051,2019-06-04,8.5
18052,2019-06-05,17.8
18053,2019-06-06,1.3
18054,2019-06-07,4.6
18055,2019-06-08,0.6
18056,2019-06-09,0.9
18057,2019-06-10,1.7
18058,2019-06-11,2.1
18059,2019-06-12,6.4
18060,2019-06-13,1.6
18061,2019-06-14,5.2
18062,2019-06-15,7.5
18063,2019-06-16,0.8
18064,2019-06-17,0.0
18065,2019-06-18,0.2
18066,2019-06-19,3.7
18067,2019-06-20,2.5
18068,2019-06-21,0.0
18069,2019-06-22,0.0
18070,2019-06-23,0.0
18071,2019-06-24,0.0
18072,2019-06-25,0.0
18073,2019-06-26,0.0
18074,2019-06-27,0.0
18075,2019-06-28,0.0
18076,2019-06-29,0.0
18077,2019-06-30,0.0
18078,2019-07-01,0.0
18079,2019-07-02,0.0
18080,2019-07-03,0.0
18081,2019-07-04,0.0
18082,2019-07-05,0.0
18083,2019-07-06,0.3
18084,2019-07-07,0.1
18085,2019-07-08,0.0
18086,2019-07-09,0.0
18087,2019-07-10,0.0
18088,2019-07-11,1.0
18089,2019-07-12,0.8
18090,2019-07-13,0.2
18091,2019-07-14,0.1
18092,2019-07-15,0.0
18093,2019-07-16,0.0
18094,2019-07-17,0.0
18095,2019-07-18,3.5
18096,2019-07-19,0.0
18097,2019-07-20,7.1
18098,2019-07-21,0.0
18099,2019-07-22,0.0
18100,2019-07-23,0.0
18101,2019-07-24,0.0
18102,2019-07-25,1.5
18103,2019-07-26,0.2
18104,2019-07-27,37.7
18105,2019-07-28,0.6
18106,2019-07-29,0.0
18107,2019-07-30,0.0
18108,2019-07-31,0.4
18109,2019-08-01,0.4
18110,2019-08-02,0.3
18111,2019-08-03,0.1
18112,2019-08-04,0.0
18113,2019-08-05,0.1
18114,2019-08-06,6.5
18115,2019-08-07,0.3
18116,2019-08-08,0.2
18117,2019-08-09,23.3
18118,2019-08-10,0.0
18119,2019-08-11,0.2
18120,2019-08-12,3.5
18121,2019-08-13,3.6
18122,2019-08-14,3.5
18123,2019-08-15,1.0
18124,2019-08-16,0.1
18125,2019-08-17,7.5
18126,2019-08-18,13.9
18127,2019-08-19,0.1
18128,2019-08-20,0.1
18129,2019-08-21,0.0
18130,2019-08-22,0.0
18131,2019-08-23,0.0
18132,2019-08-24,0.0
18133,2019-08-25,0.0
18134,2019-08-26,0.0
18135,2019-08-27,0.0
18136,2019-08-28,7.3
18137,2019-08-29,3.7
18138,2019-08-30,0.0
18139,2019-08-31,0.0
18140,2019-09-01,0.1
18141,2019-09-02,0.0
18142,2019-09-03,0.0
18143,2019-09-04,1.1
18144,2019-09-05,0.2
18145,2019-09-06,0.6
18146,2019-09-07,2.2
18147,2019-09-08,0.4
18148,2019-09-09,0.0
18149,2019-09-10,0.0
18150,2019-09-11,0.0
18151,2019-09-12,0.7
18152,2019-09-13,0.2
18153,2019-09-14,0.0
18154,2019-09-15,0.0
18155,2019-09-16,0.1
18156,2019-09-17,0.0
18157,2019-09-18,0.0
18158,2019-09-19,0.0
18159,2019-09-20,0.0
18160,2019-09-21,0.0
18161,2019-09-22,5.1
18162,2019-09-23,0.4
18163,2019-09-24,6.4
18164,2019-09-25,4.5
18165,2019-09-26,4.0
18166,2019-09-27,1.3
18167,2019-09-28,0.4
18168,2019-09-29,2.2
18169,2019-09-30,2.1
18170,2019-10-01,5.4
18171,2019-10-02,1.5
18172,2019-10-03,0.0
18173,2019-10-04,5.7
18174,2019-10-05,0.8
18175,2019-10-06,2.8
18176,2019-10-07,0.5
18177,2019-10-08,8.5
18178,2019-10-09,4.0
18179,2019-10-10,1.0
18180,2019-10-11,0.0
18181,2019-10-12,0.2
18182,2019-10-13,0.4
18183,2019-10-14,3.5
18184,2019-10-15,12.0
18185,2019-10-16,19.9
18186,2019-10-17,1.0
18187,2019-10-18,1.7
18188,2019-10-19,5.5
18189,2019-10-20,14.3
18190,2019-10-21,1.5
18191,2019-10-22,0.1
18192,2019-10-23,0.1
18193,2019-10-24,0.3
18194,2019-10-25,0.1
18195,2019-10-26,0.2
18196,2019-10-27,12.8
18197,2019-10-28,0.0
18198,2019-10-29,0.6
18199,2019-10-30,0.2
18200,2019-10-31,0.7
18201,2019-11-01,11.6
18202,2019-11-02,5.1
18203,2019-11-03,13.4
18204,2019-11-04,6.0
18205,2019-11-05,0.9
18206,2019-11-06,3.6
18207,2019-11-07,10.9
18208,2019-11-08,0.0
18209,2019-11-09,0.5
18210,2019-11-10,0.3
18211,2019-11-11,3.9
18212,2019-11-12,3.0
18213,2019-11-13,0.7
18214,2019-11-14,7.1
18215,2019-11-15,8.4
18216,2019-11-16,0.1
18217,2019-11-17,0.0
18218,2019-11-18,5.9
18219,2019-11-19,0.0
18220,2019-11-20,0.0
18221,2019-11-21,1.2
18222,2019-11-22,0.3
18223,2019-11-23,6.2
18224,2019-11-24,0.1
18225,2019-11-25,1.9
18226,2019-11-26,4.7
18227,2019-11-27,7.2
18228,2019-11-28,2.8
18229,2019-11-29,1.8
18230,2019-11-30,0.0
18231,2019-12-01,5.8
18232,2019-12-02,0.1
18233,2019-12-03,0.0
18234,2019-12-04,0.0
18235,2019-12-05,0.2
18236,2019-12-06,5.9
18237,2019-12-07,0.4
18238,2019-12-08,4.8
18239,2019-12-09,4.3
18240,2019-12-10,0.5
18241,2019-12-11,7.6
18242,2019-12-12,7.2
18243,2019-12-13,7.3
18244,2019-12-14,2.1
18245,2019-12-15,2.5
18246,2019-12-16,6.0
18247,2019-12-17,1.8
18248,2019-12-18,0.0
18249,2019-12-19,6.3
18250,2019-12-20,12.5
18251,2019-12-21,5.7
18252,2019-12-22,4.5
18253,2019-12-23,0.8
18254,2019-12-24,4.2
18255,2019-12-25,1.2
18256,2019-12-26,10.8
18257,2019-12-27,7.9
18258,2019-12-28,0.0
18259,2019-12-29,0.0
18260,2019-12-30,0.0
18261,2019-12-31,0.0
18262,2020-01-01,0.1
18263,2020-01-02,0.2
18264,2020-01-03,1.9
18265,2020-01-04,0.1
18266,2020-01-05,0.2
18267,2020-01-06,0.0
18268,2020-01-07,0.1
18269,2020-01-08,0.4
18270,2020-01-09,3.9
18271,2020-01-10,2.2
18272,2020-01-11,0.0
18273,2020-01-12,0.5
18274,2020-01-13,0.7
18275,2020-01-14,3.1
18276,2020-01-15,0.5
18277,2020-01-16,0.0
18278,2020-01-17,1.9
18279,2020-01-18,0.1
18280,2020-01-19,0.1
18281,2020-01-20,0.0
18282,2020-01-21,0.0
18283,2020-01-22,0.0
18284,2020-01-23,0.0
18285,2020-01-24,0.0
18286,2020-01-25,0.1
18287,2020-01-26,1.9
18288,2020-01-27,10.5
18289,2020-01-28,5.4
18290,2020-01-29,0.9
18291,2020-01-30,4.0
18292,2020-01-31,1.0
18293,2020-02-01,17.8
18294,2020-02-02,6.2
18295,2020-02-03,20.6
18296,2020-02-04,1.9
18297,2020-02-05,0.2
18298,2020-02-06,0.0
18299,2020-02-07,0.0
18300,2020-02-08,1.1
18301,2020-02-09,4.9
18302,2020-02-10,9.9
18303,2020-02-11,1.4
18304,2020-02-12,0.7
18305,2020-02-13,9.1
18306,2020-02-14,0.1
18307,2020-02-15,1.3
18308,2020-02-16,13.9
18309,2020-02-17,1.7
18310,2020-02-18,1.5
18311,2020-02-19,5.6
18312,2020-02-20,3.0
18313,2020-02-21,0.0
18314,2020-02-22,0.1
18315,2020-02-23,4.2
18316,2020-02-24,2.4
18317,2020-02-25,5.8
18318,2020-02-26,3.8
18319,2020-02-27,11.7
18320,2020-02-28,3.4
18321,2020-02-29,3.4
18322,2020-03-01,10.8
18323,2020-03-02,12.2
18324,2020-03-03,1.1
18325,2020-03-04,3.6
18326,2020-03-05,17.9
18327,2020-03-06,3.8
18328,2020-03-07,0.1
18329,2020-03-08,2.2
18330,2020-03-09,2.0
18331,2020-03-10,5.9
18332,2020-03-11,0.1
18333,2020-03-12,1.3
18334,2020-03-13,0.2
18335,2020-03-14,2.0
18336,2020-03-15,0.1
18337,2020-03-16,0.0
18338,2020-03-17,0.0
18339,2020-03-18,0.0
18340,2020-03-19,1.9
18341,2020-03-20,0.9
18342,2020-03-21,0.6
18343,2020-03-22,0.0
18344,2020-03-23,0.0
18345,2020-03-24,0.0
18346,2020-03-25,0.0
18347,2020-03-26,0.0
18348,2020-03-27,0.0
18349,2020-03-28,0.0
18350,2020-03-29,0.3
18351,2020-03-30,0.0
18352,2020-04-01,0.0
18353,2020-04-02,0.1
18354,2020-04-03,0.7
18355,2020-04-04,0.0
18356,2020-04-05,0.0
18357,2020-04-06,0.2
18358,2020-04-07,0.0
18359,2020-04-08,0.0
18360,2020-04-09,0.0
18361,2020-04-10,0.0
18362,2020-04-11,0.0
18363,2020-04-12,0.7
18364,2020-04-13,0.1
18365,2020-04-14,0.0
18366,2020-04-15,0.0
18367,2020-04-16,0.0
18368,2020-04-17,0.4
18369,2020-04-18,7.2
18370,2020-04-19,0.0
18371,2020-04-20,0.0
18372,2020-04-21,0.0
18373,2020-04-22,0.0
18374,2020-04-23,0.0
18375,2020-04-24,0.0
18376,2020-04-25,0.0
18377,2020-04-26,0.0
18378,2020-04-27,1.0
18379,2020-04-28,3.1
18380,2020-04-29,6.2
18381,2020-05-01,4.3
18382,2020-05-02,0.3
18383,2020-05-03,1.0
18384,2020-05-04,0.4
18385,2020-05-05,1.8
18386,2020-05-06,0.0
18387,2020-05-07,0.0
18388,2020-05-08,0.1
18389,2020-05-09,0.1
18390,2020-05-10,7.9
18391,2020-05-11,0.6
18392,2020-05-12,0.0
18393,2020-05-13,0.0
18394,2020-05-14,0.0
18395,2020-05-15,0.0
18396,2020-05-16,0.0
18397,2020-05-17,0.0
18398,2020-05-18,0.0
18399,2020-05-19,0.0
18400,2020-05-20,0.0
18401,2020-05-21,0.0
18402,2020-05-22,2.9
18403,2020-05-23,1.6
18404,2020-05-24,0.2
18405,2020-05-25,0.0
18406,2020-05-26,0.0
18407,2020-05-27,0.0
18408,2020-05-28,0.0
18409,2020-05-29,0.0
18410,2020-05-30,0.0
18411,2020-05-31,0.0
18412,2020-06-01,0.0
18413,2020-06-02,0.0
18414,2020-06-03,0.4
18415,2020-06-04,2.4
18416,2020-06-05,0.6
18417,2020-06-06,0.7
18418,2020-06-07,0.3
18419,2020-06-08,3.6
18420,2020-06-09,0.7
18421,2020-06-10,0.0
18422,2020-06-11,1.0
18423,2020-06-12,7.8
18424,2020-06-13,0.1
18425,2020-06-14,0.1
18426,2020-06-15,0.8
18427,2020-06-16,2.7
18428,2020-06-17,2.2
18429,2020-06-18,1.6
18430,2020-06-19,1.3
18431,2020-06-20,0.3
18432,2020-06-21,1.0
18433,2020-06-22,0.0
18434,2020-06-23,0.0
18435,2020-06-24,0.0
18436,2020-06-25,0.0
18437,2020-06-26,0.4
18438,2020-06-27,6.2
18439,2020-06-28,0.6
18440,2020-06-29,1.9
18441,2020-06-30,0.1
18442,2020-07-01,8.8
18443,2020-07-02,1.4
18444,2020-07-03,0.3
18445,2020-07-04,0.2
18446,2020-07-05,0.4
18447,2020-07-06,0.2
18448,2020-07-07,0.0
18449,2020-07-08,0.1
18450,2020-07-09,0.0
18451,2020-07-10,1.3
18452,2020-07-11,0.0
18453,2020-07-12,0.0
18454,2020-07-13,0.0
18455,2020-07-14,4.7
18456,2020-07-15,0.6
18457,2020-07-16,0.4
18458,2020-07-17,0.4
18459,2020-07-18,0.0
18460,2020-07-19,0.0
18461,2020-07-20,0.0
18462,2020-07-21,0.0
18463,2020-07-22,0.0
18464,2020-07-23,0.0
18465,2020-07-24,1.2
18466,2020-07-25,3.1
18467,2020-07-26,3.1
18468,2020-07-27,0.0
18469,2020-07-28,0.2
18470,2020-07-29,0.0
18471,2020-07-30,0.0
18472,2020-07-31,1.3
18473,2020-08-01,0.1
18474,2020-08-02,0.0
18475,2020-08-03,1.7
18476,2020-08-04,0.0
18477,2020-08-05,0.0
18478,2020-08-06,0.0
18479,2020-08-07,0.0
18480,2020-08-08,0.5
18481,2020-08-09,1.3
18482,2020-08-10,0.9
18483,2020-08-11,0.0
18484,2020-08-12,1.9
18485,2020-08-13,3.7
18486,2020-08-14,3.0
18487,2020-08-15,0.4
18488,2020-08-16,5.8
18489,2020-08-17,0.4
18490,2020-08-18,0.6
18491,2020-08-19,8.3
18492,2020-08-20,0.6
18493,2020-08-21,8.3
18494,2020-08-22,0.3
18495,2020-08-23,0.5
18496,2020-08-24,1.4
18497,2020-08-25,1.6
18498,2020-08-26,0.1
18499,2020-08-27,1.2
18500,2020-08-28,4.4
18501,2020-08-29,4.9
18502,2020-08-30,6.4
18503,2020-08-31,0.1
18504,2020-09-01,0.1
18505,2020-09-02,0.0
18506,2020-09-03,0.0
18507,2020-09-04,0.2
18508,2020-09-05,0.2
18509,2020-09-06,0.1
18510,2020-09-07,0.0
18511,2020-09-08,0.0
18512,2020-09-09,0.1
18513,2020-09-10,0.0
18514,2020-09-11,0.0
18515,2020-09-12,0.0
18516,2020-09-13,0.0
18517,2020-09-14,0.0
18518,2020-09-15,0.0
18519,2020-09-16,0.5
18520,2020-09-17,0.0
18521,2020-09-18,0.0
18522,2020-09-19,0.3
18523,2020-09-20,0.2
18524,2020-09-21,0.0
18525,2020-09-22,0.0
18526,2020-09-23,4.3
18527,2020-09-24,3.8
18528,2020-09-25,5.0
18529,2020-09-26,3.0
18530,2020-09-27,19.2
18531,2020-09-28,10.8
18532,2020-09-29,1.7
18533,2020-09-30,0.9
18534,2020-10-01,8.3
18535,2020-10-02,27.5
18536,2020-10-03,1.3
18537,2020-10-04,3.8
18538,2020-10-05,10.9
18539,2020-10-06,4.1
18540,2020-10-07,1.5
18541,2020-10-08,2.2
18542,2020-10-09,3.4
18543,2020-10-10,0.2
18544,2020-10-11,1.1
18545,2020-10-12,0.8
18546,2020-10-13,11.5
18547,2020-10-14,0.9
18548,2020-10-15,0.2
18549,2020-10-16,0.1
18550,2020-10-17,0.2
18551,2020-10-18,0.3
18552,2020-10-19,0.0
18553,2020-10-20,9.6
18554,2020-10-21,8.3
18555,2020-10-22,5.0
18556,2020-10-23,5.3
18557,2020-10-24,0.5
18558,2020-10-25,8.9
18559,2020-10-26,0.2
18560,2020-10-27,4.9
18561,2020-10-28,4.2
18562,2020-10-29,1.3
18563,2020-10-30,0.3
18564,2020-11-01,3.8
18565,2020-11-02,3.1
18566,2020-11-03,0.1
18567,2020-11-04,0.0
18568,2020-11-05,0.0
18569,2020-11-06,0.0
18570,2020-11-07,0.0
18571,2020-11-08,0.2
18572,2020-11-09,0.0
18573,2020-11-10,5.3
18574,2020-11-11,0.1
18575,2020-11-12,0.1
18576,2020-11-13,3.5
18577,2020-11-14,1.0
18578,2020-11-15,7.9
18579,2020-11-16,0.3
18580,2020-11-17,0.0
18581,2020-11-18,0.2
18582,2020-11-19,2.0
18583,2020-11-20,0.0
18584,2020-11-21,0.0
18585,2020-11-22,0.0
18586,2020-11-23,1.3
18587,2020-11-24,0.0
18588,2020-11-25,0.0
18589,2020-11-26,0.0
18590,2020-11-27,0.6
18591,2020-11-28,0.0
18592,2020-11-29,0.0
18593,2020-12-01,2.0
18594,2020-12-02,0.5
18595,2020-12-03,10.2
18596,2020-12-04,2.1
18597,2020-12-05,0.3
18598,2020-12-06,0.1
18599,2020-12-07,0.2
18600,2020-12-08,0.0
18601,2020-12-09,0.0
18602,2020-12-10,0.0
18603,2020-12-11,12.7
18604,2020-12-12,1.3
18605,2020-12-13,1.2
18606,2020-12-14,9.4
18607,2020-12-15,10.8
18608,2020-12-16,0.2
18609,2020-12-17,3.5
18610,2020-12-18,0.0
18611,2020-12-19,1.5
18612,2020-12-20,0.3
18613,2020-12-21,5.6
18614,2020-12-22,5.6
18615,2020-12-23,23.7
18616,2020-12-24,6.6
18617,2020-12-25,0.7
18618,2020-12-26,0.1
18619,2020-12-27,13.5
18620,2020-12-28,5.0
18621,2020-12-29,1.4
18622,2020-12-30,2.0
18623,2020-12-31,9.0
18624,2021-01-01,0.2
18625,2021-01-02,0.0
18626,2021-01-03,0.4
18627,2021-01-04,0.7
18628,2021-01-05,0.7
18629,2021-01-06,0.4
18630,2021-01-07,0.5
18631,2021-01-08,0.1
18632,2021-01-09,0.0
18633,2021-01-10,0.0
18634,2021-01-11,0.1
18635,2021-01-12,12.6
18636,2021-01-13,8.4
18637,2021-01-14,23.9
18638,2021-01-15,0.3
18639,2021-01-16,8.6
18640,2021-01-17,0.8
18641,2021-01-18,0.1
18642,2021-01-19,4.2
18643,2021-01-20,0.2
18644,2021-01-21,13.1
18645,2021-01-22,2.1
18646,2021-01-23,5.2
18647,2021-01-24,3.6
18648,2021-01-25,0.6
18649,2021-01-26,1.5
18650,2021-01-27,8.3
18651,2021-01-28,14.2
18652,2021-01-29,6.9
18653,2021-01-30,14.2
18654,2021-02-01,1.1
18655,2021-02-02,3.6
18656,2021-02-03,7.7
18657,2021-02-04,2.2
18658,2021-02-05,0.1
18659,2021-02-06,9.0
18660,2021-02-07,1.5
18661,2021-02-08,0.2
18662,2021-02-09,0.1
18663,2021-02-10,0.0
18664,2021-02-11,0.0
18665,2021-02-12,0.0
18666,2021-02-13,0.0
18667,2021-02-14,0.0
18668,2021-02-15,1.0
18669,2021-02-16,2.6
18670,2021-02-17,0.1
18671,2021-02-18,9.2
18672,2021-02-19,0.0
18673,2021-02-20,0.0
18674,2021-02-21,0.0
18675,2021-02-22,0.5
18676,2021-02-23,0.1
18677,2021-02-24,0.0
18678,2021-02-25,1.0
18679,2021-02-26,2.7
18680,2021-02-27,0.0
18681,2021-03-01,0.0
18682,2021-03-02,0.0
18683,2021-03-03,2.6
18684,2021-03-04,3.3
18685,2021-03-05,0.1
18686,2021-03-06,0.0
18687,2021-03-07,0.0
18688,2021-03-08,0.0
18689,2021-03-09,0.9
18690,2021-03-10,1.0
18691,2021-03-11,3.1
18692,2021-03-12,3.3
18693,2021-03-13,7.0
18694,2021-03-14,4.0
18695,2021-03-15,3.7
18696,2021-03-16,5.1
18697,2021-03-17,3.1
18698,2021-03-18,3.6
18699,2021-03-19,0.5
18700,2021-03-20,0.0
18701,2021-03-21,0.3
18702,2021-03-22,0.0
18703,2021-03-23,0.0
18704,2021-03-24,0.0
18705,2021-03-25,2.6
18706,2021-03-26,3.6
18707,2021-03-27,1.2
18708,2021-03-28,0.0
18709,2021-03-29,0.0
18710,2021-03-30,0.0
18711,2021-03-31,0.0
18712,2021-04-01,0.0
18713,2021-04-02,0.0
18714,2021-04-03,0.0
18715,2021-04-04,0.0
18716,2021-04-05,1.5
18717,2021-04-06,1.4
18718,2021-04-07,0.0
18719,2021-04-08,0.1
18720,2021-04-09,4.4
18721,2021-04-10,15.6
18722,2021-04-11,2.9
18723,2021-04-12,1.9
18724,2021-04-13,0.0
18725,2021-04-14,0.4
18726,2021-04-15,1.1
18727,2021-04-16,0.2
18728,2021-04-17,0.0
18729,2021-04-18,0.0
18730,2021-04-19,0.0
18731,2021-04-20,0.4
18732,2021-04-21,0.5
18733,2021-04-22,0.0
18734,2021-04-23,0.0
18735,2021-04-24,0.0
18736,2021-04-25,0.0
18737,2021-04-26,0.0
18738,2021-04-27,0.0
18739,2021-04-28,2.4
18740,2021-04-29,1.5
18741,2021-04-30,0.3
18742,2021-05-01,0.9
18743,2021-05-02,1.2
18744,2021-05-03,0.5
18745,2021-05-04,1.1
18746,2021-05-05,1.2
18747,2021-05-06,6.7
18748,2021-05-07,0.0
18749,2021-05-08,0.9
18750,2021-05-09,5.8
18751,2021-05-10,7.4
18752,2021-05-11,3.5
18753,2021-05-12,0.3
18754,2021-05-13,1.9
18755,2021-05-14,3.0
18756,2021-05-15,3.8
18757,2021-05-16,6.5
18758,2021-05-17,3.7
18759,2021-05-18,3.8
18760,2021-05-19,10.4
18761,2021-05-20,0.0
18762,2021-05-21,1.2
18763,2021-05-22,0.0
18764,2021-05-23,3.25
18765,2021-05-24,8.2
18766,2021-05-25,5.6
18767,2021-05-26,8.4
18768,2021-05-27,0.1
18769,2021-05-28,0.0
18770,2021-05-29,0.0
18771,2021-05-30,0.0
18772,2021-05-31,0.0
18773,2021-06-01,0.0
18774,2021-06-02,1.6
18775,2021-06-03,0.9
18776,2021-06-04,6.6
18777,2021-06-05,0.7
18778,2021-06-06,0.0
18779,2021-06-07,0.0
18780,2021-06-08,0.0
18781,2021-06-09,0.0
18782,2021-06-10,0.0
18783,2021-06-11,0.0
18784,2021-06-12,0.0
18785,2021-06-13,0.0
18786,2021-06-14,0.0
18787,2021-06-15,0.0
18788,2021-06-16,1.0
18789,2021-06-17,6.9
18790,2021-06-18,2.5
18791,2021-06-19,8.4
18792,2021-06-20,1.65
18793,2021-06-21,17.9
18794,2021-06-22,12.5
18795,2021-06-23,1.0
18796,2021-06-24,0.2
18797,2021-06-25,1.8
18798,2021-06-26,7.0
18799,2021-06-27,0.5
18800,2021-06-28,0.2
18801,2021-06-29,4.85
18802,2021-06-30,0.0
18803,2021-07-01,0.5
18804,2021-07-02,0.4
18805,2021-07-03,0.0
18806,2021-07-04,9.0
18807,2021-07-05,3.8
18808,2021-07-06,1.5
18809,2021-07-07,0.2
18810,2021-07-08,3.2
18811,2021-07-09,0.3
18812,2021-07-10,10.6
18813,2021-07-11,0.6
18814,2021-07-12,19.4
18815,2021-07-13,21.8
18816,2021-07-14,5.8
18817,2021-07-15,1.9
18818,2021-07-16,0.6
18819,2021-07-17,0.0
18820,2021-07-18,0.0
18821,2021-07-19,0.2
18822,2021-07-20,0.0
18823,2021-07-21,0.0
18824,2021-07-22,0.0
18825,2021-07-23,0.0
18826,2021-07-24,1.6
18827,2021-07-25,4.7
18828,2021-07-26,7.5
18829,2021-07-27,4.3
18830,2021-07-28,0.2
18831,2021-07-29,0.0
18832,2021-07-30,0.0
18833,2021-07-31,0.0
18834,2021-08-01,0.4
18835,2021-08-02,11.5
18836,2021-08-03,12.8
18837,2021-08-04,1.5
18838,2021-08-05,1.3
18839,2021-08-06,1.5
18840,2021-08-07,10.7
18841,2021-08-08,0.9
18842,2021-08-09,6.5
18843,2021-08-10,6.9
18844,2021-08-11,0.0
18845,2021-08-12,0.3
18846,2021-08-13,0.0
18847,2021-08-14,0.0
18848,2021-08-15,0.0
18849,2021-08-16,0.9
18850,2021-08-17,0.45
18851,2021-08-18,1.4
18852,2021-08-19,0.4
18853,2021-08-20,0.3
18854,2021-08-21,4.2
18855,2021-08-22,3.1
18856,2021-08-23,0.0
18857,2021-08-24,0.0
18858,2021-08-25,0.0
18859,2021-08-26,0.3
18860,2021-08-27,0.0
18861,2021-08-28,0.5
18862,2021-08-29,0.6
18863,2021-08-30,1.0
18864,2021-08-31,0.0
18865,2021-09-01,0.0
18866,2021-09-02,0.0
18867,2021-09-03,0.0
18868,2021-09-04,2.5
18869,2021-09-05,0.1
18870,2021-09-06,0.0
18871,2021-09-07,0.0
18872,2021-09-08,0.0
18873,2021-09-09,3.7
18874,2021-09-10,3.3
18875,2021-09-11,0.0
18876,2021-09-12,0.0
18877,2021-09-13,0.0
18878,2021-09-14,19.2
18879,2021-09-15,25.2
18880,2021-09-16,0.2
18881,2021-09-17,0.2
18882,2021-09-18,0.0
18883,2021-09-19,0.4
18884,2021-09-20,1.5
18885,2021-09-21,0.0
18886,2021-09-22,0.0
18887,2021-09-23,0.0
18888,2021-09-24,0.0
18889,2021-09-25,0.03
18890,2021-09-26,3.3
18891,2021-09-27,2.0
18892,2021-09-28,0.0
18893,2021-09-29,5.9
18894,2021-09-30,0.0
18895,2021-10-01,0.3
18896,2021-10-02,11.9
18897,2021-10-03,25.5
18898,2021-10-04,0.3
18899,2021-10-05,12.4
18900,2021-10-06,0.6
18901,2021-10-07,0.0
18902,2021-10-08,0.0
18903,2021-10-09,0.0
18904,2021-10-10,0.0
18905,2021-10-11,0.1
18906,2021-10-12,0.5
18907,2021-10-13,0.0
18908,2021-10-14,0.0
18909,2021-10-15,0.3
18910,2021-10-16,0.0
18911,2021-10-17,0.0
18912,2021-10-18,7.7
18913,2021-10-19,5.5
18914,2021-10-20,7.7
18915,2021-10-21,3.7
18916,2021-10-22,0.1
18917,2021-10-23,0.0
18918,2021-10-24,0.0
18919,2021-10-25,1.4
18920,2021-10-26,0.1
18921,2021-10-27,0.0
18922,2021-10-28,0.0
18923,2021-10-29,3.4
18924,2021-10-30,0.0
18925,2021-10-31,0.0
18926,2021-11-01,0.9
18927,2021-11-02,3.2
18928,2021-11-03,2.0
18929,2021-11-04,7.0
18930,2021-11-05,3.8
18931,2021-11-06,0.0
18932,2021-11-07,0.9
18933,2021-11-08,0.0
18934,2021-11-09,0.0
18935,2021-11-10,0.0
18936,2021-11-11,0.1
18937,2021-11-12,0.0
18938,2021-11-13,1.3
18939,2021-11-14,1.1
18940,2021-11-15,0.1
18941,2021-11-16,0.4
18942,2021-11-17,0.0
18943,2021-11-18,0.1
18944,2021-11-19,0.3
18945,2021-11-20,0.5
18946,2021-11-21,3.5
18947,2021-11-22,0.0
18948,2021-11-23,0.0
18949,2021-11-24,0.0
18950,2021-11-25,0.3
18951,2021-11-26,6.1
18952,2021-11-27,5.5
18953,2021-11-28,3.5
18954,2021-11-29,0.03
18955,2021-11-30,1.48
18956,2021-12-01,6.1
18957,2021-12-02,1.0
18958,2021-12-03,0.0
18959,2021-12-04,12.0
18960,2021-12-05,4.2
18961,2021-12-06,3.1
18962,2021-12-07,8.9
18963,2021-12-08,0.5
18964,2021-12-09,11.65
18965,2021-12-10,13.2
18966,2021-12-11,0.2
18967,2021-12-12,2.3
18968,2021-12-13,0.03
18969,2021-12-15,0.3
18970,2021-12-16,0.3
18971,2021-12-17,0.0
18972,2021-12-18,0.0
18973,2021-12-19,0.2
18974,2021-12-20,0.2
18975,2021-12-21,0.0
18976,2021-12-22,0.0
18977,2021-12-23,0.0
18978,2021-12-24,8.0
18979,2021-12-25,2.6
18980,2021-12-26,3.8
18981,2021-12-27,5.1
18982,2021-12-28,6.0
18983,2021-12-29,6.3
18984,2021-12-30,0.2
18985,2021-12-31,0.0
18986,2022-01-01,0.03
18987,2022-01-02,2.0
18988,2022-01-03,12.6
18989,2022-01-04,14.6
18990,2022-01-05,0.0
18991,2022-01-06,0.1
18992,2022-01-07,10.0
18993,2022-01-08,11.0
18994,2022-01-09,3.1
18995,2022-01-10,0.0
18996,2022-01-11,0.0
18997,2022-01-12,0.0
18998,2022-01-13,0.0
18999,2022-01-14,0.0
19000,2022-01-15,0.0
19001,2022-01-16,2.0
19002,2022-01-17,0.0
19003,2022-01-18,0.1
19004,2022-01-19,1.3
19005,2022-01-20,0.9
19006,2022-01-21,0.2
19007,2022-01-22,0.1
19008,2022-01-23,0.4
19009,2022-01-24,0.0
19010,2022-01-25,0.3
19011,2022-01-26,0.5
19012,2022-01-27,0.8
19013,2022-01-28,0.0
19014,2022-01-29,1.0
19015,2022-01-30,0.1
19016,2022-01-31,0.13
19017,2022-02-01,1.1
19018,2022-02-02,0.2
19019,2022-02-03,0.1
19020,2022-02-04,0.6
19021,2022-02-05,0.0
19022,2022-02-06,10.9
19023,2022-02-07,0.0
19024,2022-02-08,0.3
19025,2022-02-09,0.0
19026,2022-02-10,5.6
19027,2022-02-11,0.0
19028,2022-02-12,0.0
19029,2022-02-13,0.0
19030,2022-02-14,4.4
19031,2022-02-15,2.9
19032,2022-02-16,6.4
19033,2022-02-17,1.4
19034,2022-02-18,2.6
19035,2022-02-19,0.5
19036,2022-02-20,3.7
19037,2022-02-21,2.0
19038,2022-02-22,0.8
19039,2022-02-23,0.1
19040,2022-02-24,2.2
19041,2022-02-25,0.4
19042,2022-02-26,0.0
19043,2022-02-27,0.0
19044,2022-02-28,0.0
19045,2022-03-01,0.1
19046,2022-03-02,3.8
19047,2022-03-03,0.2
19048,2022-03-04,0.0
19049,2022-03-05,0.0
19050,2022-03-06,0.0
19051,2022-03-07,0.0
19052,2022-03-08,0.0
19053,2022-03-09,0.0
19054,2022-03-10,0.0
19055,2022-03-11,3.6
19056,2022-03-12,4.5
19057,2022-03-13,4.0
19058,2022-03-14,0.0
19059,2022-03-15,4.3
19060,2022-03-16,3.4
19061,2022-03-17,0.1
19062,2022-03-18,0.0
19063,2022-03-19,0.0
19064,2022-03-20,0.08
19065,2022-03-21,0.7
19066,2022-03-22,0.0
19067,2022-03-23,0.0
19068,2022-03-24,0.0
19069,2022-03-25,0.0
19070,2022-03-26,0.0
19071,2022-03-27,0.0
19072,2022-03-28,0.0
19073,2022-03-29,3.4
19074,2022-03-30,6.4
19075,2022-03-31,0.68
19076,2022-04-01,3.0
19077,2022-04-02,0.1
19078,2022-04-03,0.0
19079,2022-04-04,3.6
19080,2022-04-05,1.5
19081,2022-04-06,0.8
19082,2022-04-07,5.0
19083,2022-04-08,20.4
19084,2022-04-09,1.8
19085,2022-04-10,0.0
19086,2022-04-11,0.0
19087,2022-04-12,0.6
19088,2022-04-13,3.7
19089,2022-04-14,0.2
19090,2022-04-15,0.0
19091,2022-04-16,0.0
19092,2022-04-17,0.0
19093,2022-04-18,0.0
19094,2022-04-19,0.1
19095,2022-04-20,0.0
19096,2022-04-21,0.0
19097,2022-04-22,0.0
19098,2022-04-23,2.3
19099,2022-04-24,0.5
19100,2022-04-25,0.0
19101,2022-04-26,0.0
19102,2022-04-27,0.1
19103,2022-04-28,0.0
19104,2022-04-29,0.4
19105,2022-04-30,0.0
19106,2022-05-01,0.0
19107,2022-05-02,0.2
19108,2022-05-03,0.0
19109,2022-05-04,0.3
19110,2022-05-05,1.8
19111,2022-05-06,0.0
19112,2022-05-07,3.0
19113,2022-05-08,0.0
19114,2022-05-09,0.0
19115,2022-05-10,0.1
19116,2022-05-11,0.6
19117,2022-05-12,0.0
19118,2022-05-13,0.0
19119,2022-05-14,0.0
19120,2022-05-15,0.6
19121,2022-05-16,1.1
19122,2022-05-17,0.2
19123,2022-05-18,0.0
19124,2022-05-19,1.4
19125,2022-05-20,29.3
19126,2022-05-21,0.2
19127,2022-05-22,2.4
19128,2022-05-23,9.0
19129,2022-05-24,1.4
19130,2022-05-25,0.0
19131,2022-05-26,0.3
19132,2022-05-27,0.6
19133,2022-05-28,0.3
19134,2022-05-29,0.3
19135,2022-05-30,0.1
19136,2022-05-31,0.7
19137,2022-06-01,0.0
19138,2022-06-02,0.0
19139,2022-06-03,1.4
19140,2022-06-04,3.6
19141,2022-06-05,11.5
19142,2022-06-06,0.3
19143,2022-06-07,6.2
19144,2022-06-08,22.7
19145,2022-06-09,0.8
19146,2022-06-10,0.0
19147,2022-06-11,0.1
19148,2022-06-12,0.0
19149,2022-06-13,0.0
19150,2022-06-14,0.0
19151,2022-06-15,0.1
19152,2022-06-16,0.0
19153,2022-06-17,0.1
19154,2022-06-18,0.0
19155,2022-06-19,0.8
19156,2022-06-20,1.7
19157,2022-06-21,0.3
19158,2022-06-22,9.2
19159,2022-06-23,0.6
19160,2022-06-24,8.9
19161,2022-06-25,7.7
19162,2022-06-26,0.5
19163,2022-06-27,1.8
19164,2022-06-28,0.0
19165,2022-06-29,0.0
19166,2022-06-30,12.4
19167,2022-07-01,0.1
19168,2022-07-02,0.0
19169,2022-07-03,0.0
19170,2022-07-04,0.0
19171,2022-07-05,0.0
19172,2022-07-06,0.0
19173,2022-07-07,0.3
19174,2022-07-08,0.0
19175,2022-07-09,0.0
19176,2022-07-10,0.0
19177,2022-07-11,0.0
19178,2022-07-12,0.0
19179,2022-07-13,0.0
19180,2022-07-14,0.0
19181,2022-07-15,0.0
19182,2022-07-16,0.0
19183,2022-07-17,0.0
19184,2022-07-18,0.0
19185,2022-07-19,0.0
19186,2022-07-20,15.0
19187,2022-07-21,1.1
19188,2022-07-22,5.7
19189,2022-07-23,0.3
19190,2022-07-24,0.0
19191,2022-07-25,0.6
19192,2022-07-26,1.0
19193,2022-07-27,0.0
19194,2022-07-28,0.2
19195,2022-07-29,0.4
19196,2022-07-30,0.1
19197,2022-07-31,0.7
19198,2022-08-01,0.6
19199,2022-08-02,0.0
19200,2022-08-03,0.0
19201,2022-08-04,7.4
19202,2022-08-05,0.0
19203,2022-08-06,0.0
19204,2022-08-07,0.0
19205,2022-08-08,0.0
19206,2022-08-09,0.0
19207,2022-08-10,0.0
19208,2022-08-11,0.0
19209,2022-08-12,0.0
19210,2022-08-13,0.0
19211,2022-08-14,7.8
19212,2022-08-15,0.4
19213,2022-08-16,0.1
19214,2022-08-17,0.0
19215,2022-08-18,0.0
19216,2022-08-19,3.0
19217,2022-08-20,0.0
19218,2022-08-21,0.1
19219,2022-08-22,0.0
19220,2022-08-23,0.2
19221,2022-08-24,0.1
19222,2022-08-25,0.3
19223,2022-08-26,0.0
19224,2022-08-27,0.0
19225,2022-08-28,0.1
19226,2022-08-29,0.0
19227,2022-08-30,0.0
19228,2022-08-31,1.0
19229,2022-09-01,0.8
19230,2022-09-02,3.8
19231,2022-09-03,0.6
19232,2022-09-04,0.0
19233,2022-09-05,3.6
19234,2022-09-06,5.8
19235,2022-09-07,5.5
19236,2022-09-08,4.4
19237,2022-09-09,5.7
19238,2022-09-10,0.3
19239,2022-09-11,0.0
19240,2022-09-12,0.2
19241,2022-09-13,3.4
19242,2022-09-14,0.28
19243,2022-09-15,0.8
19244,2022-09-16,0.7
19245,2022-09-17,0.1
19246,2022-09-18,0.0
19247,2022-09-19,0.0
19248,2022-09-20,0.1
19249,2022-09-21,0.0
19250,2022-09-22,0.0
19251,2022-09-23,0.3
19252,2022-09-24,1.6
19253,2022-09-25,0.43
19254,2022-09-26,0.55
19255,2022-09-27,5.0
19256,2022-09-28,0.0
19257,2022-09-29,0.3
19258,2022-09-30,7.08
19259,2022-10-01,1.68
19260,2022-10-02,0.0
19261,2022-10-03,0.0
19262,2022-10-04,0.0
19263,2022-10-05,0.8
19264,2022-10-06,0.0
19265,2022-10-07,0.0
19266,2022-10-08,0.0
19267,2022-10-09,0.0
19268,2022-10-10,2.3
19269,2022-10-11,0.0
19270,2022-10-12,0.0
19271,2022-10-13,3.2
19272,2022-10-14,3.18
19273,2022-10-15,0.0
19274,2022-10-16,3.1
19275,2022-10-17,14.0
19276,2022-10-18,3.1
19277,2022-10-19,0.0
19278,2022-10-20,2.58
19279,2022-10-21,7.0
19280,2022-10-22,1.4
19281,2022-10-23,3.8
19282,2022-10-24,0.7
19283,2022-10-25,3.8
19284,2022-10-26,0.4
19285,2022-10-27,0.6
19286,2022-10-28,0.3
19287,2022-10-29,0.0
19288,2022-10-30,0.18
19289,2022-10-31,0.1
19290,2022-11-01,0.08
19291,2022-11-02,0.0
19292,2022-11-03,6.9
19293,2022-11-04,5.7
19294,2022-11-05,0.2
19295,2022-11-06,4.23
19296,2022-11-08,0.28
19297,2022-11-09,0.0
19298,2022-11-10,0.0
19299,2022-11-11,0.1
19300,2022-11-12,0.0
19301,2022-11-13,0.0
19302,2022-11-14,0.5
19303,2022-11-15,0.0
19304,2022-11-16,11.5
19305,2022-11-17,2.0
19306,2022-11-18,4.3
19307,2022-11-19,0.7
19308,2022-11-20,3.2
19309,2022-11-21,0.0
19310,2022-11-22,2.2
19311,2022-11-23,1.28
19312,2022-11-24,1.95
19313,2022-11-25,2.1
19314,2022-11-26,0.0
19315,2022-11-27,7.4
19316,2022-11-28,2.3
19317,2022-11-29,0.0
19318,2022-11-30,0.0
19319,2022-12-01,0.1
19320,2022-12-02,1.3
19321,2022-12-03,0.0
19322,2022-12-04,2.6
19323,2022-12-05,4.0
19324,2022-12-06,0.0
19325,2022-12-07,0.2
19326,2022-12-08,0.8
19327,2022-12-09,0.2
19328,2022-12-10,0.0
19329,2022-12-11,0.0
19330,2022-12-12,0.0
19331,2022-12-13,0.0
19332,2022-12-14,2.0
19333,2022-12-15,0.0
19334,2022-12-16,0.0
19335,2022-12-17,0.0
19336,2022-12-18,5.0
19337,2022-12-19,0.0
19338,2022-12-20,10.7
19339,2022-12-21,9.9
19340,2022-12-22,16.0
19341,2022-12-23,7.0
19342,2022-12-24,0.6
19343,2022-12-25,7.9
19344,2022-12-26,2.8
19345,2022-12-27,0.1
19346,2022-12-28,1.2
19347,2022-12-29,1.6
19348,2022-12-30,8.0
19349,2022-12-31,0.7
19350,2023-01-01,7.23
19351,2023-01-02,6.4
19352,2023-01-03,2.5
19353,2023-01-04,4.4
19354,2023-01-05,0.8
19355,2023-01-06,0.0
19356,2023-01-07,0.7
19357,2023-01-08,0.25
19358,2023-01-09,0.0
19359,2023-01-10,6.2
19360,2023-01-11,6.9
19361,2023-01-12,3.1
19362,2023-01-13,2.1
19363,2023-01-14,2.2
19364,2023-01-15,2.2
19365,2023-01-16,13.3
19366,2023-01-17,0.4
19367,2023-01-18,0.9
19368,2023-01-19,1.7
19369,2023-01-20,1.7
19370,2023-01-21,0.0
19371,2023-01-22,0.1
19372,2023-01-23,0.1
19373,2023-01-24,0.0
19374,2023-01-25,0.1
19375,2023-01-26,1.2
19376,2023-01-27,0.2
19377,2023-01-28,0.0
19378,2023-01-29,0.0
19379,2023-01-30,0.4
19380,2023-01-31,0.5
19381,2023-02-01,0.1
19382,2023-02-02,0.3
19383,2023-02-03,0.2
19384,2023-02-04,0.4
19385,2023-02-05,0.4
19386,2023-02-06,0.0
19387,2023-02-07,0.0
19388,2023-02-08,0.0
19389,2023-02-09,0.0
19390,2023-02-10,0.3
19391,2023-02-11,0.1
19392,2023-02-12,0.2
19393,2023-02-13,0.0
19394,2023-02-14,0.0
19395,2023-02-15,0.0
19396,2023-02-16,0.2
19397,2023-02-17,0.2
19398,2023-02-18,0.3
19399,2023-02-19,0.3
19400,2023-02-20,0.0
19401,2023-02-21,0.0
19402,2023-02-22,1.2
19403,2023-02-23,0.1
19404,2023-02-24,0.1
19405,2023-02-25,0.4
19406,2023-02-26,0.0
19407,2023-02-27,0.0
19408,2023-02-28,0.0
19409,2023-03-01,0.0
19410,2023-03-02,0.0
19411,2023-03-03,0.0
19412,2023-03-04,0.0
19413,2023-03-05,0.9
19414,2023-03-06,1.3
19415,2023-03-07,5.7
19416,2023-03-08,16.8
19417,2023-03-09,7.3
19418,2023-03-10,4.2
19419,2023-03-11,1.1
19420,2023-03-12,0.18
19421,2023-03-13,1.2
19422,2023-03-14,4.1
19423,2023-03-15,1.2
19424,2023-03-16,0.1
19425,2023-03-17,5.9
19426,2023-03-18,3.1
19427,2023-03-19,3.4
19428,2023-03-20,0.0
19429,2023-03-21,0.2
19430,2023-03-22,2.1
19431,2023-03-23,3.9
19432,2023-03-24,4.4
19433,2023-03-25,2.7
19434,2023-03-26,9.9
19435,2023-03-27,0.8
19436,2023-03-28,1.1
19437,2023-03-29,0.0
19438,2023-03-30,4.3
19439,2023-03-31,8.1
19440,2023-04-01,16.5
19441,2023-04-02,1.1
19442,2023-04-03,0.0
19443,2023-04-04,0.0
19444,2023-04-05,0.0
19445,2023-04-06,3.1
19446,2023-04-07,1.6
19447,2023-04-08,0.0
19448,2023-04-09,0.0
19449,2023-04-10,3.3
19450,2023-04-11,5.2
19451,2023-04-12,10.4
19452,2023-04-13,3.7
19453,2023-04-14,1.9
19454,2023-04-15,2.5
19455,2023-04-16,0.0
19456,2023-04-17,0.4
19457,2023-04-18,0.5
19458,2023-04-19,0.0
19459,2023-04-20,2.8
19460,2023-04-21,0.0
19461,2023-04-22,8.1
19462,2023-04-23,0.0
19463,2023-04-24,8.9
19464,2023-04-25,0.8
19465,2023-04-26,0.0
19466,2023-04-27,3.9
19467,2023-04-28,4.9
19468,2023-04-29,0.0
19469,2023-04-30,0.0
19470,2023-05-01,2.6
19471,2023-05-02,0.2
19472,2023-05-03,0.0
19473,2023-05-04,0.0
19474,2023-05-05,0.0
19475,2023-05-06,4.1
19476,2023-05-07,15.4
19477,2023-05-08,0.88
19478,2023-05-09,0.43
19479,2023-05-10,6.2
19480,2023-05-11,0.0
19481,2023-05-12,3.6
19482,2023-05-13,2.7
19483,2023-05-14,0.0
19484,2023-05-15,0.0
19485,2023-05-16,0.0
19486,2023-05-17,0.0
19487,2023-05-18,0.0
19488,2023-05-19,0.0
19489,2023-05-20,0.0
19490,2023-05-21,0.3
19491,2023-05-23,0.0
19492,2023-05-24,0.0
19493,2023-05-25,0.0
19494,2023-05-26,0.0
19495,2023-05-27,0.0
19496,2023-05-28,0.0
19497,2023-05-29,0.0
19498,2023-05-30,0.0
19499,2023-05-31,0.0
19500,2023-06-01,0.0
19501,2023-06-02,0.0
19502,2023-06-03,0.0
19503,2023-06-04,0.0
19504,2023-06-05,0.0
19505,2023-06-06,0.0
19506,2023-06-07,0.0
19507,2023-06-08,0.3
19508,2023-06-09,0.0
19509,2023-06-10,0.1
19510,2023-06-11,9.0
19511,2023-06-12,0.0
19512,2023-06-13,0.0
19513,2023-06-14,0.0
19514,2023-06-15,0.0
19515,2023-06-16,0.0
19516,2023-06-17,0.3
19517,2023-06-18,0.0
19518,2023-06-19,2.2
19519,2023-06-20,12.3
19520,2023-06-21,0.5
19521,2023-06-22,39.0
19522,2023-06-23,0.9
19523,2023-06-24,0.0
19524,2023-06-25,0.0
19525,2023-06-26,0.0
19526,2023-06-27,0.0
19527,2023-06-28,0.8
19528,2023-06-29,0.0
19529,2023-06-30,0.0
19530,2023-07-01,0.0
19531,2023-07-02,0.3
19532,2023-07-03,0.2
19533,2023-07-04,7.6
19534,2023-07-05,0.0
19535,2023-07-06,0.0
19536,2023-07-07,0.1
19537,2023-07-08,0.0
19538,2023-07-09,0.0
19539,2023-07-10,0.0
19540,2023-07-11,0.1
19541,2023-07-12,0.9
19542,2023-07-13,0.4
19543,2023-07-14,0.5
19544,2023-07-15,0.0
19545,2023-07-16,0.1
19546,2023-07-17,0.1
19547,2023-07-18,0.0
19548,2023-07-19,0.0
19549,2023-07-20,0.15
19550,2023-07-21,0.9
19551,2023-07-22,0.0
19552,2023-07-23,3.9
19553,2023-07-24,7.1
19554,2023-07-25,4.8
19555,2023-07-26,1.5
19556,2023-07-27,13.7
19557,2023-07-28,5.3
19558,2023-07-29,0.23
19559,2023-07-30,0.6
19560,2023-07-31,15.6
19561,2023-08-01,8.4
19562,2023-08-02,18.1
19563,2023-08-03,10.1
19564,2023-08-04,0.0
19565,2023-08-05,1.3
19566,2023-08-06,1.8
19567,2023-08-07,0.6
19568,2023-08-08,1.1
19569,2023-08-09,1.0
19570,2023-08-10,0.0
19571,2023-08-11,6.6
19572,2023-08-12,5.0
19573,2023-08-13,0.0
19574,2023-08-14,0.6
19575,2023-08-15,0.0
19576,2023-08-16,0.2
19577,2023-08-17,0.0
19578,2023-08-18,0.5
19579,2023-08-19,0.0
19580,2023-08-20,0.1
19581,2023-08-21,0.0
19582,2023-08-22,0.0
19583,2023-08-23,0.0
19584,2023-08-24,13.7
19585,2023-08-25,11.9
19586,2023-08-26,0.8
19587,2023-08-27,1.4
19588,2023-08-28,0.0
19589,2023-08-29,0.3
19590,2023-08-30,2.8
19591,2023-08-31,1.6
19592,2023-09-01,0.05
19593,2023-09-02,0.0
19594,2023-09-03,0.0
19595,2023-09-04,0.0
19596,2023-09-05,0.0
19597,2023-09-06,0.0
19598,2023-09-07,0.0
19599,2023-09-08,0.0
19600,2023-09-09,0.0
19601,2023-09-10,0.0
19602,2023-09-11,0.6
19603,2023-09-12,0.2
19604,2023-09-13,0.0
19605,2023-09-14,0.0
19606,2023-09-15,0.1
19607,2023-09-16,0.1
19608,2023-09-17,6.28
19609,2023-09-18,0.6
19610,2023-09-19,0.0
19611,2023-09-20,0.2
19612,2023-09-21,20.5
19613,2023-09-22,0.0
19614,2023-09-23,0.4
19615,2023-09-24,0.0
19616,2023-09-25,0.0
19617,2023-09-26,0.0
19618,2023-09-27,0.0
19619,2023-09-28,0.1
19620,2023-09-29,0.2
19621,2023-09-30,0.0
19622,2023-10-01,0.0
19623,2023-10-02,0.0
19624,2023-10-03,2.8
19625,2023-10-04,0.0
19626,2023-10-05,0.0
19627,2023-10-06,0.0
19628,2023-10-07,0.0
19629,2023-10-08,0.0
19630,2023-10-09,0.0
19631,2023-10-10,0.0
19632,2023-10-11,0.0
19633,2023-10-12,4.5
19634,2023-10-13,1.4
19635,2023-10-14,0.0
19636,2023-10-15,0.0
19637,2023-10-16,0.0
19638,2023-10-17,0.0
19639,2023-10-18,0.0
19640,2023-10-19,4.3
19641,2023-10-20,15.7
19642,2023-10-21,1.45
19643,2023-10-22,1.3
19644,2023-10-23,8.0
19645,2023-10-24,1.1
19646,2023-10-25,12.2
19647,2023-10-26,0.48
19648,2023-10-27,3.2
19649,2023-10-28,8.2
19650,2023-10-29,5.1
19651,2023-10-30,0.0
19652,2023-10-31,3.9
19653,2023-11-01,3.83
19654,2023-11-02,4.4
19655,2023-11-03,0.0
19656,2023-11-04,8.6
19657,2023-11-05,4.0
19658,2023-11-06,0.4
19659,2023-11-07,0.4
19660,2023-11-08,6.2
19661,2023-11-09,6.7
19662,2023-11-10,2.5
19663,2023-11-11,0.6
19664,2023-11-12,3.3
19665,2023-11-13,8.6
19666,2023-11-14,4.3
19667,2023-11-15,0.0
19668,2023-11-16,12.1
19669,2023-11-17,1.9
19670,2023-11-18,10.6
19671,2023-11-19,0.5
19672,2023-11-20,0.03
19673,2023-11-21,1.9
19674,2023-11-22,0.2
19675,2023-11-23,0.2
19676,2023-11-24,0.1
19677,2023-11-25,0.1
19678,2023-11-26,3.55
19679,2023-11-27,0.53
19680,2023-11-28,0.48
19681,2023-11-29,0.0
19682,2023-11-30,0.48
19683,2023-12-01,0.0
0,2023-12-02,0.0
1,2023-12-03,1.38
