date,value
2010-01-01,2.53
2010-01-02,2.53
2010-01-03,2.58
2010-01-04,2.63
2010-01-05,2.68
2010-01-06,2.68
2010-01-07,2.65
2010-01-08,2.68
2010-01-09,2.68
2010-01-10,2.68
2010-01-11,2.63
2010-01-12,2.73
2010-01-13,2.73
2010-01-14,2.73
2010-01-15,2.68
2010-01-16,2.73
2010-01-17,2.73
2010-01-18,2.73
2010-01-19,2.8
2010-01-20,2.8
2010-01-21,2.8
2010-01-22,2.8
2010-01-23,2.8
2010-01-24,2.8
2010-01-25,2.8
2010-01-26,2.8
2010-01-27,2.85
2010-01-28,2.85
2010-01-29,2.92
2010-01-30,2.85
2010-01-31,2.85
2010-02-01,2.8
2010-02-02,2.85
2010-02-03,2.85
2010-02-04,2.9
2010-02-05,2.85
2010-02-06,2.85
2010-02-07,2.9
2010-02-08,2.95
2010-02-09,2.9
2010-02-10,2.9
2010-02-11,2.9
2010-02-12,2.9
2010-02-13,2.9
2010-02-14,2.9
2010-02-15,2.95
2010-02-16,2.97
2010-02-17,2.95
2010-02-18,2.92
2010-02-19,2.9
2010-02-20,2.9
2010-02-21,2.95
2010-02-22,2.95
2010-02-23,2.9
2010-02-24,2.9
2010-02-25,2.95
2010-02-26,2.9
2010-02-27,3.02
2010-02-28,2.95
2010-03-26,2.95
2010-03-27,2.95
2010-03-28,2.95
2010-03-29,3.02
2010-03-30,3.02
2010-03-31,2.95
2010-04-01,2.95
2010-04-02,2.95
2010-04-03,2.99
2010-04-04,2.97
2010-04-05,2.97
2010-04-06,3.02
2010-04-07,3.02
2010-04-08,2.97
2010-04-09,2.97
2010-04-10,3.02
2010-04-11,3.02
2010-04-12,3.02
2010-04-13,3.02
2010-04-14,3.02
2010-04-15,3.02
2010-04-16,2.99
2010-04-17,3.02
2010-04-18,3.02
2010-04-19,2.99
2010-04-20,2.97
2010-04-21,2.99
2010-04-22,2.99
2010-04-23,2.95
2010-04-24,2.95
2010-04-25,2.9
2010-04-26,2.92
2010-04-27,2.95
2010-04-28,2.95
2010-04-29,2.95
2010-04-30,2.95
2010-05-01,2.95
2010-05-02,2.95
2010-05-03,2.92
2010-05-04,2.95
2010-05-05,2.92
2010-05-06,2.9
2010-05-07,2.9
2010-05-08,2.85
2010-05-09,2.85
2010-05-10,2.85
2010-05-11,2.8
2010-05-12,2.8
2010-05-13,2.8
2010-05-14,2.8
2010-05-15,2.75
2010-05-16,2.75
2010-05-17,2.75
2010-05-18,2.75
2010-05-19,2.73
2010-05-20,2.75
2010-05-21,2.73
2010-05-22,2.73
2010-05-23,2.73
2010-05-24,2.73
2010-05-25,2.7
2010-05-26,2.7
2010-05-27,2.68
2010-05-28,-2.63
2010-05-29,2.36
2010-05-30,2.53
2010-05-31,2.58
2010-06-01,2.63
2010-06-02,2.63
2010-06-03,-2.55
2010-06-04,1.97
2010-06-05,-2.82
2010-06-06,-2.92
2010-06-07,1.8
2010-06-08,1.85
2010-06-09,1.7
2010-06-10,-3.02
2010-06-11,-3.09
2010-06-12,1.53
2010-06-13,-3.19
2010-06-14,-3.14
2010-06-15,-3.24
2010-06-16,-3.24
2010-06-17,-3.26
2010-06-18,-3.26
2010-06-19,1.53
2010-06-20,-3.36
2010-06-21,-3.36
2010-06-22,-3.41
2010-06-23,-3.41
2010-06-24,-3.41
2010-06-25,-3.48
2010-06-26,-3.48
2010-06-27,-3.53
2010-06-28,-3.53
2010-06-29,1.16
2010-06-30,-3.58
2010-07-01,-3.63
2010-07-02,1.04
2010-07-03,-3.63
2010-07-04,-3.68
2010-07-05,-3.68
2010-07-06,-3.7
2010-07-07,-3.75
2010-07-08,-3.58
2010-07-09,0.8
2010-07-10,-3.75
2010-07-11,-3.75
2010-07-12,-3.85
2010-07-13,-3.85
2010-07-14,-3.85
2010-07-15,-3.85
2010-07-16,-3.87
2010-07-17,-3.9
2010-07-18,-3.92
2010-07-19,-3.97
2010-07-20,0.72
2010-07-21,-3.97
2010-07-22,-4.02
2010-07-23,0.75
2010-07-24,-4.02
2010-07-25,0.8
2010-07-26,-4.02
2010-07-27,0.8
2010-07-28,-4.07
2010-07-29,-4.07
2010-07-30,0.75
2010-07-31,-3.51
2010-08-01,-4.14
2010-08-02,0.58
2010-08-03,-4.19
2010-08-04,-4.19
2010-08-05,-4.24
2010-08-06,-4.24
2010-08-07,-4.24
2010-08-08,0.53
2010-08-09,-3.33
2010-08-10,-4.31
2010-08-11,0.58
2010-08-12,-4.31
2010-08-13,-4.31
2010-08-14,0.36
2010-08-15,0.43
2010-08-16,-4.26
2010-08-17,-2.8
2010-08-18,-4.41
2010-08-19,-4.09
2010-08-20,-4.46
2010-08-21,0.38
2010-08-22,-4.46
2010-08-23,-3.55
2010-08-24,-2.94
2010-08-25,-2.65
2010-08-26,0.7
2010-08-27,0.92
2010-08-28,1.06
2010-08-29,1.14
2010-08-30,1.19
2010-08-31,1.24
2010-09-01,1.31
2010-09-02,1.33
2010-09-03,1.36
2010-09-04,1.41
2010-09-05,1.46
2010-09-06,1.48
2010-09-07,1.5
2010-09-08,1.48
2010-09-09,1.5
2010-09-10,1.53
2010-09-11,1.53
2010-09-12,1.55
2010-09-13,1.58
2010-09-14,1.58
2010-09-15,1.6
2010-09-16,1.63
2010-09-17,1.63
2010-09-18,1.63
2010-09-19,1.63
2010-09-20,1.63
2010-09-21,1.65
2010-09-22,1.68
2010-09-23,1.68
2010-09-24,1.7
2010-09-25,1.68
2010-09-26,1.7
2010-09-27,1.7
2010-09-28,1.7
2010-09-29,1.72
2010-09-30,1.75
2010-10-01,1.75
2010-10-02,1.75
2010-10-03,1.8
2010-10-04,1.77
2010-10-05,1.8
2010-10-06,1.77
2010-10-07,1.8
2010-10-08,1.8
2010-10-09,1.82
2010-10-10,1.85
2010-10-11,1.82
2010-10-12,1.82
2010-10-13,1.82
2010-10-14,1.85
2010-10-15,1.85
2010-10-16,1.85
2010-10-17,1.85
2010-10-18,1.85
2010-10-19,1.85
2010-10-20,1.85
2010-10-21,1.87
2010-10-22,1.87
2010-10-23,1.87
2010-10-24,1.89
2010-10-25,1.85
2010-10-26,1.87
2010-10-27,1.89
2010-10-28,1.92
2010-10-29,1.94
2010-10-30,1.97
2010-10-31,1.97
2010-11-01,1.89
2010-11-02,1.92
2010-11-03,1.92
2010-11-04,1.92
2010-11-05,1.92
2010-11-06,1.97
2010-11-07,1.97
2010-11-08,2.07
2010-11-09,2.02
2010-11-10,1.97
2010-11-11,1.97
2010-11-12,1.97
2010-11-13,2.02
2010-11-14,2.02
2010-11-15,2.02
2010-11-16,2.02
2010-11-17,2.07
2010-11-18,2.04
2010-11-19,2.07
2010-11-20,2.09
2010-11-21,2.09
2010-11-22,2.07
2010-11-23,2.07
2010-11-24,2.09
2010-11-25,2.11
2010-11-26,2.14
2010-11-27,2.14
2010-11-28,2.16
2010-11-29,2.14
2010-11-30,2.02
2010-12-01,1.97
2010-12-02,1.92
2010-12-03,1.92
2010-12-04,1.97
2010-12-05,2.02
2010-12-06,2.09
2010-12-07,2.07
2010-12-08,2.07
2010-12-09,2.02
2010-12-10,2.02
2010-12-11,2.07
2010-12-12,2.14
2010-12-13,2.14
2010-12-14,2.19
2010-12-15,2.24
2010-12-16,2.36
2010-12-17,2.36
2010-12-18,2.38
2010-12-19,2.41
2010-12-20,2.46
2010-12-21,2.51
2010-12-22,2.51
2010-12-23,2.53
2010-12-24,2.51
2010-12-25,2.53
2010-12-26,2.58
2010-12-27,2.63
2010-12-28,2.6
2010-12-29,2.63
2010-12-30,2.63
2010-12-31,2.63
2011-01-01,2.63
2011-01-02,2.63
2011-01-03,2.63
2011-01-04,2.68
2011-01-05,2.68
2011-01-06,2.68
2011-01-07,2.7
2011-01-08,2.73
2011-01-09,2.68
2011-01-10,2.73
2011-01-11,2.73
2011-01-12,2.75
2011-01-13,2.8
2011-01-14,2.8
2011-01-15,2.8
2011-01-16,2.8
2011-01-17,2.8
2011-01-18,2.8
2011-01-19,2.8
2011-01-20,2.8
2011-01-21,2.8
2011-01-22,2.85
2011-01-23,2.85
2011-01-24,2.85
2011-01-25,2.85
2011-01-26,2.9
2011-01-27,2.85
2011-01-28,2.9
2011-01-29,2.85
2011-01-30,2.85
2011-01-31,2.85
2011-02-01,2.85
2011-02-02,2.85
2011-02-03,2.85
2011-02-04,2.85
2011-02-05,2.85
2011-02-06,2.9
2011-02-07,2.9
2011-02-08,2.9
2011-02-09,2.9
2011-02-10,2.9
2011-02-11,2.9
2011-02-12,2.9
2011-02-13,2.95
2011-02-14,2.95
2011-02-15,2.95
2011-02-16,2.97
2011-02-17,2.92
2011-02-18,2.9
2011-02-19,2.9
2011-02-20,2.9
2011-02-21,2.95
2011-02-22,2.92
2011-02-23,2.95
2011-02-24,2.95
2011-02-25,2.97
2011-02-26,2.97
2011-02-27,3.02
2011-02-28,2.97
2011-03-01,2.97
2011-03-02,2.97
2011-03-03,2.99
2011-03-04,2.97
2011-03-05,3.02
2011-03-06,2.99
2011-03-07,2.99
2011-03-08,2.99
2011-03-09,2.97
2011-03-10,2.97
2011-03-11,3.02
2011-03-12,3.07
2011-03-13,3.02
2011-03-14,3.02
2011-03-15,3.02
2011-03-16,3.02
2011-03-17,2.95
2011-03-18,2.95
2011-03-19,2.95
2011-03-20,2.95
2011-03-21,2.95
2011-03-22,2.95
2011-03-23,2.95
2011-03-24,2.97
2011-03-25,2.97
2011-03-26,3.02
2011-03-27,2.99
2011-03-28,2.97
2011-03-29,2.97
2011-03-30,2.95
2011-03-31,2.95
2011-04-01,2.97
2011-04-02,2.97
2011-04-03,2.97
2011-04-04,2.95
2011-04-05,2.95
2011-04-06,2.95
2011-04-07,2.95
2011-04-08,2.95
2011-04-09,2.95
2011-04-10,2.92
2011-04-11,2.9
2011-04-12,2.9
2011-04-13,2.95
2011-04-14,2.92
2011-04-15,2.9
2011-04-16,2.85
2011-04-17,2.82
2011-04-18,2.82
2011-04-19,2.8
2011-04-20,2.8
2011-04-21,2.77
2011-04-22,2.75
2011-04-23,2.73
2011-04-24,2.68
2011-04-25,2.68
2011-04-26,2.7
2011-04-27,2.68
2011-04-28,2.68
2011-04-29,2.7
2011-04-30,2.68
2011-05-01,2.65
2011-05-02,2.63
2011-05-03,2.6
2011-05-04,2.58
2011-05-05,2.58
2011-05-06,2.58
2011-05-07,2.55
2011-05-08,2.51
2011-05-09,2.51
2011-05-10,2.51
2011-05-11,2.48
2011-05-12,2.46
2011-05-13,2.46
2011-05-14,2.41
2011-05-15,2.41
2011-05-16,2.41
2011-05-17,2.43
2011-05-18,2.46
2011-05-19,2.43
2011-05-20,2.41
2011-05-21,2.41
2011-05-22,2.41
2011-05-23,2.41
2011-05-24,2.41
2011-05-25,2.46
2011-05-26,2.43
2011-05-27,2.43
2011-05-28,2.46
2011-05-29,2.46
2011-05-30,2.46
2011-05-31,2.41
2011-06-01,2.41
2011-06-02,2.46
2011-06-03,2.46
2011-06-04,2.51
2011-06-05,2.51
2011-06-06,2.51
2011-06-07,2.51
2011-06-08,2.46
2011-06-09,2.46
2011-06-10,2.46
2011-06-11,2.46
2011-06-12,2.48
2011-06-13,2.46
2011-06-14,2.46
2011-06-15,2.46
2011-06-16,2.46
2011-06-17,2.51
2011-06-18,2.46
2011-06-19,2.41
2011-06-20,2.41
2011-06-21,2.41
2011-06-22,2.38
2011-06-23,2.36
2011-06-24,2.36
2011-06-25,2.36
2011-06-26,2.38
2011-06-27,2.36
2011-06-28,2.33
2011-06-29,2.31
2011-06-30,2.31
2011-07-01,2.31
2011-07-02,2.31
2011-07-03,2.31
2011-07-04,2.29
2011-07-05,2.29
2011-07-06,2.29
2011-07-07,2.29
2011-07-08,2.31
2011-07-09,2.29
2011-07-10,2.29
2011-07-11,2.31
2011-07-12,2.31
2011-07-13,2.3
2011-07-14,2.29
2011-07-15,2.31
2011-07-16,2.36
2011-07-17,2.31
2011-07-18,2.29
2011-07-19,2.24
2011-07-20,2.02
2011-07-21,2.09
2011-07-22,2.02
2011-07-23,2.01
2011-07-24,1.99
2011-07-25,2.07
2011-07-26,2.16
2011-07-27,-2.99
2011-07-28,1.58
2011-07-29,-3.24
2011-07-30,1.5
2011-07-31,1.53
2011-08-01,1.04
2011-08-02,1.53
2011-08-03,1.43
2011-08-04,1.33
2011-08-05,-3.46
2011-08-06,-3.48
2011-08-07,-3.53
2011-08-08,-3.55
2011-08-09,-3.58
2011-08-10,1.36
2011-08-11,1.38
2011-08-12,-3.58
2011-08-13,-3.6
2011-08-14,-3.63
2011-08-15,-3.65
2011-08-16,-3.68
2011-08-17,-3.68
2011-08-18,-3.68
2011-08-19,-3.73
2011-08-20,-3.73
2011-08-21,-3.73
2011-08-22,1.14
2011-08-23,-3.75
2011-08-24,-3.75
2011-08-25,-3.75
2011-08-26,-3.75
2011-08-27,-3.8
2011-08-28,-3.8
2011-08-29,-3.8
2011-08-30,-3.8
2011-08-31,-3.8
2011-09-01,-3.82
2011-09-02,-3.82
2011-09-03,-3.77
2011-09-04,-3.77
2011-09-05,1.38
2011-09-06,1.55
2011-09-07,1.68
2011-09-08,1.72
2011-09-09,-3.31
2011-09-10,-3.53
2011-09-11,-3.65
2011-09-12,-3.73
2011-09-13,-3.75
2011-09-14,-3.8
2011-09-15,-3.8
2011-09-16,-3.82
2011-09-17,-3.82
2011-09-18,-3.85
2011-09-19,1.36
2011-09-20,1.53
2011-09-21,1.63
2011-09-22,1.7
2011-09-23,1.77
2011-09-24,1.8
2011-09-25,1.82
2011-09-26,1.85
2011-09-27,1.87
2011-09-28,1.89
2011-09-29,1.92
2011-09-30,1.94
2011-10-01,1.94
2011-10-02,1.97
2011-10-03,1.97
2011-10-04,1.97
2011-10-05,1.99
2011-10-06,1.99
2011-10-07,1.99
2011-10-08,2.02
2011-10-09,2.02
2011-10-10,2.02
2011-10-11,2.02
2011-10-12,2.04
2011-10-13,2.04
2011-10-14,2.04
2011-10-15,2.07
2011-10-16,2.04
2011-10-17,2.07
2011-10-18,2.07
2011-10-19,2.07
2011-10-20,2.07
2011-10-21,2.09
2011-10-22,2.09
2011-10-23,2.14
2011-10-24,2.14
2011-10-25,2.11
2011-10-26,2.14
2011-10-27,2.14
2011-10-28,2.11
2011-10-29,2.11
2011-10-30,2.11
2011-10-31,2.16
2011-11-01,2.16
2011-11-02,2.19
2011-11-03,2.19
2011-11-04,2.19
2011-11-05,2.16
2011-11-06,2.14
2011-11-07,2.16
2011-11-08,2.16
2011-11-09,2.16
2011-11-10,2.16
2011-11-11,2.19
2011-11-12,2.16
2011-11-13,2.16
2011-11-14,2.19
2011-11-15,2.19
2011-11-16,2.19
2011-11-17,2.19
2011-11-18,2.21
2011-11-19,2.21
2011-11-20,2.21
2011-11-21,2.21
2011-11-22,2.19
2011-11-23,2.16
2011-11-24,2.19
2011-11-25,2.19
2011-11-26,2.19
2011-11-27,2.21
2011-11-28,2.21
2011-11-29,2.21
2011-11-30,2.21
2011-12-01,2.26
2011-12-02,2.24
2011-12-03,2.24
2011-12-04,2.26
2011-12-05,2.24
2011-12-06,2.24
2011-12-07,2.24
2011-12-08,2.26
2011-12-09,2.29
2011-12-10,2.26
2011-12-11,2.29
2011-12-12,2.29
2011-12-13,2.33
2011-12-14,2.31
2011-12-15,2.36
2011-12-16,2.41
2011-12-17,2.36
2011-12-18,2.33
2011-12-19,2.38
2011-12-20,2.36
2011-12-21,2.36
2011-12-22,2.36
2011-12-23,2.41
2011-12-24,2.36
2011-12-25,2.36
2011-12-26,2.38
2011-12-27,2.38
2011-12-29,2.41
2011-12-30,2.43
2011-12-31,2.43
2012-01-01,2.46
2012-01-02,2.43
2012-01-03,2.46
2012-01-04,2.46
2012-01-05,2.48
2012-01-06,2.46
2012-01-07,2.46
2012-01-08,2.46
2012-01-09,2.46
2012-01-10,2.46
2012-01-11,2.46
2012-01-12,2.46
2012-01-13,2.48
2012-01-14,2.51
2012-01-15,2.51
2012-01-16,2.48
2012-01-17,2.46
2012-01-18,2.46
2012-01-19,2.48
2012-01-20,2.48
2012-01-21,2.51
2012-01-22,2.51
2012-01-23,2.48
2012-01-24,2.51
2012-01-25,2.53
2012-01-26,2.53
2012-01-27,2.48
2012-01-28,2.48
2012-01-29,2.51
2012-01-30,2.55
2012-01-31,2.53
2012-02-01,2.55
2012-02-02,2.53
2012-02-03,2.51
2012-02-04,2.53
2012-02-05,2.58
2012-02-06,2.53
2012-02-07,2.53
2012-02-08,2.55
2012-02-09,2.55
2012-02-10,2.58
2012-02-11,2.58
2012-02-12,2.55
2012-02-13,2.6
2012-02-14,2.58
2012-02-15,2.58
2012-02-16,2.55
2012-02-17,2.58
2012-02-18,2.6
2012-02-19,2.58
2012-02-20,2.55
2012-02-21,2.55
2012-02-22,2.58
2012-02-23,2.55
2012-02-24,2.58
2012-02-25,2.58
2012-02-26,2.58
2012-02-27,2.58
2012-02-28,2.58
2012-02-29,2.58
2012-03-01,2.58
2012-03-02,2.58
2012-03-03,2.58
2012-03-04,2.6
2012-03-05,2.58
2012-03-06,2.58
2012-03-07,2.58
2012-03-08,2.55
2012-03-09,2.55
2012-03-10,2.55
2012-03-11,2.58
2012-03-12,2.6
2012-03-13,2.6
2012-03-14,2.6
2012-03-15,2.6
2012-03-16,2.6
2012-03-17,2.6
2012-03-18,2.6
2012-03-19,2.55
2012-03-20,2.58
2012-03-21,2.6
2012-03-22,2.6
2012-03-23,2.6
2012-03-24,2.6
2012-03-25,2.6
2012-03-26,2.6
2012-03-27,2.58
2012-03-28,2.6
2012-03-29,2.6
2012-03-30,2.6
2012-03-31,2.63
2012-04-01,2.6
2012-04-02,2.6
2012-04-03,2.6
2012-04-04,2.55
2012-04-05,2.53
2012-04-06,2.51
2012-04-07,2.51
2012-04-08,2.46
2012-04-09,2.51
2012-04-10,2.51
2012-04-11,2.51
2012-04-12,2.48
2012-04-13,2.48
2012-04-14,2.48
2012-04-15,2.46
2012-04-16,2.38
2012-04-17,2.46
2012-04-18,2.51
2012-04-19,2.51
2012-04-20,2.46
2012-04-21,2.43
2012-04-22,2.43
2012-04-23,2.51
2012-04-24,2.51
2012-04-25,2.53
2012-04-26,2.51
2012-04-27,2.48
2012-04-28,2.58
2012-04-29,2.6
2012-04-30,2.6
2012-05-01,2.6
2012-05-02,2.63
2012-05-03,2.65
2012-05-04,2.65
2012-05-05,2.65
2012-05-06,2.63
2012-05-07,2.63
2012-05-08,2.63
2012-05-09,2.63
2012-05-10,2.63
2012-05-11,2.63
2012-05-12,2.6
2012-05-13,2.63
2012-05-14,2.63
2012-05-15,2.63
2012-05-16,2.63
2012-05-17,2.65
2012-05-18,2.63
2012-05-19,2.65
2012-05-20,2.65
2012-05-21,2.65
2012-05-22,2.6
2012-05-23,2.58
2012-05-24,2.63
2012-05-25,2.65
2012-05-26,2.63
2012-05-27,2.6
2012-05-28,2.6
2012-05-29,2.63
2012-05-30,2.6
2012-05-31,2.55
2012-06-01,2.58
2012-06-02,2.55
2012-06-03,2.53
2012-06-04,2.51
2012-06-05,2.48
2012-06-06,2.48
2012-06-07,2.48
2012-06-08,2.46
2012-06-09,2.43
2012-06-10,2.43
2012-06-11,2.46
2012-06-12,2.43
2012-06-13,2.41
2012-06-14,2.43
2012-06-15,2.41
2012-06-16,2.41
2012-06-17,2.46
2012-06-18,2.43
2012-06-19,2.24
2012-06-20,2.33
2012-06-21,2.33
2012-06-22,2.31
2012-06-23,2.31
2012-06-24,2.31
2012-06-25,2.31
2012-06-26,2.29
2012-06-27,2.26
2012-06-28,-2.87
2012-06-29,-3.09
2012-06-30,-3.21
2012-07-01,1.41
2012-07-02,-3.36
2012-07-03,-3.41
2012-07-04,-3.46
2012-07-05,-3.51
2012-07-06,-3.55
2012-07-07,-3.58
2012-07-08,-3.63
2012-07-09,1.09
2012-07-10,-3.65
2012-07-11,1.06
2012-07-12,1.33
2012-07-13,1.11
2012-07-14,1.04
2012-07-15,-3.73
2012-07-16,1.09
2012-07-17,1.11
2012-07-18,-3.77
2012-07-19,-3.82
2012-07-20,0.92
2012-07-21,-3.87
2012-07-22,-3.92
2012-07-23,-3.92
2012-07-24,-3.95
2012-07-25,0.84
2012-07-26,-3.97
2012-07-27,-3.99
2012-07-28,0.84
2012-07-29,-4.04
2012-07-30,-4.04
2012-07-31,-4.07
2012-08-01,-4.07
2012-08-02,-4.09
2012-08-03,-4.14
2012-08-04,-4.14
2012-08-05,-4.17
2012-08-06,0.84
2012-08-07,-4.17
2012-08-08,0.6
2012-08-09,-4.19
2012-08-10,-4.21
2012-08-11,-4.24
2012-08-12,-4.26
2012-08-13,-4.26
2012-08-14,-4.26
2012-08-15,-4.26
2012-08-16,-4.31
2012-08-17,-4.31
2012-08-18,-4.34
2012-08-19,-4.36
2012-08-20,-4.36
2012-08-21,-4.36
2012-08-22,-4.39
2012-08-23,-4.41
2012-08-24,-4.41
2012-08-25,-4.43
2012-08-26,-4.43
2012-08-27,-4.43
2012-08-28,-4.46
2012-08-29,-4.46
2012-08-30,-4.48
2012-08-31,0.53
2012-09-01,0.58
2012-09-02,-4.41
2012-09-03,-4.36
2012-09-04,0.6
2012-09-05,-4.41
2012-09-06,0.06
2012-09-07,-4.46
2012-09-08,-4.48
2012-09-09,-4.51
2012-09-10,-4.48
2012-09-11,-4.51
2012-09-12,-4.51
2012-09-13,0.48
2012-09-14,-4.48
2012-09-15,-4.53
2012-09-16,-4.53
2012-09-17,-3.85
2012-09-18,-2.75
2012-09-19,-2.67
2012-09-20,-3.14
2012-09-21,0.5
2012-09-22,0.84
2012-09-23,1.02
2012-09-24,1.09
2012-09-25,1.14
2012-09-26,1.19
2012-09-27,1.21
2012-09-28,1.24
2012-09-29,1.28
2012-09-30,1.31
2012-10-01,1.33
2012-10-02,1.36
2012-10-03,1.38
2012-10-04,1.41
2012-10-05,1.43
2012-10-06,1.46
2012-10-07,1.46
2012-10-08,1.48
2012-10-09,1.48
2012-10-10,1.5
2012-10-11,1.53
2012-10-12,1.53
2012-10-13,1.55
2012-10-14,1.58
2012-10-15,1.58
2012-10-16,1.6
2012-10-17,1.63
2012-10-18,1.63
2012-10-19,1.65
2012-10-20,1.68
2012-10-21,1.72
2012-10-22,1.72
2012-10-23,1.75
2012-10-24,1.77
2012-10-25,1.8
2012-10-26,1.82
2012-10-27,1.8
2012-10-28,1.8
2012-10-30,1.85
2012-10-31,1.87
2012-11-01,1.87
2012-11-02,1.92
2012-11-03,1.97
2012-11-04,1.99
2012-11-05,1.99
2012-11-06,1.99
2012-11-07,2.04
2012-11-08,2.09
2012-11-09,2.11
2012-11-10,2.14
2012-11-11,2.14
2012-11-12,2.14
2012-11-13,2.16
2012-11-14,2.16
2012-11-15,2.19
2012-11-16,2.21
2012-11-17,2.24
2012-11-18,2.21
2012-11-19,2.24
2012-11-20,2.29
2012-11-21,2.24
2012-11-22,2.29
2012-11-23,2.29
2012-11-24,2.31
2012-11-25,2.31
2012-11-26,2.33
2012-11-27,2.33
2012-11-28,2.33
2012-11-29,2.33
2012-11-30,2.33
2012-12-01,2.31
2012-12-02,2.33
2012-12-03,2.36
2012-12-04,2.38
2012-12-05,2.41
2012-12-06,2.43
2012-12-07,2.46
2012-12-08,2.41
2012-12-09,2.46
2012-12-10,2.46
2012-12-11,2.46
2012-12-12,2.53
2012-12-13,2.55
2012-12-14,2.58
2012-12-15,2.55
2012-12-16,2.55
2012-12-17,2.55
2012-12-18,2.55
2012-12-19,2.73
2012-12-20,2.73
2012-12-21,2.73
2012-12-22,2.75
2012-12-23,2.8
2012-12-24,2.82
2012-12-25,2.8
2012-12-26,2.77
2012-12-27,2.8
2012-12-28,2.82
2012-12-29,2.87
2012-12-30,2.82
2012-12-31,2.9
2013-01-01,2.87
2013-01-02,2.82
2013-01-03,2.82
2013-01-04,2.85
2013-01-05,2.87
2013-01-06,2.9
2013-01-07,2.9
2013-01-08,2.9
2013-01-09,2.9
2013-01-10,2.92
2013-01-11,2.92
2013-01-12,2.95
2013-01-13,2.92
2013-01-14,2.95
2013-01-15,2.95
2013-01-16,2.97
2013-01-17,2.99
2013-01-18,3.09
2013-01-19,3.12
2013-01-20,3.12
2013-01-21,3.09
2013-01-22,3.19
2013-01-23,3.21
2013-01-24,3.21
2013-01-25,3.29
2013-01-26,3.29
2013-01-27,3.34
2013-01-28,3.34
2013-01-29,3.39
2013-01-30,3.41
2013-01-31,3.43
2013-02-01,3.56
2013-02-02,3.48
2013-02-03,3.46
2013-02-04,3.48
2013-02-05,3.53
2013-02-06,3.56
2013-02-07,3.53
2013-02-08,3.56
2013-02-09,3.58
2013-02-10,3.68
2013-02-11,3.68
2013-02-12,3.65
2013-02-13,3.7
2013-02-14,3.73
2013-02-15,3.73
2013-02-16,3.75
2013-02-17,3.78
2013-02-18,3.75
2013-02-19,3.73
2013-02-20,3.73
2013-02-21,3.7
2013-02-22,3.7
2013-02-23,3.65
2013-02-24,3.63
2013-02-25,3.61
2013-02-26,3.58
2013-02-27,3.61
2013-02-28,3.61
2013-03-01,3.58
2013-03-02,3.58
2013-03-03,3.61
2013-03-04,3.63
2013-03-05,3.65
2013-03-06,3.63
2013-03-07,3.63
2013-03-08,3.63
2013-03-09,3.58
2013-03-10,3.58
2013-03-11,3.61
2013-03-12,3.61
2013-03-13,3.56
2013-03-14,3.51
2013-03-15,3.53
2013-03-16,3.58
2013-03-17,3.58
2013-03-18,3.58
2013-03-19,3.58
2013-03-20,3.58
2013-03-21,3.58
2013-03-22,3.61
2013-03-23,3.61
2013-03-24,3.61
2013-03-25,3.61
2013-03-26,3.63
2013-03-27,3.63
2013-03-28,3.61
2013-03-29,3.63
2013-03-30,3.63
2013-03-31,3.63
2013-04-01,3.63
2013-04-02,3.63
2013-04-03,3.61
2013-04-04,3.61
2013-04-05,3.58
2013-04-06,3.63
2013-04-07,3.56
2013-04-08,3.58
2013-04-09,3.58
2013-04-10,3.56
2013-04-11,3.63
2013-04-12,3.63
2013-04-13,3.65
2013-04-14,3.7
2013-04-15,3.7
2013-04-16,3.7
2013-04-17,3.75
2013-04-18,3.78
2013-04-19,3.75
2013-04-20,3.75
2013-04-21,3.78
2013-04-22,3.75
2013-04-23,3.75
2013-04-24,3.73
2013-04-25,3.75
2013-04-26,3.75
2013-04-27,3.75
2013-04-28,3.73
2013-04-29,3.7
2013-04-30,3.7
2013-05-01,3.7
2013-05-02,3.68
2013-05-03,3.68
2013-05-04,3.65
2013-05-05,3.65
2013-05-06,3.68
2013-05-07,3.68
2013-05-08,3.65
2013-05-09,3.63
2013-05-10,3.63
2013-05-11,3.61
2013-05-12,3.61
2013-05-13,3.61
2013-05-14,3.68
2013-05-15,3.65
2013-05-16,3.65
2013-05-17,3.65
2013-05-18,3.48
2013-05-19,3.46
2013-05-20,3.41
2013-05-21,3.43
2013-05-22,3.41
2013-05-23,3.41
2013-05-24,3.43
2013-05-25,3.41
2013-05-26,3.41
2013-05-27,3.46
2013-05-28,3.43
2013-05-29,3.41
2013-05-30,3.41
2013-05-31,3.36
2013-06-01,3.36
2013-06-02,3.34
2013-06-03,3.36
2013-06-04,3.36
2013-06-05,3.39
2013-06-06,3.36
2013-06-07,-1.99
2013-06-08,2.99
2013-06-09,3.19
2013-06-10,3.21
2013-06-11,3.21
2013-06-12,3.24
2013-06-13,3.24
2013-06-14,3.24
2013-06-15,3.21
2013-06-16,3.26
2013-06-17,3.26
2013-06-18,3.24
2013-06-19,3.24
2013-06-20,3.24
2013-06-21,3.21
2013-06-22,3.21
2013-06-23,3.21
2013-06-24,3.17
2013-06-25,-2.26
2013-06-26,2.53
2013-06-27,2.33
2013-06-28,2.24
2013-06-29,2.31
2013-06-30,-2.77
2013-07-01,2.38
2013-07-02,-2.77
2013-07-03,-2.85
2013-07-04,-2.94
2013-07-05,-2.99
2013-07-06,2.16
2013-07-07,2.07
2013-07-08,1.92
2013-07-09,-3.07
2013-07-10,-3.09
2013-07-11,1.87
2013-07-12,-3.19
2013-07-13,1.8
2013-07-14,1.87
2013-07-15,1.7
2013-07-16,1.82
2013-07-17,1.65
2013-07-18,-3.36
2013-07-19,-3.43
2013-07-20,1.55
2013-07-21,-3.48
2013-07-22,-3.51
2013-07-23,1.48
2013-07-24,1.6
2013-07-25,-3.58
2013-07-26,-3.6
2013-07-27,-3.6
2013-07-28,1.5
2013-07-29,-3.65
2013-07-30,1.63
2013-07-31,-3.63
2013-08-01,-3.65
2013-08-02,-3.68
2013-08-03,-3.73
2013-08-04,1.55
2013-08-05,-3.7
2013-08-06,1.38
2013-08-07,-3.75
2013-08-08,-3.8
2013-08-09,-3.85
2013-08-10,1.26
2013-08-11,-3.87
2013-08-12,-3.9
2013-08-13,-3.92
2013-08-15,-3.97
2013-08-16,1.41
2013-08-17,1.68
2013-08-18,1.77
2013-08-19,1.85
2013-08-20,1.89
2013-08-21,1.94
2013-08-24,1.28
2013-08-27,1.04
2013-08-28,-4.04
2013-08-30,1.04
2013-08-31,-4.14
2013-09-01,1.11
2013-09-02,1.02
2013-09-04,-4.21
2013-09-05,0.99
2013-09-07,-4.26
2013-09-08,-4.29
2013-09-09,0.92
2013-09-10,1.16
2013-09-11,1.19
2013-09-12,1.33
2013-09-13,1.48
2013-09-14,1.6
2013-09-15,1.68
2013-09-16,1.75
2013-09-17,1.8
2013-09-18,1.82
2013-09-19,1.85
2013-09-20,1.87
2013-09-21,1.89
2013-09-22,1.92
2013-09-23,1.97
2013-09-24,1.99
2013-09-25,1.99
2013-09-26,2.02
2013-09-27,2.04
2013-09-28,2.07
2013-09-30,2.07
2013-10-01,2.07
2013-10-02,2.09
2013-10-03,2.07
2013-10-04,2.09
2013-10-05,2.09
2013-10-06,2.09
2013-10-07,2.11
2013-10-08,2.11
2013-10-09,2.14
2013-10-11,2.16
2013-10-12,2.16
2013-10-13,2.16
2013-10-14,2.19
2013-10-15,2.21
2013-10-17,2.21
2013-10-18,2.24
2013-10-19,2.27
2013-10-20,2.26
2013-10-21,2.26
2013-10-22,2.3
2013-10-23,2.3
2013-10-24,2.29
2013-10-25,2.26
2013-10-26,2.26
2013-10-27,2.29
2013-10-28,2.29
2013-10-29,2.24
2013-10-30,2.26
2013-10-31,2.29
2013-11-01,2.31
2013-11-03,2.33
2013-11-04,2.36
2013-11-05,2.36
2013-11-06,2.36
2013-11-07,2.38
2013-11-08,2.38
2013-11-09,2.41
2013-11-10,2.41
2013-11-11,2.41
2013-11-12,2.43
2013-11-13,2.43
2013-11-14,2.46
2013-11-15,2.46
2013-11-16,2.48
2013-11-17,2.51
2013-11-18,2.51
2013-11-20,2.55
2013-11-25,2.48
2013-11-26,2.48
2013-11-27,2.51
2013-11-28,2.51
2013-11-29,2.53
2013-11-30,2.53
2013-12-01,2.53
2013-12-02,2.53
2013-12-03,2.53
2013-12-04,2.53
2013-12-05,2.53
2013-12-06,2.53
2013-12-07,2.55
2013-12-08,2.55
2013-12-09,2.55
2013-12-11,2.55
2013-12-12,2.58
2013-12-13,2.55
2013-12-14,2.55
2013-12-15,2.55
2013-12-16,2.58
2013-12-17,2.58
2013-12-18,2.63
2013-12-19,2.63
2013-12-20,2.55
2013-12-21,2.6
2013-12-22,2.63
2013-12-23,2.7
2013-12-24,2.75
2013-12-25,2.75
2013-12-26,2.7
2013-12-27,2.77
2013-12-28,2.75
2013-12-29,2.73
2013-12-30,2.82
2013-12-31,2.85
2014-01-01,2.9
2014-01-02,2.92
2014-01-04,2.95
2014-01-05,2.92
2014-01-06,2.92
2014-01-08,2.95
2014-01-10,2.95
2014-01-12,2.95
2014-01-13,2.99
2014-01-15,3.04
2014-01-16,3.07
2014-01-17,3.12
2014-01-18,3.14
2014-01-19,3.12
2014-01-20,3.09
2014-01-21,3.14
2014-01-22,3.14
2014-01-24,3.19
2014-01-25,3.19
2014-01-26,3.29
2014-01-27,3.31
2014-01-28,3.43
2014-01-29,3.41
2014-01-30,3.41
2014-01-31,3.46
2014-02-01,3.46
2014-02-02,3.48
2014-02-03,3.53
2014-02-04,3.58
2014-02-05,3.53
2014-02-06,3.61
2014-02-07,3.56
2014-02-08,3.58
2014-02-09,3.63
2014-02-10,3.63
2014-02-11,3.61
2014-02-12,3.63
2014-02-13,3.65
2014-02-14,3.73
2014-02-15,3.7
2014-02-16,3.73
2014-02-17,3.75
2014-02-18,3.73
2014-02-19,3.73
2014-02-20,3.75
2014-02-21,3.73
2014-02-22,3.73
2014-02-23,3.78
2014-02-24,3.78
2014-02-25,3.78
2014-02-26,3.73
2014-02-27,3.8
2014-02-28,3.85
2014-03-01,3.9
2014-03-02,3.95
2014-03-03,3.95
2014-03-04,3.9
2014-03-05,3.85
2014-03-06,3.87
2014-03-07,3.9
2014-03-08,3.92
2014-03-09,3.9
2014-03-10,3.87
2014-03-11,3.85
2014-03-12,3.83
2014-03-13,3.83
2014-03-14,3.83
2014-03-15,3.78
2014-03-16,3.8
2014-03-17,3.83
2014-03-18,3.8
2014-03-19,3.78
2014-03-20,3.8
2014-03-21,3.8
2014-03-22,3.8
2014-03-23,3.75
2014-03-24,3.78
2014-03-25,3.8
2014-03-26,3.73
2014-03-27,3.75
2014-03-28,3.75
2014-03-29,3.75
2014-03-30,3.73
2014-04-01,3.75
2014-04-03,3.75
2014-04-04,3.68
2014-04-05,3.68
2014-04-06,3.68
2014-04-07,3.68
2014-04-08,3.63
2014-04-09,3.63
2014-04-10,3.68
2014-04-11,3.66
2014-04-12,3.64
2014-04-13,3.61
2014-04-14,3.64
2014-04-15,3.61
2014-04-16,3.59
2014-04-17,3.58
2014-04-18,3.58
2014-04-19,3.58
2014-04-20,3.58
2014-04-21,3.53
2014-04-22,3.49
2014-04-23,3.46
2014-04-24,3.48
2014-04-25,3.46
2014-04-26,3.48
2014-04-27,3.48
2014-04-28,3.45
2014-04-29,3.48
2014-05-01,3.46
2014-05-02,3.41
2014-05-03,3.41
2014-05-04,3.43
2014-05-05,3.46
2014-05-06,3.39
2014-05-08,3.31
2014-05-10,3.31
2014-05-12,3.27
2014-05-14,3.21
2014-05-15,3.21
2014-05-16,3.24
2014-05-17,3.26
2014-05-18,3.29
2014-05-19,3.29
2014-05-21,3.29
2014-05-24,3.26
2014-05-26,3.26
2014-05-27,3.29
2014-05-28,3.26
2014-05-30,3.26
2014-06-01,3.26
2014-06-02,3.24
2014-06-03,3.29
2014-06-05,3.29
2014-06-06,3.29
2014-06-07,3.26
2014-06-08,3.24
2014-06-09,3.24
2014-06-10,3.21
2014-06-11,3.21
2014-06-12,3.21
2014-06-13,3.21
2014-06-14,3.19
2014-06-17,3.12
2014-06-19,2.8
2014-06-20,2.92
2014-06-21,2.95
2014-06-22,2.95
2014-06-23,2.92
2014-06-24,2.9
2014-06-25,2.31
2014-06-26,-2.77
2014-06-27,1.94
2014-06-29,-3.07
2014-06-30,-3.11
2014-07-01,-3.14
2014-07-03,1.85
2014-07-04,1.82
2014-07-05,-3.24
2014-07-06,-3.29
2014-07-07,-3.33
2014-07-08,1.65
2014-07-09,-3.36
2014-07-10,1.7
2014-07-11,1.75
2014-07-12,1.7
2014-07-13,-3.43
2014-07-14,1.5
2014-07-15,-3.48
2014-07-17,-3.51
2014-07-18,-3.53
2014-07-19,1.48
2014-07-20,-3.31
2014-07-21,1.7
2014-07-22,-3.55
2014-07-24,1.46
2014-07-25,-3.65
2014-07-28,-3.75
2014-07-29,1.41
2014-07-30,-3.77
2014-07-31,-3.8
2014-08-01,-3.85
2014-08-02,-3.8
2014-08-03,-3.88
2014-08-04,-3.9
2014-08-05,1.31
2014-08-06,1.21
2014-08-07,-3.85
2014-08-08,1.33
2014-08-09,-3.9
2014-08-11,-3.95
2014-08-12,-3.92
2014-08-13,-3.92
2014-08-14,1.31
2014-08-15,-3.93
2014-08-16,1.41
2014-08-17,-3.92
2014-08-18,-3.93
2014-08-19,-3.95
2014-08-20,-3.97
2014-08-21,1.26
2014-08-22,1.36
2014-08-23,-3.97
2014-08-24,-4.04
2014-08-25,-4.04
2014-08-26,-4.07
2014-08-27,-4.12
2014-08-28,-4.14
2014-08-29,-4.17
2014-08-30,-4.19
2014-09-01,-4.21
2014-09-02,-4.21
2014-09-03,-4.22
2014-09-04,-4.24
2014-09-05,-4.26
2014-09-06,-4.26
2014-09-07,-4.29
2014-09-08,-4.29
2014-09-09,-4.31
2014-09-10,-4.31
2014-09-12,-4.34
2014-09-14,-4.36
2014-09-15,1.41
2014-09-16,1.6
2014-09-17,1.7
2014-09-18,1.8
2014-09-19,1.82
2014-09-20,1.87
2014-09-21,1.92
2014-09-22,1.94
2014-09-23,1.99
2014-09-24,1.99
2014-09-25,2.02
2014-09-26,2.04
2014-09-27,2.07
2014-09-28,2.09
2014-09-29,2.09
2014-10-01,2.11
2014-10-02,2.14
2014-10-03,2.16
2014-10-04,2.16
2014-10-05,2.19
2014-10-06,2.21
2014-10-07,2.21
2014-10-08,2.24
2014-10-09,2.24
2014-10-10,2.24
2014-10-11,2.26
2014-10-12,2.29
2014-10-13,2.29
2014-10-14,2.29
2014-10-16,2.31
2014-10-17,2.31
2014-10-18,2.31
2014-10-19,2.31
2014-10-20,2.31
2014-10-21,2.31
2014-10-22,2.31
2014-10-23,2.33
2014-10-24,2.36
2014-10-25,2.34
2014-10-26,2.36
2014-10-27,2.36
2014-10-28,2.38
2014-10-29,2.38
2014-10-31,2.38
2014-11-01,2.38
2014-11-02,2.41
2014-11-03,2.46
2014-11-04,2.43
2014-11-05,2.41
2014-11-06,2.43
2014-11-07,2.41
2014-11-08,2.48
2014-11-09,2.46
2014-11-10,2.51
2014-11-11,2.51
2014-11-12,2.48
2014-11-13,2.51
2014-11-14,2.51
2014-11-15,2.55
2014-11-16,2.55
2014-11-17,2.58
2014-11-18,2.6
2014-11-19,2.6
2014-11-20,2.6
2014-11-21,2.63
2014-11-22,2.63
2014-11-23,2.65
2014-11-24,2.63
2014-11-25,2.73
2014-11-26,2.7
2014-11-27,2.75
2014-11-30,2.68
2014-12-02,2.68
2014-12-03,2.7
2014-12-04,2.7
2014-12-05,2.7
2014-12-06,2.7
2014-12-07,2.7
2014-12-08,2.7
2014-12-09,2.7
2014-12-10,2.73
2014-12-11,2.75
2014-12-12,2.77
2014-12-15,2.75
2014-12-16,2.75
2014-12-17,2.75
2014-12-18,2.77
2014-12-19,2.73
2014-12-20,2.73
2014-12-21,2.77
2014-12-22,2.8
2014-12-23,2.8
2014-12-24,2.83
2014-12-25,2.8
2014-12-26,2.85
2014-12-27,2.87
2014-12-28,2.82
2014-12-29,2.77
2014-12-30,2.82
2015-01-01,2.82
2015-01-03,2.85
2015-01-04,2.85
2015-01-05,2.87
2015-01-07,2.87
2015-01-08,2.85
2015-01-09,2.85
2015-01-10,2.85
2015-01-11,2.85
2015-01-12,2.92
2015-01-13,2.95
2015-01-14,2.95
2015-01-15,2.99
2015-01-16,2.99
2015-01-17,3.02
2015-01-18,3.07
2015-01-19,3.07
2015-01-20,3.09
2015-01-21,3.14
2015-01-24,3.04
2015-01-25,3.04
2015-01-26,3.14
2015-01-27,3.09
2015-01-28,3.14
2015-01-29,3.26
2015-01-30,3.24
2015-02-02,3.24
2015-02-04,3.19
2015-02-05,3.19
2015-02-08,3.14
2015-02-09,3.17
2015-02-10,3.19
2015-02-11,3.19
2015-02-12,3.19
2015-02-13,3.21
2015-02-14,3.21
2015-02-18,3.19
2015-02-19,3.24
2015-02-20,3.34
2015-02-21,3.34
2015-02-22,3.36
2015-02-23,3.39
2015-02-24,3.38
2015-02-25,3.39
2015-02-26,3.41
2015-02-28,3.46
2015-03-01,3.46
2015-03-03,3.46
2015-03-04,3.43
2015-03-05,3.43
2015-03-06,3.46
2015-03-10,3.43
2015-03-11,3.41
2015-03-12,3.43
2015-03-13,3.43
2015-03-15,3.41
2015-03-16,3.41
2015-03-18,3.39
2015-03-20,3.41
2015-03-22,3.39
2015-03-23,3.41
2015-03-24,3.41
2015-03-25,3.39
2015-03-26,3.39
2015-03-27,3.39
2015-03-28,3.34
2015-03-29,3.36
2015-03-30,3.39
2015-03-31,3.38
2015-04-01,3.34
2015-04-02,3.34
2015-04-03,3.36
2015-04-07,3.31
2015-04-08,3.34
2015-04-09,3.34
2015-04-12,3.31
2015-04-14,3.31
2015-04-15,3.34
2015-04-16,3.34
2015-04-18,3.31
2015-04-22,3.26
2015-04-23,3.21
2015-04-24,3.21
2015-04-25,3.19
2015-04-26,3.19
2015-04-27,3.17
2015-04-28,3.12
2015-04-29,3.12
2015-04-30,3.14
2015-05-01,3.19
2015-05-02,3.19
2015-05-03,3.21
2015-05-04,3.29
2015-05-05,3.21
2015-05-06,3.19
2015-05-07,3.24
2015-05-08,3.24
2015-05-09,3.19
2015-05-10,3.21
2015-05-11,3.21
2015-05-12,3.19
2015-05-14,3.21
2015-05-15,3.17
2015-05-16,3.17
2015-05-17,3.21
2015-05-18,3.24
2015-05-19,3.21
2015-05-20,3.17
2015-05-21,3.17
2015-05-22,3.19
2015-05-23,3.19
2015-05-24,3.19
2015-05-25,3.19
2015-05-26,3.19
2015-05-27,3.17
2015-05-28,3.17
2015-05-29,3.17
2015-05-30,3.14
2015-05-31,3.12
2015-06-01,3.12
2015-06-02,3.07
2015-06-03,3.05
2015-06-04,3.09
2015-06-05,3.09
2015-06-06,3.07
2015-06-07,3.07
2015-06-08,3.07
2015-06-09,2.8
2015-06-10,2.38
2015-06-11,2.87
2015-06-12,2.95
2015-06-13,2.99
2015-06-14,2.99
2015-06-17,2.99
2015-06-18,2.99
2015-06-19,2.99
2015-06-20,2.99
2015-06-21,2.99
2015-06-22,2.99
2015-06-23,-2.55
2015-06-24,-2.85
2015-06-25,-2.97
2015-06-26,-3.04
2015-06-27,-3.11
2015-06-30,-3.26
2015-07-01,-3.31
2015-07-02,-3.36
2015-07-03,-3.41
2015-07-05,-3.48
2015-07-06,-3.53
2015-07-07,-3.55
2015-07-08,-3.6
2015-07-10,-3.68
2015-07-13,-3.8
2015-07-14,-3.82
2015-07-15,-3.85
2015-07-16,-3.85
2015-07-17,-3.9
2015-07-18,-3.92
2015-07-19,-3.95
2015-07-20,-3.97
2015-07-21,-4.02
2015-07-22,-4.04
2015-07-23,-4.04
2015-07-24,-4.07
2015-07-25,-4.09
2015-07-26,-4.12
2015-07-27,-4.14
2015-07-28,-4.17
2015-07-29,-4.19
2015-07-30,-4.21
2015-07-31,-4.24
2015-08-01,-4.26
2015-08-02,-4.29
2015-08-03,-4.31
2015-08-04,-4.34
2015-08-05,-4.34
2015-08-06,-4.36
2015-08-07,-4.39
2015-08-08,-4.43
2015-08-09,-4.43
2015-08-10,-4.43
2015-08-11,-4.46
2015-08-12,-4.46
2015-08-13,-4.46
2015-08-14,-4.46
2015-08-15,-4.48
2015-08-16,-4.48
2015-08-17,1.11
2015-08-18,-4.38
2015-08-19,-4.46
2015-08-20,-4.51
2015-08-21,-4.51
2015-08-22,-4.51
2015-08-23,-4.51
2015-08-24,-4.48
2015-08-25,-4.53
2015-08-26,-4.53
2015-08-27,1.24
2015-08-28,1.43
2015-08-29,1.55
2015-08-30,1.65
2015-08-31,1.72
2015-09-01,1.75
2015-09-02,1.82
2015-09-03,1.85
2015-09-04,1.87
2015-09-05,1.75
2015-09-06,1.72
2015-09-07,1.7
2015-09-08,1.72
2015-09-09,1.72
2015-09-10,1.72
2015-09-11,1.72
2015-09-12,1.72
2015-09-13,1.77
2015-09-14,1.77
2015-09-15,1.8
2015-09-16,1.92
2015-09-17,1.97
2015-09-18,1.99
2015-09-19,2.04
2015-09-20,2.07
2015-09-21,2.11
2015-09-22,2.14
2015-09-23,2.14
2015-09-24,2.14
2015-09-25,2.16
2015-09-26,2.19
2015-09-27,2.19
2015-09-28,2.21
2015-09-29,2.21
2015-09-30,2.24
2015-10-01,2.26
2015-10-02,2.26
2015-10-03,2.26
2015-10-04,2.31
2015-10-05,2.33
2015-10-06,2.33
2015-10-07,2.29
2015-10-08,2.31
2015-10-09,2.33
2015-10-10,2.36
2015-10-11,2.36
2015-10-12,2.33
2015-10-13,2.33
2015-10-14,2.36
2015-10-15,2.36
2015-10-16,2.38
2015-10-17,2.38
2015-10-18,2.38
2015-10-19,2.38
2015-10-20,2.36
2015-10-21,2.38
2015-10-22,2.38
2015-10-23,2.41
2015-10-24,2.41
2015-10-25,2.43
2015-10-26,2.46
2015-10-27,2.43
2015-10-28,2.43
2015-10-29,2.43
2015-10-30,2.46
2015-10-31,2.43
2015-11-01,2.46
2015-11-02,2.48
2015-11-03,2.48
2015-11-04,2.46
2015-11-05,2.46
2015-11-06,2.46
2015-11-07,2.46
2015-11-08,2.48
2015-11-09,2.46
2015-11-10,2.48
2015-11-11,2.48
2015-11-12,2.48
2015-11-13,2.46
2015-11-14,2.48
2015-11-15,2.51
2015-11-16,2.51
2015-11-17,2.51
2015-11-18,2.51
2015-11-19,2.51
2015-11-20,2.55
2015-11-21,2.55
2015-11-22,2.53
2015-11-23,2.51
2015-11-24,2.55
2015-11-25,2.58
2015-11-26,2.55
2015-11-27,2.58
2015-11-28,2.53
2015-11-29,2.53
2015-11-30,2.53
2015-12-01,2.55
2015-12-02,2.55
2015-12-03,2.58
2015-12-04,2.53
2015-12-05,2.58
2015-12-06,2.58
2015-12-07,2.58
2015-12-08,2.55
2015-12-09,2.55
2015-12-10,2.58
2015-12-11,2.58
2015-12-12,2.6
2015-12-13,2.63
2015-12-14,2.6
2015-12-15,2.6
2015-12-16,2.58
2015-12-17,2.6
2015-12-18,2.6
2015-12-19,2.65
2015-12-20,2.6
2015-12-21,2.58
2015-12-22,2.6
2015-12-23,2.63
2015-12-24,2.63
2015-12-25,2.6
2015-12-26,2.63
2015-12-27,2.65
2015-12-28,2.65
2015-12-29,2.63
2015-12-30,2.68
2015-12-31,2.63
2016-01-01,2.7
2016-01-02,2.65
2016-01-03,2.75
2016-01-04,2.75
2016-01-05,2.75
2016-01-06,2.8
2016-01-07,2.8
2016-01-08,2.82
2016-01-09,2.85
2016-01-10,2.87
2016-01-11,2.87
2016-01-12,2.82
2016-01-13,2.87
2016-01-14,2.87
2016-01-15,2.85
2016-01-16,2.87
2016-01-17,2.92
2016-01-18,2.97
2016-01-19,2.95
2016-01-20,2.92
2016-01-21,2.92
2016-01-22,2.92
2016-01-23,2.92
2016-01-24,2.95
2016-01-25,2.97
2016-01-26,2.97
2016-01-27,2.97
2016-01-28,2.97
2016-01-29,2.97
2016-01-30,2.99
2016-01-31,3.02
2016-02-01,3.02
2016-02-02,3.04
2016-02-03,3.04
2016-02-04,3.04
2016-02-05,3.09
2016-02-06,3.14
2016-02-07,3.14
2016-02-08,3.12
2016-02-09,3.19
2016-02-10,3.17
2016-02-11,3.21
2016-02-12,3.26
2016-02-13,3.29
2016-02-14,3.31
2016-02-15,3.29
2016-02-16,3.26
2016-02-17,3.34
2016-02-18,3.36
2016-02-19,3.29
2016-02-20,3.31
2016-02-21,3.34
2016-02-22,3.34
2016-02-23,3.34
2016-02-24,3.39
2016-02-25,3.39
2016-02-26,3.48
2016-02-27,3.51
2016-02-28,3.43
2016-02-29,3.39
2016-03-01,3.41
2016-03-02,3.43
2016-03-03,3.46
2016-03-04,3.53
2016-03-05,3.53
2016-03-06,3.51
2016-03-07,3.48
2016-03-08,3.46
2016-03-09,3.53
2016-03-10,3.51
2016-03-11,3.48
2016-03-12,3.51
2016-03-13,3.51
2016-03-14,3.53
2016-03-15,3.53
2016-03-16,3.51
2016-03-17,3.48
2016-03-18,3.48
2016-03-19,3.51
2016-03-20,3.48
2016-03-21,3.46
2016-03-22,3.48
2016-03-23,3.43
2016-03-24,3.43
2016-03-25,3.43
2016-03-26,3.48
2016-03-27,3.48
2016-03-28,3.51
2016-03-29,3.43
2016-03-30,3.46
2016-03-31,3.46
2016-04-01,3.43
2016-04-02,3.46
2016-04-03,3.48
2016-04-04,3.48
2016-04-05,3.46
2016-04-06,3.41
2016-04-07,3.41
2016-04-08,3.43
2016-04-09,3.46
2016-04-10,3.48
2016-04-11,3.46
2016-04-12,3.43
2016-04-13,3.43
2016-04-14,3.43
2016-04-15,3.43
2016-04-16,3.43
2016-04-17,3.41
2016-04-18,3.36
2016-04-19,3.39
2016-04-20,3.39
2016-04-21,3.39
2016-04-22,3.39
2016-04-23,3.39
2016-04-24,3.36
2016-04-25,3.39
2016-04-26,3.39
2016-04-27,3.36
2016-04-28,3.36
2016-04-29,3.34
2016-04-30,3.34
2016-05-01,3.31
2016-05-02,3.31
2016-05-03,3.31
2016-05-04,3.34
2016-05-05,3.36
2016-05-06,3.36
2016-05-07,3.36
2016-05-08,3.39
2016-05-09,3.36
2016-05-10,3.34
2016-05-11,3.34
2016-05-12,3.34
2016-05-13,3.31
2016-05-14,3.29
2016-05-15,3.24
2016-05-16,3.24
2016-05-17,3.26
2016-05-18,3.29
2016-05-19,3.26
2016-05-20,3.24
2016-05-21,3.29
2016-05-22,3.29
2016-05-23,3.24
2016-05-24,3.29
2016-05-25,3.29
2016-05-26,3.26
2016-05-27,3.24
2016-05-28,3.26
2016-05-29,3.26
2016-05-30,3.24
2016-05-31,3.24
2016-06-01,3.24
2016-06-02,3.24
2016-06-03,3.26
2016-06-04,3.24
2016-06-05,3.24
2016-06-06,3.24
2016-06-07,3.21
2016-06-08,3.19
2016-06-09,3.21
2016-06-10,3.24
2016-06-11,3.21
2016-06-12,3.21
2016-06-13,3.24
2016-06-14,3.21
2016-06-15,3.19
2016-06-16,3.14
2016-06-17,3.09
2016-06-18,3.04
2016-06-19,3.07
2016-06-20,3.07
2016-06-21,3.04
2016-06-22,3.12
2016-06-23,3.12
2016-06-24,2.63
2016-06-25,2.38
2016-06-26,-2.77
2016-06-27,-2.89
2016-06-28,-2.94
2016-06-29,-3.02
2016-06-30,2.24
2016-07-01,-2.94
2016-07-02,-3.14
2016-07-03,-3.21
2016-07-04,-3.26
2016-07-05,-3.31
2016-07-06,-3.36
2016-07-08,-3.41
2016-07-09,-3.46
2016-07-10,-3.46
2016-07-11,-3.51
2016-07-12,-3.53
2016-07-13,-3.6
2016-07-14,-3.63
2016-07-15,-3.68
2016-07-16,-3.7
2016-07-17,-3.73
2016-07-18,-3.75
2016-07-19,-3.77
2016-07-20,-3.8
2016-07-21,-3.82
2016-07-22,-3.85
2016-07-23,-3.9
2016-07-24,-3.92
2016-07-25,-3.95
2016-07-26,-3.97
2016-07-27,-3.99
2016-07-28,-4.02
2016-07-29,-4.04
2016-07-30,-4.07
2016-07-31,-4.09
2016-08-01,-4.14
2016-08-02,-4.14
2016-08-03,-4.17
2016-08-04,-4.19
2016-08-05,-4.21
2016-08-06,-4.24
2016-08-07,-4.24
2016-08-08,-4.24
2016-08-09,-4.26
2016-08-10,-4.26
2016-08-11,-4.29
2016-08-12,-4.29
2016-08-13,-4.31
2016-08-14,-4.34
2016-08-15,-4.36
2016-08-16,-4.36
2016-08-17,-4.39
2016-08-18,0.58
2016-08-19,-4.39
2016-08-20,-4.43
2016-08-21,-4.46
2016-08-22,-4.46
2016-08-23,-4.48
2016-08-24,-4.48
2016-08-25,-4.48
2016-08-26,-4.51
2016-08-27,-4.51
2016-08-28,-4.53
2016-08-29,-4.41
2016-08-30,1.11
2016-08-31,1.26
2016-09-01,1.33
2016-09-02,1.38
2016-09-03,1.41
2016-09-04,1.43
2016-09-05,1.46
2016-09-06,1.5
2016-09-07,1.53
2016-09-08,1.53
2016-09-09,1.55
2016-09-10,1.55
2016-09-11,1.58
2016-09-12,1.7
2016-09-13,1.75
2016-09-14,1.77
2016-09-15,1.82
2016-09-16,1.85
2016-09-17,1.87
2016-09-18,1.87
2016-09-19,1.89
2016-09-20,1.92
2016-09-21,1.94
2016-09-22,1.94
2016-09-23,1.97
2016-09-24,1.99
2016-09-25,1.99
2016-09-26,1.99
2016-09-27,1.99
2016-09-28,1.99
2016-09-29,2.07
2016-09-30,2.04
2016-10-01,2.07
2016-10-02,2.04
2016-10-03,2.07
2016-10-04,2.09
2016-10-05,2.09
2016-10-06,2.11
2016-10-07,2.11
2016-10-08,2.09
2016-10-09,2.09
2016-10-10,2.11
2016-10-11,2.14
2016-10-12,2.16
2016-10-13,2.16
2016-10-14,2.14
2016-10-15,2.14
2016-10-16,2.14
2016-10-17,2.14
2016-10-18,2.14
2016-10-19,2.16
2016-10-20,2.16
2016-10-21,2.19
2016-10-22,2.21
2016-10-23,2.21
2016-10-24,2.16
2016-10-25,2.16
2016-10-26,2.14
2016-10-27,2.14
2016-10-28,2.16
2016-10-29,2.19
2016-10-30,2.21
2016-10-31,2.21
2016-11-01,2.21
2016-11-02,2.21
2016-11-03,2.21
2016-11-04,2.24
2016-11-05,2.24
2016-11-06,2.24
2016-11-07,2.24
2016-11-08,2.24
2016-11-09,2.26
2016-11-10,2.24
2016-11-11,2.24
2016-11-12,2.26
2016-11-13,2.24
2016-11-14,2.24
2016-11-15,2.24
2016-11-16,2.29
2016-11-17,2.31
2016-11-18,2.31
2016-11-19,2.33
2016-11-20,2.33
2016-11-21,2.33
2016-11-22,2.29
2016-11-23,2.33
2016-11-24,2.31
2016-11-25,2.31
2016-11-26,2.33
2016-11-27,2.33
2016-11-28,2.33
2016-11-29,2.29
2016-11-30,2.31
2016-12-01,2.33
2016-12-02,2.36
2016-12-03,2.36
2016-12-04,2.36
2016-12-05,2.33
2016-12-06,2.31
2016-12-07,2.31
2016-12-08,2.31
2016-12-09,2.33
2016-12-10,2.36
2016-12-11,2.33
2016-12-12,2.36
2016-12-13,2.36
2016-12-14,2.38
2016-12-15,2.36
2016-12-16,2.36
2016-12-17,2.33
2016-12-18,2.31
2016-12-19,2.31
2016-12-20,2.36
2016-12-21,2.36
2016-12-22,2.33
2016-12-23,2.33
2016-12-24,2.33
2016-12-25,2.33
2016-12-26,2.31
2016-12-27,2.33
2016-12-28,2.33
2016-12-29,2.33
2016-12-30,2.33
2016-12-31,2.33
2017-01-01,2.41
2017-01-02,2.41
2017-01-03,2.41
2017-01-04,2.41
2017-01-05,2.38
2017-01-06,2.36
2017-01-07,2.41
2017-01-08,2.41
2017-01-09,2.41
2017-01-10,2.41
2017-01-11,2.41
2017-01-12,2.48
2017-01-13,2.43
2017-01-14,2.41
2017-01-15,2.43
2017-01-16,2.43
2017-01-17,2.41
2017-01-18,2.43
2017-01-19,2.43
2017-01-20,2.43
2017-01-21,2.46
2017-01-22,2.43
2017-01-23,2.43
2017-01-24,2.43
2017-01-25,2.46
2017-01-26,2.48
2017-01-27,2.48
2017-01-28,2.46
2017-01-29,2.46
2017-01-30,2.46
2017-01-31,2.48
2017-02-01,2.48
2017-02-02,2.51
2017-02-03,2.51
2017-02-04,2.53
2017-02-05,2.53
2017-02-06,2.53
2017-02-07,2.48
2017-02-08,2.48
2017-02-09,2.53
2017-02-10,2.53
2017-02-11,2.53
2017-02-12,2.55
2017-02-13,2.53
2017-02-14,2.51
2017-02-15,2.48
2017-02-16,2.51
2017-02-17,2.51
2017-02-18,2.53
2017-02-19,2.51
2017-02-20,2.51
2017-02-21,2.53
2017-02-22,2.55
2017-02-23,2.55
2017-02-24,2.53
2017-02-25,2.53
2017-02-26,2.55
2017-02-27,2.58
2017-02-28,2.58
2017-03-01,2.55
2017-03-02,2.58
2017-03-03,2.65
2017-03-04,2.6
2017-03-05,2.6
2017-03-06,2.63
2017-03-07,2.63
2017-03-08,2.63
2017-03-09,2.68
2017-03-10,2.73
2017-03-11,2.73
2017-03-12,2.7
2017-03-13,2.68
2017-03-14,2.68
2017-03-15,2.7
2017-03-16,2.73
2017-03-17,2.7
2017-03-18,2.7
2017-03-19,2.7
2017-03-20,2.73
2017-03-21,2.7
2017-03-22,2.75
2017-03-23,2.75
2017-03-24,2.73
2017-03-25,2.75
2017-03-26,2.75
2017-03-27,2.75
2017-03-28,2.73
2017-03-29,2.75
2017-03-30,2.77
2017-03-31,2.77
2017-04-01,2.75
2017-04-02,2.75
2017-04-03,2.73
2017-04-04,2.73
2017-04-05,2.73
2017-04-06,2.73
2017-04-07,2.75
2017-04-08,2.75
2017-04-09,2.75
2017-04-10,2.73
2017-04-11,2.73
2017-04-12,2.75
2017-04-13,2.75
2017-04-14,2.73
2017-04-15,2.73
2017-04-16,2.73
2017-04-17,2.73
2017-04-18,2.73
2017-04-19,2.7
2017-04-20,2.65
2017-04-21,2.65
2017-04-22,2.65
2017-04-23,2.65
2017-04-24,2.65
2017-04-25,2.65
2017-04-26,2.63
2017-04-27,2.6
2017-04-28,2.58
2017-04-29,2.63
2017-04-30,2.65
2017-05-01,2.63
2017-05-02,2.63
2017-05-03,2.63
2017-05-04,2.63
2017-05-05,2.65
2017-05-06,2.65
2017-05-07,2.6
2017-05-08,2.63
2017-05-09,2.68
2017-05-10,2.7
2017-05-11,2.7
2017-05-12,2.7
2017-05-13,2.65
2017-05-14,2.6
2017-05-15,2.6
2017-05-16,2.63
2017-05-17,2.65
2017-05-18,2.65
2017-05-19,2.65
2017-05-20,2.63
2017-05-21,2.68
2017-05-22,2.68
2017-05-23,2.65
2017-05-24,2.65
2017-05-25,2.68
2017-05-26,2.68
2017-05-27,2.65
2017-05-28,2.65
2017-05-29,2.65
2017-05-30,2.63
2017-05-31,2.63
2017-06-01,2.63
2017-06-02,2.63
2017-06-03,2.63
2017-06-04,2.63
2017-06-05,2.65
2017-06-06,2.65
2017-06-07,2.6
2017-06-08,2.65
2017-06-09,2.6
2017-06-10,2.6
2017-06-11,2.6
2017-06-12,2.6
2017-06-13,2.6
2017-06-14,2.6
2017-06-15,2.58
2017-06-16,2.53
2017-06-17,2.53
2017-06-18,2.53
2017-06-19,2.51
2017-06-20,2.09
2017-06-21,-3.31
2017-06-22,-3.48
2017-06-23,-3.58
2017-06-24,-3.68
2017-06-25,-3.73
2017-06-26,-3.75
2017-06-27,-3.8
2017-06-28,-3.82
2017-06-29,-3.87
2017-06-30,-3.9
2017-07-01,-3.95
2017-07-02,-3.97
2017-07-03,-3.99
2017-07-04,-4.02
2017-07-05,-4.02
2017-07-06,-4.04
2017-07-07,-4.09
2017-07-08,-4.09
2017-07-09,-4.09
2017-07-10,-4.12
2017-07-11,-4.17
2017-07-12,-4.17
2017-07-13,-4.19
2017-07-14,-4.21
2017-07-15,-4.24
2017-07-16,-4.26
2017-07-17,-4.24
2017-07-18,-4.26
2017-07-19,-4.29
2017-07-20,-4.31
2017-07-21,-4.34
2017-07-22,-4.34
2017-07-23,-4.36
2017-07-24,-4.36
2017-07-25,-4.39
2017-07-26,-4.39
2017-07-27,-4.41
2017-07-28,-4.43
2017-07-29,-4.43
2017-07-30,-4.46
2017-07-31,-4.48
2017-08-01,-4.48
2017-08-02,-4.48
2017-08-03,-4.51
2017-08-04,-4.53
2017-08-05,0.82
2017-08-06,-4.53
2017-08-07,0.87
2017-08-08,0.58
2017-08-09,0.65
2017-08-10,0.6
2017-08-11,0.65
2017-08-12,0.62
2017-08-13,0.62
2017-08-14,0.6
2017-08-15,0.62
2017-08-16,0.62
2017-08-17,0.62
2017-08-18,0.65
2017-08-19,0.62
2017-08-20,0.65
2017-08-21,0.65
2017-08-22,0.65
2017-08-23,0.62
2017-08-24,0.65
2017-08-25,0.65
2017-08-26,0.65
2017-08-27,0.65
2017-08-28,0.65
2017-08-29,0.94
2017-08-30,0.84
2017-08-31,0.84
2017-09-01,0.67
2017-09-02,0.67
2017-09-03,0.67
2017-09-04,0.97
2017-09-05,0.97
2017-09-06,0.99
2017-09-07,0.99
2017-09-08,1.09
2017-09-09,1.02
2017-09-10,1.02
2017-09-11,1.09
2017-09-12,1.04
2017-09-13,1.11
2017-09-14,1.04
2017-09-15,1.11
2017-09-16,1.02
2017-09-17,1.06
2017-09-18,1.24
2017-09-19,1.31
2017-09-20,1.11
2017-09-21,1.09
2017-09-22,1.04
2017-09-23,1.11
2017-09-24,1.09
2017-09-25,1.04
2017-09-26,1.11
2017-09-27,1.06
2017-09-28,1.14
2017-09-29,1.04
2017-09-30,1.09
2017-10-01,1.14
2017-10-02,1.04
2017-10-03,1.11
2017-10-04,1.04
2017-10-05,1.06
2017-10-06,1.14
2017-10-07,1.06
2017-10-08,1.14
2017-10-09,1.14
2017-10-10,1.06
2017-10-11,1.09
2017-10-12,1.09
2017-10-13,1.19
2017-10-14,1.09
2017-10-15,1.14
2017-10-16,1.09
2017-10-17,1.09
2017-10-18,1.16
2017-10-19,1.16
2017-10-20,1.09
2017-10-21,1.09
2017-10-22,1.14
2017-10-23,1.11
2017-10-24,1.09
2017-10-25,1.14
2017-10-26,1.09
2017-10-27,1.14
2017-10-28,1.24
2017-10-29,1.28
2017-10-30,1.41
2017-10-31,1.48
2017-11-01,1.53
2017-11-02,1.58
2017-11-03,1.63
2017-11-04,1.65
2017-11-05,1.65
2017-11-06,1.68
2017-11-07,1.7
2017-11-08,1.7
2017-11-09,1.72
2017-11-10,1.72
2017-11-11,1.77
2017-11-12,1.77
2017-11-13,1.75
2017-11-14,1.77
2017-11-15,1.8
2017-11-16,1.8
2017-11-17,1.82
2017-11-18,1.82
2017-11-19,1.82
2017-11-20,1.82
2017-11-21,1.85
2017-11-22,1.87
2017-11-23,1.87
2017-11-24,1.87
2017-11-25,1.87
2017-11-26,1.85
2017-11-27,1.89
2017-11-28,1.89
2017-11-29,1.89
2017-11-30,1.92
2017-12-01,1.89
2017-12-02,1.87
2017-12-03,1.89
2017-12-04,1.89
2017-12-05,1.92
2017-12-06,1.92
2017-12-07,1.94
2017-12-08,1.94
2017-12-09,1.97
2017-12-10,2.04
2017-12-11,2.04
2017-12-12,1.94
2017-12-13,1.97
2017-12-14,2.02
2017-12-15,2.02
2017-12-16,1.97
2017-12-17,1.97
2017-12-18,1.99
2017-12-19,1.97
2017-12-20,1.99
2017-12-21,1.99
2017-12-22,1.99
2017-12-23,2.02
2017-12-24,2.04
2017-12-25,2.09
2017-12-26,2.11
2017-12-27,2.11
2017-12-28,2.07
2017-12-29,2.09
2017-12-30,2.09
2017-12-31,2.11
2018-01-01,2.11
2018-01-02,2.14
2018-01-03,2.14
2018-01-04,2.19
2018-01-05,2.21
2018-01-06,2.21
2018-01-07,2.21
2018-01-08,2.21
2018-01-09,2.24
2018-01-10,2.26
2018-01-11,2.24
2018-01-12,2.24
2018-01-13,2.29
2018-01-14,2.26
2018-01-15,2.29
2018-01-16,2.31
2018-01-17,2.31
2018-01-18,2.33
2018-01-19,2.33
2018-01-20,2.38
2018-01-21,2.38
2018-01-22,2.38
2018-01-23,2.41
2018-01-24,2.43
2018-01-25,2.46
2018-01-26,2.46
2018-01-27,2.46
2018-01-28,2.48
2018-01-29,2.51
2018-01-30,2.51
2018-01-31,2.55
2018-02-01,2.55
2018-02-02,2.53
2018-02-03,2.58
2018-02-04,2.55
2018-02-05,2.55
2018-02-06,2.55
2018-02-07,2.55
2018-02-08,2.53
2018-02-09,2.55
2018-02-10,2.55
2018-02-11,2.55
2018-02-12,2.55
2018-02-13,2.6
2018-02-14,2.6
2018-02-15,2.6
2018-02-16,2.63
2018-02-17,2.63
2018-02-18,2.68
2018-02-19,2.7
2018-02-20,2.7
2018-02-21,2.73
2018-02-22,2.73
2018-02-23,2.75
2018-02-24,2.73
2018-02-25,2.73
2018-02-26,2.7
2018-02-27,2.73
2018-02-28,2.77
2018-03-01,2.8
2018-03-02,2.8
2018-03-03,2.77
2018-03-04,2.75
2018-03-05,2.77
2018-03-06,2.8
2018-03-07,2.75
2018-03-08,2.77
2018-03-09,2.82
2018-03-10,2.82
2018-03-11,2.85
2018-03-12,2.82
2018-03-13,2.77
2018-03-14,2.87
2018-03-15,2.87
2018-03-16,2.85
2018-03-17,2.9
2018-03-18,2.9
2018-03-19,2.9
2018-03-20,2.9
2018-03-21,2.9
2018-03-22,2.97
2018-03-23,3.04
2018-03-24,3.04
2018-03-25,2.99
2018-03-26,2.92
2018-03-27,2.97
2018-03-28,2.99
2018-03-29,3.04
2018-03-30,3.07
2018-03-31,3.07
2018-04-01,3.07
2018-04-02,3.12
2018-04-03,3.12
2018-04-04,3.12
2018-04-05,3.07
2018-04-06,3.12
2018-04-07,3.12
2018-04-08,3.14
2018-04-09,3.17
2018-04-10,3.19
2018-04-11,3.21
2018-04-12,3.24
2018-04-13,3.24
2018-04-16,3.21
2018-04-17,3.21
2018-04-18,3.21
2018-04-19,3.21
2018-04-20,3.21
2018-04-21,3.21
2018-04-22,3.21
2018-04-23,3.17
2018-04-24,3.19
2018-04-25,3.17
2018-04-26,3.17
2018-04-27,3.17
2018-04-28,3.17
2018-04-29,3.19
2018-04-30,3.17
2018-05-01,3.12
2018-05-02,3.14
2018-05-03,3.12
2018-05-04,3.09
2018-05-05,3.12
2018-05-06,3.09
2018-05-07,3.12
2018-05-08,3.12
2018-05-09,3.09
2018-05-10,3.09
2018-05-11,3.07
2018-05-12,3.07
2018-05-13,3.07
2018-05-14,3.07
2018-05-15,3.07
2018-05-16,3.04
2018-05-17,3.04
2018-05-18,3.04
2018-05-19,3.04
2018-05-20,3.07
2018-05-21,3.04
2018-05-22,3.04
2018-05-23,3.02
2018-05-24,3.02
2018-05-25,2.99
2018-05-26,2.99
2018-05-27,2.97
2018-05-28,2.97
2018-05-29,2.97
2018-05-30,2.97
2018-05-31,2.97
2018-06-01,2.95
2018-06-02,2.97
2018-06-03,2.97
2018-06-04,2.99
2018-06-05,2.99
2018-06-06,2.97
2018-06-07,2.97
2018-06-08,2.97
2018-06-09,2.95
2018-06-10,2.95
2018-06-11,2.95
2018-06-12,2.95
2018-06-13,2.92
2018-06-14,2.92
2018-06-15,2.92
2018-06-16,2.92
2018-06-17,2.92
2018-06-18,2.9
2018-06-19,2.9
2018-06-20,-2.75
2018-06-21,-3.02
2018-06-22,-3.19
2018-06-23,-3.29
2018-06-24,2.04
2018-06-25,-3.36
2018-06-26,-3.43
2018-06-27,1.94
2018-06-28,-3.46
2018-06-29,-3.51
2018-06-30,-3.55
2018-07-01,1.82
2018-07-02,-3.6
2018-07-03,-3.65
2018-07-04,-3.7
2018-07-05,-3.75
2018-07-06,-3.77
2018-07-07,-3.82
2018-07-08,-3.85
2018-07-09,-3.9
2018-07-10,-3.92
2018-07-11,-3.95
2018-07-12,-3.97
2018-07-13,-3.99
2018-07-14,-4.02
2018-07-15,-4.04
2018-07-16,-4.07
2018-07-17,-4.12
2018-07-18,-4.12
2018-07-19,1.31
2018-07-20,1.38
2018-07-21,-4.17
2018-07-22,-4.19
2018-07-23,-4.21
2018-07-24,-4.24
2018-07-25,-4.26
2018-07-26,-4.29
2018-07-27,-4.31
2018-07-28,-4.34
2018-07-29,-4.36
2018-07-30,-4.39
2018-07-31,-4.43
2018-08-01,1.26
2018-08-02,-4.43
2018-08-03,1.16
2018-08-04,1.14
2018-08-05,1.11
2018-08-06,1.11
2018-08-07,1.14
2018-08-08,-4.46
2018-08-09,1.14
2018-08-10,1.11
2018-08-11,1.09
2018-08-12,1.09
2018-08-13,1.09
2018-08-14,1.09
2018-08-15,1.09
2018-08-16,1.09
2018-08-17,1.11
2018-08-18,1.09
2018-08-19,1.09
2018-08-20,1.14
2018-08-21,1.26
2018-08-22,1.09
2018-08-23,1.09
2018-08-24,1.11
2018-08-25,1.09
2018-08-26,1.09
2018-08-27,1.19
2018-08-28,1.26
2018-08-29,1.19
2018-08-30,1.19
2018-08-31,1.19
2018-09-01,1.19
2018-09-02,1.24
2018-09-03,1.19
2018-09-04,1.19
2018-09-05,1.19
2018-09-06,1.19
2018-09-07,1.19
2018-09-08,1.16
2018-09-09,1.19
2018-09-10,1.19
2018-09-11,1.19
2018-09-12,1.19
2018-09-13,1.19
2018-09-17,1.38
2018-09-18,1.48
2018-09-19,1.53
2018-09-20,1.6
2018-09-21,1.63
2018-09-22,1.68
2018-09-23,1.68
2018-09-24,1.7
2018-09-25,1.72
2018-09-26,1.75
2018-09-27,1.77
2018-09-28,1.77
2018-09-29,1.8
2018-09-30,1.8
2018-10-01,1.8
2018-10-02,1.8
2018-10-03,1.82
2018-10-04,1.85
2018-10-05,1.85
2018-10-06,1.87
2018-10-07,1.85
2018-10-08,1.87
2018-10-09,1.87
2018-10-10,1.89
2018-10-11,1.89
2018-10-12,1.89
2018-10-13,1.92
2018-10-14,1.92
2018-10-15,1.92
2018-10-16,1.89
2018-10-17,1.92
2018-10-18,1.92
2018-10-19,1.92
2018-10-20,1.92
2018-10-21,1.92
2018-10-22,1.92
2018-10-23,1.92
2018-10-24,1.94
2018-10-25,1.94
2018-10-26,1.97
2018-10-27,1.97
2018-10-28,1.99
2018-10-29,1.99
2018-10-30,1.99
2018-10-31,1.99
2018-11-01,1.97
2018-11-02,1.94
2018-11-03,1.99
2018-11-04,2.02
2018-11-05,2.02
2018-11-06,2.02
2018-11-07,2.02
2018-11-08,2.02
2018-11-09,2.04
2018-11-10,2.04
2018-11-11,2.04
2018-11-12,2.02
2018-11-13,2.02
2018-11-14,2.04
2018-11-15,2.04
2018-11-16,2.04
2018-11-17,2.07
2018-11-18,2.07
2018-11-19,2.09
2018-11-20,2.09
2018-11-21,2.07
2018-11-22,2.07
2018-11-23,2.09
2018-11-24,2.11
2018-11-25,2.11
2018-11-26,2.07
2018-11-27,2.09
2018-11-28,2.09
2018-11-29,2.11
2018-11-30,2.09
2018-12-01,2.11
2018-12-02,2.14
2018-12-03,2.14
2018-12-04,2.16
2018-12-05,2.16
2018-12-06,2.16
2018-12-07,2.19
2018-12-08,2.19
2018-12-09,2.19
2018-12-10,2.19
2018-12-11,2.21
2018-12-12,2.24
2018-12-13,2.24
2018-12-14,2.19
2018-12-15,2.24
2018-12-16,2.26
2018-12-17,2.24
2018-12-18,2.29
2018-12-19,2.29
2018-12-20,2.29
2018-12-21,2.31
2018-12-22,2.31
2018-12-23,2.33
2018-12-24,2.33
2018-12-25,2.36
2018-12-26,2.38
2018-12-27,2.38
2018-12-28,2.36
2018-12-29,2.36
2018-12-30,2.38
2018-12-31,2.38
2019-01-01,2.38
2019-01-02,2.38
2019-01-03,2.38
2019-01-04,2.38
2019-01-05,2.38
2019-01-06,2.38
2019-01-07,2.41
2019-01-08,2.41
2019-01-09,2.43
2019-01-10,2.41
2019-01-11,2.41
2019-01-12,2.43
2019-01-13,2.43
2019-01-14,2.43
2019-01-15,2.46
2019-01-16,2.46
2019-01-17,2.43
2019-01-18,2.46
2019-01-19,2.48
2019-01-20,2.43
2019-01-21,2.43
2019-01-22,2.51
2019-01-23,2.51
2019-01-24,2.48
2019-01-25,2.46
2019-01-26,2.53
2019-01-27,2.53
2019-01-28,2.51
2019-01-29,2.6
2019-01-30,2.58
2019-01-31,2.63
2019-02-01,2.63
2019-02-02,2.55
2019-02-03,2.53
2019-02-04,2.6
2019-02-05,2.6
2019-02-06,2.65
2019-02-07,2.65
2019-02-08,2.68
2019-02-09,2.68
2019-02-10,2.68
2019-02-11,2.6
2019-02-12,2.65
2019-02-13,2.65
2019-02-14,2.68
2019-02-15,2.68
2019-02-16,2.7
2019-02-17,2.7
2019-02-18,2.68
2019-02-19,2.68
2019-02-20,2.68
2019-02-21,2.68
2019-02-22,2.68
2019-02-23,2.68
2019-02-24,2.68
2019-02-25,2.7
2019-02-26,2.68
2019-02-27,2.7
2019-02-28,2.68
2019-03-01,2.7
2019-03-02,2.7
2019-03-03,2.73
2019-03-04,2.7
2019-03-05,2.73
2019-03-06,2.75
2019-03-07,2.73
2019-03-08,2.68
2019-03-09,2.68
2019-03-10,2.68
2019-03-11,2.7
2019-03-12,2.75
2019-03-13,2.73
2019-03-14,2.73
2019-03-15,2.73
2019-03-16,2.77
2019-03-17,2.75
2019-03-18,2.7
2019-03-19,2.7
2019-03-20,2.7
2019-03-21,2.73
2019-03-22,2.73
2019-03-23,2.73
2019-03-24,2.73
2019-03-25,2.73
2019-03-26,2.73
2019-03-27,2.7
2019-03-28,2.73
2019-03-29,2.75
2019-03-30,2.73
2019-03-31,2.75
2019-04-01,2.75
2019-04-02,2.75
2019-04-03,2.77
2019-04-04,2.77
2019-04-05,2.77
2019-04-06,2.77
2019-04-07,2.75
2019-04-08,2.73
2019-04-09,2.73
2019-04-10,2.73
2019-04-11,2.7
2019-04-12,2.7
2019-04-13,2.7
2019-04-14,2.7
2019-04-15,2.75
2019-04-16,2.73
2019-04-18,2.73
2019-04-19,2.7
2019-04-20,2.73
2019-04-21,2.73
2019-04-22,2.8
2019-04-23,2.8
2019-04-24,2.77
2019-04-25,2.77
2019-04-26,2.75
2019-04-27,2.7
2019-04-28,2.73
2019-04-29,2.75
2019-04-30,2.75
2019-05-01,2.75
2019-05-02,2.75
2019-05-03,2.77
2019-05-04,2.75
2019-05-05,2.75
2019-05-06,2.75
2019-05-07,2.8
2019-05-08,2.8
2019-05-09,2.8
2019-05-10,2.75
2019-05-11,2.75
2019-05-12,2.7
2019-05-13,2.73
2019-05-14,2.75
2019-05-15,2.75
2019-05-16,2.77
2019-05-17,2.77
2019-05-18,2.77
2019-05-19,2.75
2019-05-20,2.75
2019-05-21,2.73
2019-05-22,2.73
2019-05-23,2.75
2019-05-24,2.73
2019-05-25,2.7
2019-05-26,2.73
2019-05-27,2.75
2019-05-28,2.73
2019-05-29,2.7
2019-05-30,2.7
2019-05-31,2.7
2019-06-01,2.73
2019-06-02,2.73
2019-06-03,2.7
2019-06-04,2.73
2019-06-05,2.7
2019-06-06,2.75
2019-06-07,2.73
2019-06-08,2.65
2019-06-09,2.68
2019-06-10,2.7
2019-06-11,2.73
2019-06-12,2.7
2019-06-13,2.7
2019-06-14,2.7
2019-06-15,2.68
2019-06-16,2.68
2019-06-17,2.68
2019-06-18,-2.79
2019-06-19,2.19
2019-06-20,2.14
2019-06-21,1.92
2019-06-22,-3.53
2019-06-23,1.72
2019-06-24,-3.65
2019-06-25,-3.69
2019-06-26,-3.75
2019-06-27,-3.79
2019-06-28,-3.81
2019-06-29,1.53
2019-06-30,-3.89
2019-07-01,-3.95
2019-07-02,-4.01
2019-07-03,-4.03
2019-07-04,-4.09
2019-07-05,-4.11
2019-07-06,-4.13
2019-07-07,-4.19
2019-07-08,1.26
2019-07-09,-1.43
2019-07-10,-4.29
2019-07-11,-4.31
2019-07-12,-4.35
2019-07-13,-4.39
2019-07-14,-4.31
2019-07-15,-4.43
2019-07-16,1.24
2019-07-17,-4.39
2019-07-18,1.14
2019-07-19,1.21
2019-07-20,1.14
2019-07-21,1.19
2019-07-22,1.19
2019-07-23,1.19
2019-07-24,1.16
2019-07-25,1.19
2019-07-26,1.24
2019-07-27,1.24
2019-07-28,1.16
2019-07-29,1.19
2019-07-30,1.16
2019-07-31,1.16
2019-08-01,1.19
2019-08-02,1.16
2019-08-03,1.16
2019-08-04,1.16
2019-08-05,1.21
2019-08-06,1.16
2019-08-07,1.14
2019-08-08,1.19
2019-08-09,1.16
2019-08-10,1.14
2019-08-11,1.16
2019-08-12,1.16
2019-08-13,1.14
2019-08-14,1.16
2019-08-15,1.14
2019-08-16,1.16
2019-08-17,1.14
2019-08-18,1.16
2019-08-19,1.14
2019-08-20,1.14
2019-08-21,1.14
2019-08-22,1.14
2019-08-23,1.14
2019-08-24,0.75
2019-08-25,0.72
2019-08-26,1.16
2019-08-27,1.28
2019-08-28,1.14
2019-08-29,1.16
2019-08-30,1.14
2019-08-31,1.14
2019-09-01,1.14
2019-09-02,1.14
2019-09-03,1.14
2019-09-04,1.14
2019-09-05,1.14
2019-09-06,1.14
2019-09-07,1.14
2019-09-08,1.14
2019-09-09,1.14
2019-09-10,1.14
2019-09-11,1.14
2019-09-12,1.16
2019-09-13,1.14
2019-09-14,1.14
2019-09-15,1.14
2019-09-16,1.31
2019-09-17,1.41
2019-09-18,1.48
2019-09-19,1.53
2019-09-20,1.58
2019-09-21,1.63
2019-09-22,1.63
2019-09-23,1.68
2019-09-24,1.68
2019-09-25,1.7
2019-09-26,1.7
2019-09-27,1.72
2019-09-28,1.75
2019-09-29,1.75
2019-09-30,1.77
2019-10-01,1.8
2019-10-02,1.8
2019-10-03,1.8
2019-10-04,1.82
2019-10-05,1.82
2019-10-06,1.82
2019-10-07,1.85
2019-10-08,1.85
2019-10-09,1.85
2019-10-10,1.85
2019-10-11,1.87
2019-10-12,1.89
2019-10-13,1.89
2019-10-14,1.89
2019-10-15,1.89
2019-10-16,1.92
2019-10-17,1.92
2019-10-18,1.94
2019-10-19,1.94
2019-10-20,1.94
2019-10-21,1.94
2019-10-22,1.97
2019-10-23,1.99
2019-10-24,1.97
2019-10-25,1.97
2019-10-26,1.99
2019-10-27,1.99
2019-10-28,2.02
2019-10-29,1.99
2019-10-30,2.02
2019-10-31,2.02
2019-11-01,2.07
2019-11-02,2.11
2019-11-03,2.16
2019-11-04,2.14
2019-11-05,2.14
2019-11-06,2.19
2019-11-07,2.21
2019-11-08,2.19
2019-11-09,2.24
2019-11-10,2.24
2019-11-11,2.26
2019-11-12,2.31
2019-11-13,2.36
2019-11-14,2.36
2019-11-15,2.36
2019-11-16,2.38
2019-11-17,2.38
2019-11-18,2.38
2019-11-19,2.41
2019-11-20,2.46
2019-11-21,2.46
2019-11-22,2.53
2019-11-23,2.51
2019-11-24,2.48
2019-11-25,2.51
2019-11-26,2.58
2019-11-27,2.58
2019-11-28,2.58
2019-11-29,2.6
2019-11-30,2.68
2019-12-01,2.7
2019-12-02,2.65
2019-12-03,2.7
2019-12-04,2.73
2019-12-05,2.68
2019-12-06,2.7
2019-12-07,2.68
2019-12-08,2.7
2019-12-09,2.7
2019-12-10,2.75
2019-12-11,2.77
2019-12-12,2.9
2019-12-13,2.87
2019-12-14,2.9
2019-12-15,2.95
2019-12-16,3.02
2019-12-17,2.99
2019-12-18,2.99
2019-12-19,3.07
2019-12-20,3.07
2019-12-21,3.09
2019-12-22,3.02
2019-12-23,3.02
2019-12-24,3.07
2019-12-25,3.09
2019-12-27,3.09
2019-12-28,3.09
2019-12-29,3.12
2019-12-30,3.12
2019-12-31,3.12
2020-01-01,3.12
2020-01-02,3.12
2020-01-03,3.12
2020-01-04,3.09
2020-01-05,3.14
2020-01-06,3.14
2020-01-07,3.14
2020-01-08,3.14
2020-01-09,3.19
2020-01-10,3.12
2020-01-11,3.19
2020-01-12,3.17
2020-01-13,3.21
2020-01-14,3.21
2020-01-15,3.21
2020-01-16,3.21
2020-01-17,3.19
2020-01-18,3.19
2020-01-19,3.14
2020-01-20,3.17
2020-01-21,3.19
2020-01-22,3.21
2020-01-23,3.21
2020-01-24,3.21
2020-01-25,3.21
2020-01-26,3.21
2020-01-27,3.26
2020-01-28,3.24
2020-01-29,3.26
2020-01-30,3.31
2020-01-31,3.34
2020-02-01,3.36
2020-02-02,3.39
2020-02-03,3.43
2020-02-04,3.39
2020-02-05,3.41
2020-02-06,3.46
2020-02-07,3.46
2020-02-08,3.43
2020-02-09,3.46
2020-02-10,3.43
2020-02-11,3.41
2020-02-12,3.43
2020-02-13,3.46
2020-02-14,3.39
2020-02-15,3.41
2020-02-16,3.41
2020-02-17,3.39
2020-02-18,3.36
2020-02-19,3.39
2020-02-20,3.41
2020-02-21,3.36
2020-02-22,3.36
2020-02-23,3.39
2020-02-24,3.43
2020-02-25,3.43
2020-02-26,3.41
2020-02-27,3.46
2020-02-28,3.46
2020-02-29,3.48
2020-03-01,3.53
2020-03-02,3.58
2020-03-03,3.61
2020-03-04,3.7
2020-03-05,3.85
2020-03-06,3.83
2020-03-07,3.83
2020-03-08,3.87
2020-03-09,3.85
2020-03-10,3.87
2020-03-11,3.87
2020-03-12,3.87
2020-03-13,3.87
2020-03-14,3.85
2020-03-15,3.9
2020-03-16,3.87
2020-03-17,3.78
2020-03-18,3.83
2020-03-19,3.85
2020-03-20,3.83
2020-03-21,3.83
2020-03-22,3.8
2020-03-23,3.78
2020-03-24,3.78
2020-03-25,3.75
2020-03-26,3.75
2020-03-27,3.73
2020-03-28,3.7
2020-03-29,3.68
2020-03-30,3.68
2020-03-31,3.68
2020-04-01,3.68
2020-04-02,3.65
2020-04-03,3.63
2020-04-04,3.65
2020-04-05,3.63
2020-04-06,3.61
2020-04-07,3.58
2020-04-08,3.58
2020-04-09,3.58
2020-04-10,3.56
2020-04-11,3.56
2020-04-12,3.61
2020-04-13,3.58
2020-04-14,3.53
2020-04-15,3.53
2020-04-16,3.53
2020-04-17,3.51
2020-04-18,3.48
2020-04-19,3.51
2020-04-20,3.51
2020-04-21,3.48
2020-04-22,3.46
2020-04-23,3.41
2020-04-24,3.43
2020-04-25,3.46
2020-04-26,3.46
2020-04-27,3.43
2020-04-28,3.41
2020-04-29,3.41
2020-04-30,3.41
2020-05-01,3.41
2020-05-02,3.39
2020-05-03,3.39
2020-05-04,3.43
2020-05-05,3.41
2020-05-06,3.36
2020-05-07,3.39
2020-05-08,3.39
2020-05-09,3.41
2020-05-10,3.43
2020-05-11,3.43
2020-05-13,3.73
2020-05-14,3.73
2020-05-15,3.73
2020-05-16,3.68
2020-05-17,3.68
2020-05-18,3.68
2020-05-19,3.68
2020-05-20,3.65
2020-05-21,3.63
2020-05-22,3.63
2020-05-23,3.58
2020-05-24,3.56
2020-05-25,3.58
2020-05-26,3.58
2020-05-27,3.58
2020-05-28,3.61
2020-05-29,3.61
2020-05-30,3.61
2020-05-31,3.61
2020-06-01,3.58
2020-06-02,3.58
2020-06-03,3.61
2020-06-04,3.61
2020-06-05,3.58
2020-06-06,3.56
2020-06-07,3.53
2020-06-08,3.51
2020-06-09,3.51
2020-06-10,3.53
2020-06-11,3.56
2020-06-12,3.58
2020-06-13,3.53
2020-06-14,3.48
2020-06-15,3.51
2020-06-16,3.51
2020-06-17,3.51
2020-06-18,3.51
2020-06-19,3.51
2020-06-20,2.68
2020-06-21,-2.55
2020-06-22,-2.65
2020-06-23,-2.69
2020-06-24,-2.71
2020-06-25,-2.77
2020-06-26,-2.81
2020-06-27,-2.85
2020-06-28,-2.89
2020-06-29,-2.91
2020-06-30,-2.93
2020-07-01,-2.93
2020-07-02,-2.96
2020-07-03,-2.99
2020-07-04,-3.01
2020-07-05,-3.03
2020-07-06,-3.07
2020-07-07,-3.07
2020-07-08,-3.09
2020-07-09,-3.09
2020-07-10,-3.11
2020-07-11,-3.15
2020-07-12,-3.15
2020-07-13,-3.19
2020-07-14,-3.21
2020-07-15,-3.23
2020-07-16,-3.23
2020-07-17,-3.29
2020-07-18,-3.31
2020-07-19,-3.33
2020-07-20,-3.35
2020-07-21,-3.37
2020-07-22,-3.43
2020-07-23,-3.45
2020-07-24,-3.51
2020-07-25,-3.53
2020-07-26,1.92
2020-07-27,-3.51
2020-07-28,-3.59
2020-07-29,-3.65
2020-07-30,-3.67
2020-07-31,-3.69
2020-08-01,-3.75
2020-08-02,-3.77
2020-08-03,-3.79
2020-08-04,-3.85
2020-08-05,-3.87
2020-08-06,-3.87
2020-08-07,-3.91
2020-08-08,-3.95
2020-08-09,-3.95
2020-08-10,-3.97
2020-08-11,-4.01
2020-08-12,1.48
2020-08-13,-4.01
2020-08-14,-4.07
2020-08-15,-4.09
2020-08-16,-4.09
2020-08-17,-3.85
2020-08-18,-4.13
2020-08-19,-4.13
2020-08-20,-4.13
2020-08-21,-4.19
2020-08-22,1.11
2020-08-23,-4.21
2020-08-24,-4.21
2020-08-25,-4.21
2020-08-26,-4.23
2020-08-27,-4.23
2020-08-28,-4.23
2020-08-29,-4.25
2020-08-30,-4.29
2020-08-31,-4.31
2020-09-01,-4.31
2020-09-02,-4.31
2020-09-03,1.26
2020-09-04,-4.33
2020-09-05,-4.33
2020-09-06,1.36
2020-09-07,-4.33
2020-09-08,-4.35
2020-09-09,-4.39
2020-09-10,-4.39
2020-09-11,-4.39
2020-09-12,-4.43
2020-09-13,-4.43
2020-09-14,1.41
2020-09-15,-4.39
2020-09-16,1.58
2020-09-17,1.77
2020-09-18,1.89
2020-09-19,1.97
2020-09-20,2.02
2020-09-21,2.09
2020-09-22,2.14
2020-09-23,2.16
2020-09-24,2.19
2020-09-25,2.21
2020-09-26,2.24
2020-09-27,2.26
2020-09-28,2.26
2020-09-29,2.29
2020-09-30,2.31
2020-10-01,2.38
2020-10-02,2.41
2020-10-03,2.43
2020-10-04,2.41
2020-10-05,2.41
2020-10-06,2.41
2020-10-07,2.41
2020-10-08,2.43
2020-10-09,2.43
2020-10-10,2.43
2020-10-11,2.46
2020-10-12,2.51
2020-10-13,2.51
2020-10-14,2.51
2020-10-15,2.51
2020-10-16,2.51
2020-10-17,2.53
2020-10-18,2.53
2020-10-19,2.58
2020-10-20,2.6
2020-10-21,2.6
2020-10-22,2.55
2020-10-23,2.55
2020-10-24,2.6
2020-10-25,2.6
2020-10-26,2.6
2020-10-27,2.63
2020-10-28,2.63
2020-10-29,2.63
2020-10-30,2.65
2020-10-31,2.68
2020-11-01,2.68
2020-11-02,2.68
2020-11-03,2.65
2020-11-04,2.65
2020-11-05,2.65
2020-11-06,2.68
2020-11-07,2.68
2020-11-08,2.68
2020-11-09,2.68
2020-11-10,2.65
2020-11-11,2.7
2020-11-12,2.7
2020-11-13,2.7
2020-11-14,2.73
2020-11-15,2.73
2020-11-16,2.7
2020-11-17,2.73
2020-11-18,2.73
2020-11-19,2.73
2020-11-20,2.7
2020-11-21,2.73
2020-11-22,2.75
2020-11-23,2.75
2020-11-24,2.77
2020-11-25,2.77
2020-11-26,2.77
2020-11-27,2.77
2020-11-28,2.77
2020-11-29,2.77
2020-11-30,2.73
2020-12-01,2.75
2020-12-02,2.8
2020-12-03,2.9
2020-12-04,2.87
2020-12-05,2.87
2020-12-06,2.87
2020-12-07,2.92
2020-12-08,2.9
2020-12-09,2.9
2020-12-10,2.92
2020-12-11,2.97
2020-12-12,2.97
2020-12-13,2.99
2020-12-14,3.02
2020-12-15,3.02
2020-12-16,3.02
2020-12-17,3.02
2020-12-18,3.09
2020-12-19,3.09
2020-12-20,3.07
2020-12-21,3.07
2020-12-22,3.12
2020-12-23,3.12
2020-12-24,3.12
2020-12-25,3.09
2020-12-26,3.14
2020-12-27,3.26
2020-12-28,3.26
2020-12-29,3.21
2020-12-30,3.24
2020-12-31,3.26
2021-01-01,3.26
2021-01-02,3.29
2021-01-03,3.31
2021-01-04,3.31
2021-01-05,3.31
2021-01-06,3.29
2021-01-07,3.29
2021-01-08,3.29
2021-01-09,3.29
2021-01-10,3.29
2021-01-11,3.26
2021-01-12,3.26
2021-01-13,3.26
2021-01-14,3.29
2021-01-15,3.29
2021-01-16,3.29
2021-01-17,3.29
2021-01-18,3.29
2021-01-19,3.36
2021-01-20,3.39
2021-01-21,3.36
2021-01-22,3.36
2021-01-23,3.36
2021-01-24,3.36
2021-01-25,3.36
2021-01-26,3.34
2021-01-27,3.36
2021-01-28,3.43
2021-01-29,3.46
2021-01-30,3.56
2021-01-31,3.58
2021-02-01,3.58
2021-02-02,3.63
2021-02-03,3.65
2021-02-04,3.7
2021-02-05,3.73
2021-02-06,3.75
2021-02-07,3.78
2021-02-08,3.78
2021-02-09,3.8
2021-02-10,3.8
2021-02-11,3.73
2021-02-12,3.75
2021-02-13,3.78
2021-02-14,3.83
2021-02-15,3.83
2021-02-16,3.83
2021-02-17,3.85
2021-02-18,3.85
2021-02-19,3.85
2021-02-20,3.85
2021-02-21,3.83
2021-02-22,3.8
2021-02-23,3.73
2021-02-24,3.75
2021-02-25,3.75
2021-02-26,3.73
2021-02-27,3.73
2021-02-28,3.75
2021-03-01,3.75
2021-03-02,3.75
2021-03-03,3.73
2021-03-04,3.73
2021-03-05,3.73
2021-03-06,3.7
2021-03-07,3.7
2021-03-08,3.73
2021-03-09,3.68
2021-03-10,3.7
2021-03-11,3.7
2021-03-12,3.68
2021-03-13,3.68
2021-03-14,3.68
2021-03-15,3.65
2021-03-16,3.63
2021-03-17,3.63
2021-03-18,3.65
2021-03-19,3.65
2021-03-20,3.63
2021-03-21,3.63
2021-03-22,3.61
2021-03-23,3.61
2021-03-24,3.61
2021-03-25,3.61
2021-03-26,3.61
2021-03-27,3.58
2021-03-28,3.56
2021-03-29,3.58
2021-03-30,3.58
2021-03-31,3.61
2021-04-01,3.61
2021-04-02,3.61
2021-04-03,3.56
2021-04-04,3.56
2021-04-05,3.56
2021-04-06,3.56
2021-04-07,3.53
2021-04-08,3.53
2021-04-09,3.53
2021-04-10,3.56
2021-04-11,3.56
2021-04-12,3.46
2021-04-13,3.48
2021-04-14,3.48
2021-04-15,3.48
2021-04-16,3.48
2021-04-17,3.46
2021-04-18,3.46
2021-04-19,3.48
2021-04-20,3.48
2021-04-21,3.48
2021-04-22,3.46
2021-04-23,3.43
2021-04-24,3.43
2021-04-25,3.43
2021-04-26,3.46
2021-04-27,3.46
2021-04-28,3.46
2021-04-29,3.43
2021-04-30,3.41
2021-05-01,3.41
2021-05-02,3.39
2021-05-03,3.39
2021-05-04,3.41
2021-05-05,3.41
2021-05-06,3.41
2021-05-08,3.43
2021-05-09,3.43
2021-05-10,3.41
2021-05-11,3.36
2021-05-12,3.39
2021-05-13,3.39
2021-05-14,3.39
2021-05-15,3.39
2021-05-16,3.39
2021-05-17,3.37
2021-05-18,3.34
2021-05-19,3.34
2021-05-20,3.37
2021-05-21,3.37
2021-05-22,3.37
2021-05-23,3.34
2021-05-24,3.34
2021-05-25,3.32
2021-05-26,3.32
2021-05-27,3.34
2021-05-28,3.34
2021-05-29,3.32
2021-05-30,3.32
2021-05-31,3.32
2021-06-01,3.32
2021-06-02,3.32
2021-06-03,3.27
2021-06-04,3.27
2021-06-05,3.24
2021-06-06,3.24
2021-06-07,3.24
2021-06-08,3.24
2021-06-09,3.22
2021-06-10,3.22
2021-06-11,3.22
2021-06-12,3.2
2021-06-13,3.17
2021-06-14,3.17
2021-06-15,3.17
2021-06-16,3.17
2021-06-17,-2.62
2021-06-18,-2.86
2021-06-19,-2.98
2021-06-20,-3.04
2021-06-21,-3.08
2021-06-22,-3.12
2021-06-23,-3.2
2021-06-24,-3.26
2021-06-25,-3.28
2021-06-26,-3.28
2021-06-27,2.0
2021-06-28,-3.32
2021-06-29,2.0
2021-06-30,-2.94
2021-07-01,-3.32
2021-07-02,-3.4
2021-07-03,-3.42
2021-07-04,-3.42
2021-07-05,-3.44
2021-07-06,-3.44
2021-07-07,-3.48
2021-07-08,-3.4
2021-07-09,-3.52
2021-07-10,-3.52
2021-07-11,-3.52
2021-07-12,-3.54
2021-07-13,-3.56
2021-07-14,-3.6
2021-07-15,-3.62
2021-07-16,-3.64
2021-07-17,-3.64
2021-07-18,-3.66
2021-07-19,-3.66
2021-07-20,-3.7
2021-07-21,-3.72
2021-07-22,-0.9
2021-07-23,1.46
2021-07-24,-2.16
2021-07-25,-2.16
2021-07-26,2.02
2021-07-27,-2.12
2021-07-28,2.05
2021-07-29,-2.16
2021-07-30,-2.2
2021-07-31,-2.22
2021-08-01,-2.24
2021-08-02,-2.3
2021-08-03,1.41
2021-08-04,-2.32
2021-08-05,-2.34
2021-08-06,-2.34
2021-08-07,-2.38
2021-08-08,-2.42
2021-08-09,-2.42
2021-08-10,-2.44
2021-08-11,-2.46
2021-08-12,-2.5
2021-08-13,-2.52
2021-08-14,-2.52
2021-08-15,-2.54
2021-08-16,-2.56
2021-08-17,-2.6
2021-08-18,-2.6
2021-08-19,-2.6
2021-08-20,-2.62
2021-08-21,-2.62
2021-08-22,-2.62
2021-08-23,-2.64
2021-08-24,-2.64
2021-08-25,-2.66
2021-08-26,-2.66
2021-08-27,-2.68
2021-08-28,-2.72
2021-08-29,-2.72
2021-08-30,-2.74
2021-08-31,-2.74
2021-09-01,-2.76
2021-09-02,-2.74
2021-09-03,-2.76
2021-09-04,-2.76
2021-09-05,-2.78
2021-09-06,-2.78
2021-09-07,-2.78
2021-09-08,-2.78
2021-09-09,-2.82
2021-09-10,-2.82
2021-09-11,-2.84
2021-09-12,-2.84
2021-09-13,-2.82
2021-09-14,-2.82
2021-09-15,-2.84
2021-09-16,-2.86
2021-09-17,-2.86
2021-09-18,-2.86
2021-09-19,-2.88
2021-09-20,-2.88
2021-09-21,-2.88
2021-09-22,-2.88
2021-09-23,-2.88
2021-09-24,-2.88
2021-09-25,-2.88
2021-09-26,-2.9
2021-09-27,-2.9
2021-09-28,-2.9
2021-09-29,-2.94
2021-09-30,-2.76
2021-10-01,-2.74
2021-10-02,-2.68
2021-10-03,-2.68
2021-10-04,-2.76
2021-10-05,-2.74
2021-10-06,-2.78
2021-10-07,-2.76
2021-10-08,-2.76
2021-10-09,-2.76
2021-10-10,-2.78
2021-10-11,-2.78
2021-10-12,-2.78
2021-10-13,-2.78
2021-10-14,-2.78
2021-10-15,1.49
2021-10-16,-2.72
2021-10-17,-2.74
2021-10-18,-2.76
2021-10-19,1.68
2021-10-20,1.85
2021-10-21,1.92
2021-10-22,1.97
2021-10-23,2.02
2021-10-24,2.07
2021-10-25,2.1
2021-10-26,2.12
2021-10-27,2.17
2021-10-28,2.22
2021-10-29,2.24
2021-10-30,2.27
2021-10-31,2.27
2021-11-01,2.29
2021-11-02,2.32
2021-11-03,2.29
2021-11-04,2.29
2021-11-05,2.29
2021-11-06,2.32
2021-11-07,2.34
2021-11-08,2.34
2021-11-09,2.36
2021-11-10,2.36
2021-11-11,2.36
2021-11-12,2.39
2021-11-13,2.39
2021-11-14,2.39
2021-11-15,2.39
2021-11-16,2.39
2021-11-17,2.39
2021-11-18,2.39
2021-11-19,2.41
2021-11-20,2.44
2021-11-21,2.46
2021-11-22,2.44
2021-11-23,2.44
2021-11-24,2.46
2021-11-25,2.46
2021-11-26,2.51
2021-11-27,2.51
2021-11-28,2.46
2021-11-29,2.44
2021-11-30,2.46
2021-12-01,2.51
2021-12-02,2.49
2021-12-03,2.51
2021-12-04,2.54
2021-12-05,2.54
2021-12-06,2.51
2021-12-07,2.58
2021-12-08,2.56
2021-12-09,2.58
2021-12-10,2.56
2021-12-11,2.54
2021-12-12,2.54
2021-12-13,2.54
2021-12-14,2.56
2021-12-15,2.56
2021-12-16,2.56
2021-12-17,2.54
2021-12-18,2.54
2021-12-19,2.58
2021-12-20,2.56
2021-12-21,2.56
2021-12-22,2.58
2021-12-23,2.58
2021-12-24,2.61
2021-12-25,2.61
2021-12-26,2.63
2021-12-27,2.63
2021-12-28,2.63
2021-12-29,2.61
2021-12-30,2.61
2021-12-31,2.63
2022-01-01,2.66
2022-01-02,2.66
2022-01-03,2.68
2022-01-04,2.68
2022-01-05,2.66
2022-01-06,2.63
2022-01-07,2.71
2022-01-08,2.71
2022-01-09,2.71
2022-01-10,2.71
2022-01-11,2.71
2022-01-12,2.68
2022-01-13,2.71
2022-01-14,2.76
2022-01-15,2.73
2022-01-16,2.73
2022-01-17,2.78
2022-01-18,2.73
2022-01-19,2.8
2022-01-20,2.78
2022-01-21,2.78
2022-01-22,2.78
2022-01-23,2.8
2022-01-24,2.76
2022-01-25,2.78
2022-01-26,2.78
2022-01-27,2.78
2022-01-28,2.8
2022-01-29,2.78
2022-01-30,2.78
2022-01-31,2.78
2022-02-01,2.8
2022-02-02,2.83
2022-02-03,2.85
2022-02-04,2.83
2022-02-05,2.78
2022-02-06,2.8
2022-02-07,2.8
2022-02-08,2.83
2022-02-09,2.83
2022-02-10,2.8
2022-02-11,2.83
2022-02-12,2.83
2022-02-13,2.88
2022-02-14,2.85
2022-02-15,2.85
2022-02-16,2.8
2022-02-17,2.88
2022-02-18,2.83
2022-02-19,2.85
2022-02-20,2.9
2022-02-21,2.9
2022-02-22,2.88
2022-02-23,2.93
2022-02-24,2.85
2022-02-25,2.85
2022-02-26,2.85
2022-02-27,2.85
2022-02-28,2.85
2022-03-01,2.9
2022-03-02,2.88
2022-03-03,2.9
2022-03-04,2.85
2022-03-05,2.88
2022-03-06,2.88
2022-03-07,2.9
2022-03-08,2.9
2022-03-09,2.88
2022-03-10,2.9
2022-03-11,2.9
2022-03-12,2.9
2022-03-13,2.9
2022-03-14,2.87
2022-03-15,2.87
2022-03-16,2.85
2022-03-17,2.85
2022-03-18,2.87
2022-03-19,2.87
2022-03-20,2.87
2022-03-21,2.87
2022-03-22,2.85
2022-03-23,2.85
2022-03-24,2.85
2022-03-25,2.85
2022-03-26,2.85
2022-03-27,2.85
2022-03-28,2.85
2022-03-29,2.85
2022-03-30,2.9
2022-03-31,2.9
2022-04-01,2.87
2022-04-02,2.82
2022-04-03,2.85
2022-04-04,2.85
2022-04-05,2.87
2022-04-06,2.87
2022-04-07,2.9
2022-04-08,2.9
2022-04-09,2.85
2022-04-10,2.9
2022-04-11,2.9
2022-04-12,2.9
2022-04-13,2.87
2022-04-14,2.85
2022-04-15,2.85
2022-04-16,2.85
2022-04-17,2.85
2022-04-18,2.87
2022-04-19,2.87
2022-04-20,2.9
2022-04-21,2.9
2022-04-22,2.92
2022-04-23,2.92
2022-04-24,2.9
2022-04-25,2.85
2022-04-26,2.85
2022-04-27,2.82
2022-04-28,2.8
2022-04-29,2.77
2022-04-30,2.77
2022-05-01,2.75
2022-05-02,2.75
2022-05-03,2.73
2022-05-04,2.7
2022-05-05,2.65
2022-05-06,2.65
2022-05-07,2.63
2022-05-08,2.63
2022-05-09,2.63
2022-05-10,2.63
2022-05-11,2.6
2022-05-12,2.58
2022-05-13,2.58
2022-05-14,2.6
2022-05-15,2.58
2022-05-16,2.55
2022-05-17,2.55
2022-05-18,2.55
2022-05-19,2.53
2022-05-20,2.53
2022-05-21,2.51
2022-05-22,2.55
2022-05-23,2.53
2022-05-24,2.48
2022-05-25,2.46
2022-05-26,2.46
2022-05-27,2.46
2022-05-28,2.51
2022-05-29,2.51
2022-05-30,2.51
2022-05-31,2.48
2022-06-01,2.48
2022-06-02,2.48
2022-06-03,2.48
2022-06-04,2.48
2022-06-05,2.48
2022-06-06,2.48
2022-06-07,2.48
2022-06-08,2.51
2022-06-09,2.48
2022-06-10,2.48
2022-06-11,2.48
2022-06-12,2.48
2022-06-13,2.51
2022-06-14,2.51
2022-06-15,2.51
2022-06-16,2.48
2022-06-17,2.48
2022-06-18,2.51
2022-06-19,2.53
2022-06-20,2.51
2022-06-21,2.48
2022-06-22,-1.91
2022-06-23,2.14
2022-06-24,-2.11
2022-06-25,-2.21
2022-06-26,-2.25
2022-06-27,-2.31
2022-06-28,-2.33
2022-06-29,-2.35
2022-06-30,-2.37
2022-07-01,-2.43
2022-07-02,-2.45
2022-07-03,-2.47
2022-07-04,-2.47
2022-07-05,-2.49
2022-07-06,-2.53
2022-07-07,-2.55
2022-07-08,-2.55
2022-07-09,-2.57
2022-07-10,-2.57
2022-07-11,-2.57
2022-07-12,-2.59
2022-07-13,-2.63
2022-07-14,-2.63
2022-07-15,-2.65
2022-07-16,-2.65
2022-07-17,-2.67
2022-07-18,-2.67
2022-07-19,-2.67
2022-07-20,-2.69
2022-07-21,-2.71
2022-07-22,-2.69
2022-07-23,-2.75
2022-07-24,-2.71
2022-07-25,-2.75
2022-07-26,-2.91
2022-07-27,-2.89
2022-07-28,-2.91
2022-07-29,-2.93
2022-07-30,-2.97
2022-07-31,-2.97
2022-08-01,-2.97
2022-08-02,-2.97
2022-08-03,-2.97
2022-08-04,-2.99
2022-08-05,-2.99
2022-08-06,-3.01
2022-08-07,-3.01
2022-08-08,-3.01
2022-08-09,-3.03
2022-08-10,-3.03
2022-08-11,-3.01
2022-08-12,-3.03
2022-08-16,1.36
2022-08-17,-3.07
2022-08-18,-3.11
2022-08-19,-3.11
2022-08-20,-3.11
2022-08-21,-3.13
2022-08-22,-3.13
2022-08-23,-3.13
2022-08-24,-3.13
2022-08-25,-3.15
2022-08-26,-3.15
2022-08-27,-3.15
2022-08-28,-3.19
2022-08-29,-3.19
2022-08-30,-3.19
2022-08-31,-3.21
2022-09-01,-3.21
2022-09-02,-3.21
2022-09-03,-3.21
2022-09-04,-3.23
2022-09-05,-3.23
2022-09-06,-3.25
2022-09-07,1.53
2022-09-08,1.65
2022-09-09,1.72
2022-09-10,1.8
2022-09-11,1.85
2022-09-12,1.89
2022-09-13,1.92
2022-09-14,1.94
2022-09-15,1.97
2022-09-16,1.97
2022-09-17,1.97
2022-09-18,1.99
2022-09-19,1.99
2022-09-20,2.02
2022-09-21,2.02
2022-09-22,2.04
2022-09-23,2.07
2022-09-24,2.07
2022-09-25,2.07
2022-09-26,2.09
2022-09-27,2.09
2022-09-28,2.11
2022-09-29,2.11
2022-09-30,2.09
2022-10-01,2.09
2022-10-02,2.09
2022-10-03,2.11
2022-10-04,2.11
2022-10-05,2.11
2022-10-06,2.11
2022-10-07,2.14
2022-10-08,2.14
2022-10-09,2.14
2022-10-10,2.16
2022-10-11,2.14
2022-10-12,2.14
2022-10-13,2.16
2022-10-14,2.16
2022-10-15,2.19
2022-10-16,2.19
2022-10-17,2.19
2022-10-18,2.19
2022-10-19,2.19
2022-10-20,2.21
2022-10-21,2.21
2022-10-22,2.21
2022-10-23,2.21
2022-10-24,2.19
2022-10-25,2.21
2022-10-26,2.21
2022-10-27,2.21
2022-10-28,2.21
2022-10-29,2.21
2022-10-30,2.21
2022-10-31,2.24
2022-11-01,2.21
2022-11-02,2.24
2022-11-03,2.24
2022-11-04,2.24
2022-11-05,2.24
2022-11-06,2.24
2022-11-07,2.26
2022-11-08,2.26
2022-11-09,2.26
2022-11-10,2.24
2022-11-11,2.24
2022-11-12,2.26
2022-11-13,2.26
2022-11-14,2.29
2022-11-15,2.29
2022-11-16,2.31
2022-11-17,2.29
2022-11-18,2.26
2022-11-19,2.26
2022-11-20,2.26
2022-11-21,2.31
2022-11-22,2.31
2022-11-23,2.33
2022-11-24,2.31
2022-11-25,2.29
2022-11-26,2.29
2022-11-27,2.33
2022-11-28,2.33
2022-11-29,2.31
2022-11-30,2.33
2022-12-01,2.33
2022-12-02,2.33
2022-12-03,2.36
2022-12-04,2.36
2022-12-05,2.33
2022-12-06,2.33
2022-12-07,2.36
2022-12-08,2.38
2022-12-09,2.38
2022-12-10,2.36
2022-12-11,2.36
2022-12-12,2.38
2022-12-13,2.38
2022-12-14,2.38
2022-12-15,2.38
2022-12-16,2.36
2022-12-17,2.33
2022-12-18,2.33
2022-12-19,2.36
2022-12-20,2.36
2022-12-21,2.36
2022-12-22,2.38
2022-12-23,2.38
2022-12-24,2.41
2022-12-25,2.41
2022-12-26,2.38
2022-12-27,2.38
2022-12-28,2.43
2022-12-29,2.43
2022-12-30,2.41
2022-12-31,2.41
2023-01-01,2.43
2023-01-02,2.41
2023-01-03,2.41
2023-01-04,2.41
2023-01-05,2.43
2023-01-06,2.46
2023-01-07,2.48
2023-01-08,2.51
2023-01-09,2.48
2023-01-10,2.48
2023-01-11,2.48
2023-01-12,2.51
2023-01-13,2.51
2023-01-14,2.53
2023-01-15,2.58
2023-01-16,2.6
2023-01-17,2.63
2023-01-18,2.6
2023-01-19,2.6
2023-01-20,2.58
2023-01-21,2.6
2023-01-22,2.6
2023-01-23,2.63
2023-01-24,2.63
2023-01-25,2.65
2023-01-26,2.65
2023-01-27,2.65
2023-01-28,2.65
2023-01-29,2.63
2023-01-30,2.63
2023-01-31,2.63
2023-02-01,2.63
2023-02-02,2.63
2023-02-03,2.63
2023-02-04,2.63
2023-02-05,2.63
2023-02-06,2.65
2023-02-07,2.65
2023-02-08,2.65
2023-02-09,2.65
2023-02-10,2.65
2023-02-11,2.65
2023-02-12,2.65
2023-02-13,2.65
2023-02-14,2.68
2023-02-15,2.68
